user_id,user_group,rank,item_id,score
400,Casual User,1,5306,4.7614875
400,Casual User,2,5300,4.7514114
400,Casual User,3,5303,4.7483263
400,Casual User,4,5302,4.7392883
400,Casual User,5,5298,4.7226477
400,Casual User,6,5194,4.4984703
400,Casual User,7,5201,4.4957457
400,Casual User,8,5427,4.495372
400,Casual User,9,5052,4.490843
400,Casual User,10,5203,4.4903684
401,Casual User,1,5306,4.761362
401,Casual User,2,5300,4.7512856
401,Casual User,3,5303,4.7481985
401,Casual User,4,5302,4.7391396
401,Casual User,5,5298,4.7225323
401,Casual User,6,5194,4.498679
401,Casual User,7,5201,4.4959292
401,Casual User,8,5427,4.495317
401,Casual User,9,5052,4.49121
401,Casual User,10,5203,4.490543
402,Casual User,1,5306,4.7617135
402,Casual User,2,5300,4.7516694
402,Casual User,3,5303,4.7485447
402,Casual User,4,5302,4.739547
402,Casual User,5,5298,4.7227983
402,Casual User,6,5194,4.4985557
402,Casual User,7,5201,4.4956656
402,Casual User,8,5427,4.495256
402,Casual User,9,5052,4.490622
402,Casual User,10,5203,4.49028
403,Casual User,1,5306,4.7597847
403,Casual User,2,5300,4.7496386
403,Casual User,3,5303,4.7467513
403,Casual User,4,5302,4.7376328
403,Casual User,5,5298,4.7210145
403,Casual User,6,5194,4.4980574
403,Casual User,7,5201,4.495358
403,Casual User,8,5427,4.493475
403,Casual User,9,5203,4.489896
403,Casual User,10,5101,4.4874916
404,Casual User,1,5306,4.7615166
404,Casual User,2,5300,4.7514844
404,Casual User,3,5303,4.7482553
404,Casual User,4,5302,4.739132
404,Casual User,5,5298,4.7226086
404,Casual User,6,5194,4.500517
404,Casual User,7,5201,4.4973593
404,Casual User,8,5427,4.4956293
404,Casual User,9,5052,4.4946365
404,Casual User,10,5101,4.49423
405,Casual User,1,5306,4.7644615
405,Casual User,2,5300,4.7545495
405,Casual User,3,5303,4.7510667
405,Casual User,4,5302,4.742161
405,Casual User,5,5298,4.72549
405,Casual User,6,5194,4.49962
405,Casual User,7,5427,4.498635
405,Casual User,8,5201,4.496703
405,Casual User,9,5101,4.4927483
405,Casual User,10,5203,4.4914236
406,Casual User,1,5306,4.761293
406,Casual User,2,5300,4.751262
406,Casual User,3,5303,4.748053
406,Casual User,4,5302,4.738914
406,Casual User,5,5298,4.722435
406,Casual User,6,5194,4.500372
406,Casual User,7,5201,4.4972825
406,Casual User,8,5427,4.495503
406,Casual User,9,5052,4.494175
406,Casual User,10,5101,4.4932733
407,Casual User,1,5306,4.761963
407,Casual User,2,5300,4.751954
407,Casual User,3,5303,4.748755
407,Casual User,4,5302,4.739742
407,Casual User,5,5298,4.7230587
407,Casual User,6,5194,4.49907
407,Casual User,7,5201,4.4961176
407,Casual User,8,5427,4.4957013
407,Casual User,9,5052,4.4914365
407,Casual User,10,5203,4.4907126
408,Casual User,1,5306,4.7627554
408,Casual User,2,5300,4.752812
408,Casual User,3,5303,4.7494297
408,Casual User,4,5302,4.7403917
408,Casual User,5,5298,4.7238226
408,Casual User,6,5194,4.5004387
408,Casual User,7,5201,4.497287
408,Casual User,8,5427,4.49689
408,Casual User,9,5052,4.494153
408,Casual User,10,5101,4.4935217
409,Casual User,1,5306,4.7603345
409,Casual User,2,5300,4.7502065
409,Casual User,3,5303,4.747235
409,Casual User,4,5302,4.738126
409,Casual User,5,5298,4.7214975
409,Casual User,6,5194,4.4986973
409,Casual User,7,5201,4.4958596
409,Casual User,8,5427,4.494056
409,Casual User,9,5052,4.491088
409,Casual User,10,5203,4.490446
410,Casual User,1,5306,4.76
410,Casual User,2,5300,4.7498665
410,Casual User,3,5303,4.7469234
410,Casual User,4,5302,4.7377887
410,Casual User,5,5298,4.7212048
410,Casual User,6,5194,4.4986553
410,Casual User,7,5201,4.4958534
410,Casual User,8,5427,4.493801
410,Casual User,9,5052,4.4908624
410,Casual User,10,5203,4.490409
411,Casual User,1,5306,4.7625175
411,Casual User,2,5300,4.752484
411,Casual User,3,5303,4.7492814
411,Casual User,4,5302,4.7402744
411,Casual User,5,5298,4.723709
411,Casual User,6,5194,4.4985776
411,Casual User,7,5427,4.4968166
411,Casual User,8,5201,4.4959846
411,Casual User,9,5052,4.4914103
411,Casual User,10,5203,4.4906445
412,Casual User,1,5306,4.761717
412,Casual User,2,5300,4.751522
412,Casual User,3,5303,4.748553
412,Casual User,4,5302,4.739488
412,Casual User,5,5298,4.7230296
412,Casual User,6,5194,4.4974465
412,Casual User,7,5427,4.496502
412,Casual User,8,5201,4.495376
412,Casual User,9,5203,4.490151
412,Casual User,10,5214,4.4850936
413,Casual User,1,5306,4.763476
413,Casual User,2,5300,4.7535768
413,Casual User,3,5303,4.750098
413,Casual User,4,5302,4.741114
413,Casual User,5,5298,4.724452
413,Casual User,6,5194,4.500748
413,Casual User,7,5201,4.4974165
413,Casual User,8,5427,4.4974136
413,Casual User,9,5101,4.494623
413,Casual User,10,5052,4.494615
414,Casual User,1,5306,4.7615476
414,Casual User,2,5300,4.751395
414,Casual User,3,5303,4.7483616
414,Casual User,4,5302,4.739285
414,Casual User,5,5298,4.7227497
414,Casual User,6,5194,4.4984517
414,Casual User,7,5201,4.495949
414,Casual User,8,5427,4.495885
414,Casual User,9,5101,4.490814
414,Casual User,10,5203,4.490677
415,Casual User,1,5306,4.76248
415,Casual User,2,5300,4.752474
415,Casual User,3,5303,4.749221
415,Casual User,4,5302,4.7402134
415,Casual User,5,5298,4.72357
415,Casual User,6,5194,4.499314
415,Casual User,7,5427,4.496439
415,Casual User,8,5201,4.496398
415,Casual User,9,5101,4.491436
415,Casual User,10,5203,4.491043
416,Casual User,1,5306,4.7617784
416,Casual User,2,5300,4.751645
416,Casual User,3,5303,4.7485886
416,Casual User,4,5302,4.7395377
416,Casual User,5,5298,4.722972
416,Casual User,6,5194,4.4983068
416,Casual User,7,5427,4.4960527
416,Casual User,8,5201,4.4958086
416,Casual User,9,5052,4.4916883
416,Casual User,10,5203,4.490532
417,Casual User,1,5306,4.7627683
417,Casual User,2,5300,4.7527876
417,Casual User,3,5303,4.749425
417,Casual User,4,5302,4.7403755
417,Casual User,5,5298,4.7238026
417,Casual User,6,5194,4.5006123
417,Casual User,7,5201,4.4974484
417,Casual User,8,5427,4.4969244
417,Casual User,9,5052,4.4950905
417,Casual User,10,5101,4.4950714
418,Casual User,1,5306,4.7604933
418,Casual User,2,5300,4.750373
418,Casual User,3,5303,4.747418
418,Casual User,4,5302,4.738349
418,Casual User,5,5298,4.7216797
418,Casual User,6,5194,4.4980288
418,Casual User,7,5201,4.495324
418,Casual User,8,5427,4.494147
418,Casual User,9,5203,4.4899006
418,Casual User,10,5052,4.4897175
419,Casual User,1,5306,4.763985
419,Casual User,2,5300,4.754062
419,Casual User,3,5303,4.7505927
419,Casual User,4,5302,4.7416105
419,Casual User,5,5298,4.725106
419,Casual User,6,5194,4.5000134
419,Casual User,7,5427,4.498583
419,Casual User,8,5201,4.497161
419,Casual User,9,5052,4.494089
419,Casual User,10,5101,4.4930105
420,Casual User,1,5306,4.7630353
420,Casual User,2,5300,4.753111
420,Casual User,3,5303,4.7496653
420,Casual User,4,5302,4.7406178
420,Casual User,5,5298,4.7240834
420,Casual User,6,5194,4.50097
420,Casual User,7,5201,4.4977264
420,Casual User,8,5427,4.4973
420,Casual User,9,5052,4.49528
420,Casual User,10,5101,4.494964
421,Casual User,1,5306,4.763253
421,Casual User,2,5300,4.753347
421,Casual User,3,5303,4.7499056
421,Casual User,4,5302,4.740929
421,Casual User,5,5298,4.7242274
421,Casual User,6,5194,4.5004787
421,Casual User,7,5201,4.497153
421,Casual User,8,5427,4.49704
421,Casual User,9,5052,4.493913
421,Casual User,10,5101,4.4938173
422,Casual User,1,5306,4.7626534
422,Casual User,2,5300,4.7526584
422,Casual User,3,5303,4.749385
422,Casual User,4,5302,4.740376
422,Casual User,5,5298,4.7237883
422,Casual User,6,5194,4.499233
422,Casual User,7,5427,4.4968214
422,Casual User,8,5201,4.496414
422,Casual User,9,5052,4.4922695
422,Casual User,10,5203,4.4910526
423,Casual User,1,5306,4.7629175
423,Casual User,2,5300,4.752899
423,Casual User,3,5303,4.7496095
423,Casual User,4,5302,4.7405987
423,Casual User,5,5298,4.724004
423,Casual User,6,5194,4.499556
423,Casual User,7,5427,4.497126
423,Casual User,8,5201,4.496695
423,Casual User,9,5101,4.4929094
423,Casual User,10,5203,4.491405
424,Casual User,1,5306,4.7614164
424,Casual User,2,5300,4.7513437
424,Casual User,3,5303,4.7482367
424,Casual User,4,5302,4.739176
424,Casual User,5,5298,4.7225494
424,Casual User,6,5194,4.498966
424,Casual User,7,5201,4.4961185
424,Casual User,8,5427,4.4952984
424,Casual User,9,5052,4.4917636
424,Casual User,10,5203,4.490742
425,Casual User,1,5306,4.761135
425,Casual User,2,5300,4.7509527
425,Casual User,3,5303,4.7479935
425,Casual User,4,5302,4.7388983
425,Casual User,5,5298,4.7224035
425,Casual User,6,5194,4.497971
425,Casual User,7,5201,4.495635
425,Casual User,8,5427,4.4955926
425,Casual User,9,5203,4.490349
425,Casual User,10,5101,4.489398
426,Casual User,1,5306,4.761199
426,Casual User,2,5300,4.751067
426,Casual User,3,5303,4.7480307
426,Casual User,4,5302,4.738943
426,Casual User,5,5298,4.7223682
426,Casual User,6,5194,4.498745
426,Casual User,7,5201,4.4960566
426,Casual User,8,5427,4.495281
426,Casual User,9,5052,4.49207
426,Casual User,10,5101,4.4909344
427,Casual User,1,5306,4.7623158
427,Casual User,2,5300,4.752255
427,Casual User,3,5303,4.7491336
427,Casual User,4,5302,4.740161
427,Casual User,5,5298,4.723508
427,Casual User,6,5194,4.4977474
427,Casual User,7,5427,4.496377
427,Casual User,8,5201,4.49527
427,Casual User,9,5203,4.4899354
427,Casual User,10,5101,4.487802
428,Casual User,1,5306,4.7616286
428,Casual User,2,5300,4.7515464
428,Casual User,3,5303,4.748435
428,Casual User,4,5302,4.7393827
428,Casual User,5,5298,4.722765
428,Casual User,6,5194,4.4988823
428,Casual User,7,5201,4.4960985
428,Casual User,8,5427,4.495599
428,Casual User,9,5052,4.491914
428,Casual User,10,5101,4.490806
429,Casual User,1,5306,4.7639313
429,Casual User,2,5300,4.754033
429,Casual User,3,5303,4.7504983
429,Casual User,4,5302,4.7415013
429,Casual User,5,5298,4.724926
429,Casual User,6,5194,4.5010905
429,Casual User,7,5427,4.4982166
429,Casual User,8,5201,4.4978313
429,Casual User,9,5101,4.496016
429,Casual User,10,5052,4.495862
430,Casual User,1,5306,4.7618484
430,Casual User,2,5300,4.751713
430,Casual User,3,5303,4.7486944
430,Casual User,4,5302,4.7396836
430,Casual User,5,5298,4.7230773
430,Casual User,6,5194,4.497478
430,Casual User,7,5427,4.4960775
430,Casual User,8,5201,4.49516
430,Casual User,9,5052,4.4900694
430,Casual User,10,5203,4.4898767
431,Casual User,1,5306,4.7602916
431,Casual User,2,5300,4.7501006
431,Casual User,3,5303,4.747242
431,Casual User,4,5302,4.7381573
431,Casual User,5,5298,4.7215366
431,Casual User,6,5194,4.497439
431,Casual User,7,5201,4.495002
431,Casual User,8,5427,4.4941883
431,Casual User,9,5203,4.4896393
431,Casual User,10,5052,4.489445
432,Casual User,1,5306,4.763626
432,Casual User,2,5300,4.753746
432,Casual User,3,5303,4.7502303
432,Casual User,4,5302,4.741242
432,Casual User,5,5298,4.724612
432,Casual User,6,5194,4.5009427
432,Casual User,7,5427,4.4976716
432,Casual User,8,5201,4.497596
432,Casual User,9,5052,4.494926
432,Casual User,10,5203,4.492234
433,Casual User,1,5306,4.7607803
433,Casual User,2,5300,4.750719
433,Casual User,3,5303,4.747649
433,Casual User,4,5302,4.738564
433,Casual User,5,5298,4.721936
433,Casual User,6,5194,4.498961
433,Casual User,7,5201,4.4960337
433,Casual User,8,5427,4.4945087
433,Casual User,9,5052,4.4910593
433,Casual User,10,5203,4.4905777
434,Casual User,1,5306,4.763736
434,Casual User,2,5300,4.7537117
434,Casual User,3,5303,4.750456
434,Casual User,4,5302,4.741541
434,Casual User,5,5298,4.724928
434,Casual User,6,5427,4.4982076
434,Casual User,7,5194,4.4977784
434,Casual User,8,5201,4.4954596
434,Casual User,9,5052,4.4906435
434,Casual User,10,5203,4.4902124
435,Casual User,1,5306,4.7602606
435,Casual User,2,5300,4.750097
435,Casual User,3,5303,4.7471485
435,Casual User,4,5302,4.7379856
435,Casual User,5,5298,4.72153
435,Casual User,6,5194,4.498713
435,Casual User,7,5201,4.496114
435,Casual User,8,5427,4.494567
435,Casual User,9,5052,4.49181
435,Casual User,10,5203,4.4907265
436,Casual User,1,5306,4.7619014
436,Casual User,2,5300,4.7519445
436,Casual User,3,5303,4.748614
436,Casual User,4,5302,4.739532
436,Casual User,5,5298,4.72292
436,Casual User,6,5194,4.5009336
436,Casual User,7,5201,4.4974947
436,Casual User,8,5427,4.495735
436,Casual User,9,5203,4.492075
436,Casual User,10,5214,4.487825
437,Casual User,1,5306,4.7603307
437,Casual User,2,5300,4.7502613
437,Casual User,3,5303,4.7471952
437,Casual User,4,5302,4.738067
437,Casual User,5,5298,4.7214317
437,Casual User,6,5194,4.499696
437,Casual User,7,5201,4.496525
437,Casual User,8,5427,4.4939194
437,Casual User,9,5052,4.492307
437,Casual User,10,5203,4.491063
438,Casual User,1,5306,4.7594457
438,Casual User,2,5300,4.749346
438,Casual User,3,5303,4.7463493
438,Casual User,4,5302,4.7371483
438,Casual User,5,5298,4.7205877
438,Casual User,6,5194,4.500013
438,Casual User,7,5201,4.4967794
438,Casual User,8,5427,4.4931087
438,Casual User,9,5052,4.492745
438,Casual User,10,5101,4.491764
439,Casual User,1,5306,4.7631946
439,Casual User,2,5300,4.75325
439,Casual User,3,5303,4.7498693
439,Casual User,4,5302,4.7408714
439,Casual User,5,5298,4.7243013
439,Casual User,6,5194,4.4997916
439,Casual User,7,5427,4.497448
439,Casual User,8,5201,4.496855
439,Casual User,9,5052,4.493184
439,Casual User,10,5101,4.4920692
440,Casual User,1,5306,4.7627397
440,Casual User,2,5300,4.752737
440,Casual User,3,5303,4.749414
440,Casual User,4,5302,4.7403636
440,Casual User,5,5298,4.7238264
440,Casual User,6,5194,4.5001774
440,Casual User,7,5201,4.4971914
440,Casual User,8,5427,4.4970465
440,Casual User,9,5052,4.4944954
440,Casual User,10,5101,4.494035
441,Casual User,1,5306,4.7626
441,Casual User,2,5300,4.7525325
441,Casual User,3,5303,4.7493477
441,Casual User,4,5302,4.740329
441,Casual User,5,5298,4.723796
441,Casual User,6,5194,4.4986024
441,Casual User,7,5427,4.4970675
441,Casual User,8,5201,4.4960885
441,Casual User,9,5052,4.492073
441,Casual User,10,5203,4.490804
442,Casual User,1,5306,4.7606435
442,Casual User,2,5300,4.7505627
442,Casual User,3,5303,4.7475033
442,Casual User,4,5302,4.7383733
442,Casual User,5,5298,4.7218666
442,Casual User,6,5194,4.499127
442,Casual User,7,5201,4.496312
442,Casual User,8,5427,4.4947467
442,Casual User,9,5052,4.491724
442,Casual User,10,5203,4.490862
443,Casual User,1,5306,4.761834
443,Casual User,2,5300,4.751832
443,Casual User,3,5303,4.7485895
443,Casual User,4,5302,4.7395296
443,Casual User,5,5298,4.7229033
443,Casual User,6,5194,4.4999604
443,Casual User,7,5201,4.496826
443,Casual User,8,5427,4.49568
443,Casual User,9,5052,4.4931602
443,Casual User,10,5101,4.492502
444,Casual User,1,5306,4.7610016
444,Casual User,2,5300,4.750869
444,Casual User,3,5303,4.7478857
444,Casual User,4,5302,4.738825
444,Casual User,5,5298,4.7222037
444,Casual User,6,5194,4.4980073
444,Casual User,7,5201,4.4954348
444,Casual User,8,5427,4.4949408
444,Casual User,9,5203,4.4900756
444,Casual User,10,5101,4.4885707
445,Casual User,1,5306,4.7599564
445,Casual User,2,5300,4.7498407
445,Casual User,3,5303,4.746849
445,Casual User,4,5302,4.7376957
445,Casual User,5,5298,4.721091
445,Casual User,6,5194,4.499444
445,Casual User,7,5201,4.4963875
445,Casual User,8,5427,4.49362
445,Casual User,9,5101,4.4912047
445,Casual User,10,5203,4.4909396
446,Casual User,1,5306,4.76175
446,Casual User,2,5300,4.7516947
446,Casual User,3,5303,4.7484865
446,Casual User,4,5302,4.7393794
446,Casual User,5,5298,4.7228622
446,Casual User,6,5194,4.500127
446,Casual User,7,5201,4.497128
446,Casual User,8,5427,4.495972
446,Casual User,9,5203,4.491783
446,Casual User,10,5214,4.4872794
447,Casual User,1,5306,4.7636127
447,Casual User,2,5300,4.753728
447,Casual User,3,5303,4.750235
447,Casual User,4,5302,4.7412553
447,Casual User,5,5298,4.724634
447,Casual User,6,5194,4.5005608
447,Casual User,7,5427,4.4976954
447,Casual User,8,5201,4.4973392
447,Casual User,9,5052,4.4941964
447,Casual User,10,5101,4.493724
448,Casual User,1,5306,4.7629766
448,Casual User,2,5300,4.7530184
448,Casual User,3,5303,4.749644
448,Casual User,4,5302,4.740633
448,Casual User,5,5298,4.724005
448,Casual User,6,5194,4.500257
448,Casual User,7,5201,4.4971185
448,Casual User,8,5427,4.4969935
448,Casual User,9,5101,4.493829
448,Casual User,10,5203,4.4917727
449,Casual User,1,5306,4.7637897
449,Casual User,2,5300,4.753842
449,Casual User,3,5303,4.75041
449,Casual User,4,5302,4.741409
449,Casual User,5,5298,4.724943
449,Casual User,6,5194,4.4998865
449,Casual User,7,5427,4.498508
449,Casual User,8,5201,4.497121
449,Casual User,9,5052,4.494066
449,Casual User,10,5101,4.4928293
450,Casual User,1,5306,4.7626886
450,Casual User,2,5300,4.7527924
450,Casual User,3,5303,4.7493644
450,Casual User,4,5302,4.740344
450,Casual User,5,5298,4.7236843
450,Casual User,6,5194,4.500834
450,Casual User,7,5201,4.4973836
450,Casual User,8,5427,4.4964757
450,Casual User,9,5052,4.494056
450,Casual User,10,5101,4.4937496
451,Casual User,1,5306,4.759624
451,Casual User,2,5300,4.7494473
451,Casual User,3,5303,4.7465525
451,Casual User,4,5302,4.737381
451,Casual User,5,5298,4.72081
451,Casual User,6,5194,4.49892
451,Casual User,7,5201,4.496067
451,Casual User,8,5427,4.493416
451,Casual User,9,5203,4.490653
451,Casual User,10,5101,4.490523
452,Casual User,1,5306,4.763144
452,Casual User,2,5300,4.7530985
452,Casual User,3,5303,4.7498403
452,Casual User,4,5302,4.7408404
452,Casual User,5,5298,4.7242956
452,Casual User,6,5194,4.4989614
452,Casual User,7,5427,4.4976377
452,Casual User,8,5201,4.4963717
452,Casual User,9,5052,4.4929147
452,Casual User,10,5101,4.49182
453,Casual User,1,5306,4.7623115
453,Casual User,2,5300,4.7522535
453,Casual User,3,5303,4.749091
453,Casual User,4,5302,4.740093
453,Casual User,5,5298,4.723435
453,Casual User,6,5194,4.4985714
453,Casual User,7,5427,4.4962897
453,Casual User,8,5201,4.4958663
453,Casual User,9,5052,4.491459
453,Casual User,10,5203,4.49055
454,Casual User,1,5306,4.759601
454,Casual User,2,5300,4.7494583
454,Casual User,3,5303,4.7465453
454,Casual User,4,5302,4.737396
454,Casual User,5,5298,4.720773
454,Casual User,6,5194,4.498831
454,Casual User,7,5201,4.495902
454,Casual User,8,5427,4.493193
454,Casual User,9,5203,4.4904413
454,Casual User,10,5214,4.4859242
455,Casual User,1,5306,4.762983
455,Casual User,2,5300,4.752979
455,Casual User,3,5303,4.7497067
455,Casual User,4,5302,4.7407227
455,Casual User,5,5298,4.7241306
455,Casual User,6,5194,4.4988794
455,Casual User,7,5427,4.4972425
455,Casual User,8,5201,4.496193
455,Casual User,9,5052,4.491959
455,Casual User,10,5203,4.4908686
456,Casual User,1,5306,4.7627335
456,Casual User,2,5300,4.7528105
456,Casual User,3,5303,4.749379
456,Casual User,4,5302,4.7403297
456,Casual User,5,5298,4.7237267
456,Casual User,6,5194,4.5011883
456,Casual User,7,5201,4.497749
456,Casual User,8,5427,4.496721
456,Casual User,9,5101,4.4954243
456,Casual User,10,5203,4.4923706
457,Casual User,1,5306,4.76099
457,Casual User,2,5300,4.7508945
457,Casual User,3,5303,4.747838
457,Casual User,4,5302,4.7387357
457,Casual User,5,5298,4.722204
457,Casual User,6,5194,4.4988236
457,Casual User,7,5201,4.49611
457,Casual User,8,5427,4.495124
457,Casual User,9,5203,4.49071
457,Casual User,10,5101,4.4898114
458,Casual User,1,5306,4.7609963
458,Casual User,2,5300,4.7508993
458,Casual User,3,5303,4.747821
458,Casual User,4,5302,4.738701
458,Casual User,5,5298,4.722183
458,Casual User,6,5194,4.4992676
458,Casual User,7,5201,4.496456
458,Casual User,8,5427,4.4951487
458,Casual User,9,5052,4.4925337
458,Casual User,10,5101,4.4912024
459,Casual User,1,5306,4.7624483
459,Casual User,2,5300,4.7524223
459,Casual User,3,5303,4.7491665
459,Casual User,4,5302,4.74012
459,Casual User,5,5298,4.7235713
459,Casual User,6,5194,4.4996276
459,Casual User,7,5201,4.496764
459,Casual User,8,5427,4.4967117
459,Casual User,9,5052,4.4934177
459,Casual User,10,5203,4.4914346
460,Casual User,1,5306,4.7636976
460,Casual User,2,5300,4.75381
460,Casual User,3,5303,4.7503176
460,Casual User,4,5302,4.741336
460,Casual User,5,5298,4.7247543
460,Casual User,6,5194,4.5004115
460,Casual User,7,5427,4.4979305
460,Casual User,8,5201,4.4972944
460,Casual User,9,5052,4.494052
460,Casual User,10,5101,4.4932933
461,Casual User,1,5306,4.7610836
461,Casual User,2,5300,4.7509494
461,Casual User,3,5303,4.7479568
461,Casual User,4,5302,4.7388883
461,Casual User,5,5298,4.722307
461,Casual User,6,5194,4.4980464
461,Casual User,7,5201,4.495524
461,Casual User,8,5427,4.495171
461,Casual User,9,5052,4.490548
461,Casual User,10,5203,4.4901714
462,Casual User,1,5306,4.7623606
462,Casual User,2,5300,4.7523637
462,Casual User,3,5303,4.749055
462,Casual User,4,5302,4.739975
462,Casual User,5,5298,4.723484
462,Casual User,6,5194,4.500292
462,Casual User,7,5201,4.4972878
462,Casual User,8,5427,4.496724
462,Casual User,9,5052,4.494404
462,Casual User,10,5101,4.493599
463,Casual User,1,5306,4.7606134
463,Casual User,2,5300,4.7506027
463,Casual User,3,5303,4.7474284
463,Casual User,4,5302,4.7383075
463,Casual User,5,5298,4.721624
463,Casual User,6,5194,4.5006266
463,Casual User,7,5201,4.4970865
463,Casual User,8,5427,4.4940352
463,Casual User,9,5052,4.4934855
463,Casual User,10,5101,4.493337
464,Casual User,1,5306,4.76355
464,Casual User,2,5300,4.753584
464,Casual User,3,5303,4.750205
464,Casual User,4,5302,4.741231
464,Casual User,5,5298,4.724637
464,Casual User,6,5194,4.4995985
464,Casual User,7,5427,4.4978385
464,Casual User,8,5201,4.4967422
464,Casual User,9,5052,4.4933653
464,Casual User,10,5203,4.491441
465,Casual User,1,5306,4.763284
465,Casual User,2,5300,4.753331
465,Casual User,3,5303,4.749906
465,Casual User,4,5302,4.7408853
465,Casual User,5,5298,4.7242966
465,Casual User,6,5194,4.5007076
465,Casual User,7,5201,4.497526
465,Casual User,8,5427,4.497466
465,Casual User,9,5101,4.495393
465,Casual User,10,5052,4.4952955
466,Casual User,1,5306,4.7611346
466,Casual User,2,5300,4.7510414
466,Casual User,3,5303,4.7479753
466,Casual User,4,5302,4.7388935
466,Casual User,5,5298,4.7223096
466,Casual User,6,5194,4.4988184
466,Casual User,7,5201,4.496053
466,Casual User,8,5427,4.495126
466,Casual User,9,5052,4.491561
466,Casual User,10,5203,4.49067
467,Casual User,1,5306,4.7616825
467,Casual User,2,5300,4.7516036
467,Casual User,3,5303,4.748518
467,Casual User,4,5302,4.7394733
467,Casual User,5,5298,4.722937
467,Casual User,6,5194,4.498114
467,Casual User,7,5427,4.495984
467,Casual User,8,5201,4.495639
467,Casual User,9,5203,4.490265
467,Casual User,10,5214,4.485504
468,Casual User,1,5306,4.759565
468,Casual User,2,5300,4.7494082
468,Casual User,3,5303,4.7465005
468,Casual User,4,5302,4.737328
468,Casual User,5,5298,4.7207646
468,Casual User,6,5194,4.4989376
468,Casual User,7,5201,4.496063
468,Casual User,8,5427,4.493347
468,Casual User,9,5052,4.4914474
468,Casual User,10,5203,4.490615
469,Casual User,1,5306,4.7611375
469,Casual User,2,5300,4.751031
469,Casual User,3,5303,4.748008
469,Casual User,4,5302,4.738942
469,Casual User,5,5298,4.722371
469,Casual User,6,5194,4.498133
469,Casual User,7,5201,4.495579
469,Casual User,8,5427,4.4952335
469,Casual User,9,5203,4.490193
469,Casual User,10,5101,4.4882884
470,Casual User,1,5306,4.7617345
470,Casual User,2,5300,4.7516556
470,Casual User,3,5303,4.748595
470,Casual User,4,5302,4.7396
470,Casual User,5,5298,4.722927
470,Casual User,6,5194,4.497682
470,Casual User,7,5427,4.4956245
470,Casual User,8,5201,4.4951534
470,Casual User,9,5203,4.489786
470,Casual User,10,5052,4.48947
471,Casual User,1,5306,4.7631516
471,Casual User,2,5300,4.753169
471,Casual User,3,5303,4.7498274
471,Casual User,4,5302,4.7408295
471,Casual User,5,5298,4.7242327
471,Casual User,6,5194,4.499707
471,Casual User,7,5427,4.4973583
471,Casual User,8,5201,4.4967937
471,Casual User,9,5052,4.4934864
471,Casual User,10,5203,4.4914804
472,Casual User,1,5306,4.762832
472,Casual User,2,5300,4.7528496
472,Casual User,3,5303,4.7494845
472,Casual User,4,5302,4.7404246
472,Casual User,5,5298,4.723913
472,Casual User,6,5194,4.500537
472,Casual User,7,5201,4.4974785
472,Casual User,8,5427,4.497202
472,Casual User,9,5052,4.495066
472,Casual User,10,5101,4.4946933
473,Casual User,1,5306,4.761465
473,Casual User,2,5300,4.7513566
473,Casual User,3,5303,4.7483263
473,Casual User,4,5302,4.739299
473,Casual User,5,5298,4.722657
473,Casual User,6,5194,4.4979057
473,Casual User,7,5427,4.4954195
473,Casual User,8,5201,4.4953594
473,Casual User,9,5052,4.4901524
473,Casual User,10,5203,4.4900117
474,Casual User,1,5306,4.763377
474,Casual User,2,5300,4.7535033
474,Casual User,3,5303,4.7499914
474,Casual User,4,5302,4.740985
474,Casual User,5,5298,4.724369
474,Casual User,6,5194,4.501116
474,Casual User,7,5201,4.4977
474,Casual User,8,5427,4.497406
474,Casual User,9,5052,4.4949856
474,Casual User,10,5203,4.4923124
475,Casual User,1,5306,4.7614284
475,Casual User,2,5300,4.7513514
475,Casual User,3,5303,4.7482514
475,Casual User,4,5302,4.73918
475,Casual User,5,5298,4.722622
475,Casual User,6,5194,4.4987803
475,Casual User,7,5201,4.496072
475,Casual User,8,5427,4.49555
475,Casual User,9,5052,4.4915314
475,Casual User,10,5203,4.4906893
476,Casual User,1,5306,4.7641664
476,Casual User,2,5300,4.754277
476,Casual User,3,5303,4.750752
476,Casual User,4,5302,4.7418036
476,Casual User,5,5298,4.7251554
476,Casual User,6,5194,4.500508
476,Casual User,7,5427,4.4982834
476,Casual User,8,5201,4.497333
476,Casual User,9,5052,4.494611
476,Casual User,10,5101,4.494524
477,Casual User,1,5306,4.7613544
477,Casual User,2,5300,4.75129
477,Casual User,3,5303,4.748143
477,Casual User,4,5302,4.7390423
477,Casual User,5,5298,4.7224884
477,Casual User,6,5194,4.4996386
477,Casual User,7,5201,4.4966893
477,Casual User,8,5427,4.495408
477,Casual User,9,5052,4.4930816
477,Casual User,10,5101,4.492149
478,Casual User,1,5306,4.763559
478,Casual User,2,5300,4.753616
478,Casual User,3,5303,4.75022
478,Casual User,4,5302,4.7412624
478,Casual User,5,5298,4.724614
478,Casual User,6,5194,4.4996395
478,Casual User,7,5427,4.4976454
478,Casual User,8,5201,4.496682
478,Casual User,9,5052,4.493053
478,Casual User,10,5101,4.492315
479,Casual User,1,5306,4.7614884
479,Casual User,2,5300,4.7514467
479,Casual User,3,5303,4.748216
479,Casual User,4,5302,4.739087
479,Casual User,5,5298,4.722539
479,Casual User,6,5194,4.500783
479,Casual User,7,5201,4.497523
479,Casual User,8,5427,4.4955196
479,Casual User,9,5101,4.4953513
479,Casual User,10,5052,4.4952664
480,Casual User,1,5306,4.762072
480,Casual User,2,5300,4.7521186
480,Casual User,3,5303,4.7487826
480,Casual User,4,5302,4.739713
480,Casual User,5,5298,4.7231092
480,Casual User,6,5194,4.500724
480,Casual User,7,5201,4.497374
480,Casual User,8,5427,4.495966
480,Casual User,9,5052,4.494238
480,Casual User,10,5101,4.493863
481,Casual User,1,5306,4.7612133
481,Casual User,2,5300,4.751148
481,Casual User,3,5303,4.748059
481,Casual User,4,5302,4.7390075
481,Casual User,5,5298,4.722331
481,Casual User,6,5194,4.4988375
481,Casual User,7,5201,4.495932
481,Casual User,8,5427,4.4948897
481,Casual User,9,5052,4.4911423
481,Casual User,10,5203,4.490526
482,Casual User,1,5306,4.7619615
482,Casual User,2,5300,4.7518134
482,Casual User,3,5303,4.7487907
482,Casual User,4,5302,4.739769
482,Casual User,5,5298,4.723207
482,Casual User,6,5194,4.4975443
482,Casual User,7,5427,4.496377
482,Casual User,8,5201,4.4952908
482,Casual User,9,5052,4.4905252
482,Casual User,10,5203,4.490034
483,Casual User,1,5306,4.763566
483,Casual User,2,5300,4.753666
483,Casual User,3,5303,4.750168
483,Casual User,4,5302,4.7411456
483,Casual User,5,5298,4.724641
483,Casual User,6,5194,4.500826
483,Casual User,7,5427,4.4980125
483,Casual User,8,5201,4.4976945
483,Casual User,9,5052,4.4951
483,Casual User,10,5101,4.4944677
484,Casual User,1,5306,4.7589984
484,Casual User,2,5300,4.7487392
484,Casual User,3,5303,4.7460237
484,Casual User,4,5302,4.7368646
484,Casual User,5,5298,4.7202473
484,Casual User,6,5194,4.497555
484,Casual User,7,5201,4.495021
484,Casual User,8,5427,4.492687
484,Casual User,9,5203,4.4896297
484,Casual User,10,5052,4.4895825
485,Casual User,1,5306,4.76095
485,Casual User,2,5300,4.7507954
485,Casual User,3,5303,4.7478414
485,Casual User,4,5302,4.7387743
485,Casual User,5,5298,4.7221785
485,Casual User,6,5194,4.4978046
485,Casual User,7,5201,4.495336
485,Casual User,8,5427,4.495006
485,Casual User,9,5203,4.4899955
485,Casual User,10,5101,4.4883404
486,Casual User,1,5306,4.762807
486,Casual User,2,5300,4.752784
486,Casual User,3,5303,4.7495265
486,Casual User,4,5302,4.740527
486,Casual User,5,5298,4.7239137
486,Casual User,6,5194,4.4991617
486,Casual User,7,5427,4.4969616
486,Casual User,8,5201,4.4963746
486,Casual User,9,5052,4.492632
486,Casual User,10,5203,4.49107
487,Casual User,1,5306,4.762231
487,Casual User,2,5300,4.7522497
487,Casual User,3,5303,4.748929
487,Casual User,4,5302,4.739845
487,Casual User,5,5298,4.723332
487,Casual User,6,5194,4.500498
487,Casual User,7,5201,4.497383
487,Casual User,8,5427,4.496472
487,Casual User,9,5052,4.4944625
487,Casual User,10,5101,4.493768
488,Casual User,1,5306,4.762062
488,Casual User,2,5300,4.7520857
488,Casual User,3,5303,4.7488165
488,Casual User,4,5302,4.7397857
488,Casual User,5,5298,4.7231216
488,Casual User,6,5194,4.4998097
488,Casual User,7,5201,4.496666
488,Casual User,8,5427,4.4958153
488,Casual User,9,5101,4.49181
488,Casual User,10,5203,4.491247
489,Casual User,1,5306,4.761179
489,Casual User,2,5300,4.751024
489,Casual User,3,5303,4.7480392
489,Casual User,4,5302,4.7389812
489,Casual User,5,5298,4.722345
489,Casual User,6,5194,4.4981456
489,Casual User,7,5201,4.495559
489,Casual User,8,5427,4.495124
489,Casual User,9,5052,4.49107
489,Casual User,10,5203,4.4902554
490,Casual User,1,5306,4.7615747
490,Casual User,2,5300,4.751521
490,Casual User,3,5303,4.748315
490,Casual User,4,5302,4.739186
490,Casual User,5,5298,4.7227097
490,Casual User,6,5194,4.5002694
490,Casual User,7,5201,4.497264
490,Casual User,8,5427,4.4958825
490,Casual User,9,5052,4.4945536
490,Casual User,10,5101,4.4938927
491,Casual User,1,5306,4.7594895
491,Casual User,2,5300,4.7493205
491,Casual User,3,5303,4.7464066
491,Casual User,4,5302,4.737209
491,Casual User,5,5298,4.7206707
491,Casual User,6,5194,4.4993587
491,Casual User,7,5201,4.49641
491,Casual User,8,5427,4.493327
491,Casual User,9,5052,4.4924784
491,Casual User,10,5101,4.491432
492,Casual User,1,5306,4.7612176
492,Casual User,2,5300,4.751128
492,Casual User,3,5303,4.748076
492,Casual User,4,5302,4.739019
492,Casual User,5,5298,4.7224116
492,Casual User,6,5194,4.4983683
492,Casual User,7,5201,4.4956975
492,Casual User,8,5427,4.4951754
492,Casual User,9,5203,4.490306
492,Casual User,10,5101,4.488825
493,Casual User,1,5306,4.762287
493,Casual User,2,5300,4.7523155
493,Casual User,3,5303,4.7490187
493,Casual User,4,5302,4.73999
493,Casual User,5,5298,4.723345
493,Casual User,6,5194,4.499932
493,Casual User,7,5201,4.496799
493,Casual User,8,5427,4.4961376
493,Casual User,9,5052,4.4930224
493,Casual User,10,5101,4.4923134
494,Casual User,1,5306,4.7630396
494,Casual User,2,5300,4.7530394
494,Casual User,3,5303,4.7497234
494,Casual User,4,5302,4.7407393
494,Casual User,5,5298,4.724048
494,Casual User,6,5194,4.499735
494,Casual User,7,5427,4.496937
494,Casual User,8,5201,4.496703
494,Casual User,9,5052,4.493629
494,Casual User,10,5101,4.493597
495,Casual User,1,5306,4.7632723
495,Casual User,2,5300,4.753337
495,Casual User,3,5303,4.7499695
495,Casual User,4,5302,4.74099
495,Casual User,5,5298,4.7244387
495,Casual User,6,5194,4.4992366
495,Casual User,7,5427,4.4976244
495,Casual User,8,5201,4.4964666
495,Casual User,9,5052,4.491988
495,Casual User,10,5203,4.4910774
496,Casual User,1,5306,4.760684
496,Casual User,2,5300,4.7505307
496,Casual User,3,5303,4.747596
496,Casual User,4,5302,4.738508
496,Casual User,5,5298,4.7219653
496,Casual User,6,5194,4.4977055
496,Casual User,7,5201,4.495299
496,Casual User,8,5427,4.4948616
496,Casual User,9,5203,4.4899206
496,Casual User,10,5052,4.48986
497,Casual User,1,5306,4.761152
497,Casual User,2,5300,4.7509556
497,Casual User,3,5303,4.7479963
497,Casual User,4,5302,4.738895
497,Casual User,5,5298,4.7223916
497,Casual User,6,5194,4.4981766
497,Casual User,7,5201,4.4957905
497,Casual User,8,5427,4.495583
497,Casual User,9,5052,4.4918804
497,Casual User,10,5203,4.490532
498,Casual User,1,5306,4.7628665
498,Casual User,2,5300,4.7528553
498,Casual User,3,5303,4.749573
498,Casual User,4,5302,4.740567
498,Casual User,5,5298,4.723975
498,Casual User,6,5194,4.4993644
498,Casual User,7,5427,4.4970775
498,Casual User,8,5201,4.4965453
498,Casual User,9,5052,4.4929533
498,Casual User,10,5101,4.492045
499,Casual User,1,5306,4.759422
499,Casual User,2,5300,4.7493014
499,Casual User,3,5303,4.7463546
499,Casual User,4,5302,4.7371645
499,Casual User,5,5298,4.7206306
499,Casual User,6,5194,4.499315
499,Casual User,7,5201,4.496328
499,Casual User,8,5427,4.493213
499,Casual User,9,5052,4.4916377
499,Casual User,10,5203,4.490822
502,Casual User,1,5306,4.763279
502,Casual User,2,5300,4.753293
502,Casual User,3,5303,4.749959
502,Casual User,4,5302,4.740981
502,Casual User,5,5298,4.7243557
502,Casual User,6,5194,4.4994507
502,Casual User,7,5427,4.4974365
502,Casual User,8,5201,4.496584
502,Casual User,9,5052,4.4930706
502,Casual User,10,5203,4.4912825
505,Casual User,1,5306,4.7637377
505,Casual User,2,5300,4.753822
505,Casual User,3,5303,4.7503467
505,Casual User,4,5302,4.7413564
505,Casual User,5,5298,4.7247887
505,Casual User,6,5194,4.5004463
505,Casual User,7,5427,4.498053
505,Casual User,8,5201,4.4973707
505,Casual User,9,5052,4.494603
505,Casual User,10,5101,4.494123
511,Casual User,1,5306,4.762432
511,Casual User,2,5300,4.7524385
511,Casual User,3,5303,4.749141
511,Casual User,4,5302,4.7400985
511,Casual User,5,5298,4.723505
511,Casual User,6,5194,4.5000286
511,Casual User,7,5201,4.496971
511,Casual User,8,5427,4.4964933
511,Casual User,9,5052,4.493718
511,Casual User,10,5101,4.493147
513,Casual User,1,5306,4.7585816
513,Casual User,2,5300,4.748395
513,Casual User,3,5303,4.745601
513,Casual User,4,5302,4.736394
513,Casual User,5,5298,4.7198234
513,Casual User,6,5194,4.498567
513,Casual User,7,5201,4.495707
513,Casual User,8,5427,4.492184
513,Casual User,9,5052,4.4902997
513,Casual User,10,5203,4.4901924
518,Casual User,1,5306,4.759558
518,Casual User,2,5300,4.7493715
518,Casual User,3,5303,4.7464995
518,Casual User,4,5302,4.73734
518,Casual User,5,5298,4.720725
518,Casual User,6,5194,4.4987555
518,Casual User,7,5201,4.4958944
518,Casual User,8,5427,4.4932165
518,Casual User,9,5203,4.490488
518,Casual User,10,5101,4.490316
522,Casual User,1,5306,4.762812
522,Casual User,2,5300,4.7528434
522,Casual User,3,5303,4.7494483
522,Casual User,4,5302,4.74038
522,Casual User,5,5298,4.7238584
522,Casual User,6,5194,4.500953
522,Casual User,7,5201,4.4977546
522,Casual User,8,5427,4.497115
522,Casual User,9,5052,4.495737
522,Casual User,10,5101,4.4957085
523,Casual User,1,5306,4.760155
523,Casual User,2,5300,4.750005
523,Casual User,3,5303,4.7470837
523,Casual User,4,5302,4.7379637
523,Casual User,5,5298,4.721392
523,Casual User,6,5194,4.4982204
523,Casual User,7,5201,4.4955816
523,Casual User,8,5427,4.494076
523,Casual User,9,5203,4.490164
523,Casual User,10,5101,4.4884067
531,Casual User,1,5306,4.762522
531,Casual User,2,5300,4.7525616
531,Casual User,3,5303,4.7492266
531,Casual User,4,5302,4.740197
531,Casual User,5,5298,4.723573
531,Casual User,6,5194,4.500166
531,Casual User,7,5201,4.497011
531,Casual User,8,5427,4.4964666
531,Casual User,9,5101,4.4929876
531,Casual User,10,5203,4.4916215
541,Casual User,1,5306,4.762057
541,Casual User,2,5300,4.7519026
541,Casual User,3,5303,4.7488856
541,Casual User,4,5302,4.739872
541,Casual User,5,5298,4.723311
541,Casual User,6,5194,4.4973774
541,Casual User,7,5427,4.496522
541,Casual User,8,5201,4.4951878
541,Casual User,9,5203,4.4899454
541,Casual User,10,5101,4.4883547
544,Casual User,1,5306,4.761344
544,Casual User,2,5300,4.751346
544,Casual User,3,5303,4.7481194
544,Casual User,4,5302,4.7390385
544,Casual User,5,5298,4.7223654
544,Casual User,6,5194,4.500367
544,Casual User,7,5201,4.4969907
544,Casual User,8,5427,4.494934
544,Casual User,9,5052,4.4934263
544,Casual User,10,5101,4.493153
545,Casual User,1,5306,4.7636204
545,Casual User,2,5300,4.7535906
545,Casual User,3,5303,4.750285
545,Casual User,4,5302,4.7412887
545,Casual User,5,5298,4.7248383
545,Casual User,6,5194,4.4988656
545,Casual User,7,5427,4.4985266
545,Casual User,8,5201,4.496456
545,Casual User,9,5052,4.4930115
545,Casual User,10,5101,4.4913945
572,Casual User,1,5306,4.7622104
572,Casual User,2,5300,4.7520866
572,Casual User,3,5303,4.749016
572,Casual User,4,5302,4.740007
572,Casual User,5,5298,4.723421
572,Casual User,6,5194,4.497806
572,Casual User,7,5427,4.496547
572,Casual User,8,5201,4.495454
572,Casual User,9,5203,4.4901953
572,Casual User,10,5101,4.489169
582,Casual User,1,5306,4.761095
582,Casual User,2,5300,4.75099
582,Casual User,3,5303,4.7479763
582,Casual User,4,5302,4.738929
582,Casual User,5,5298,4.7222896
582,Casual User,6,5194,4.4980507
582,Casual User,7,5201,4.495426
582,Casual User,8,5427,4.4949603
582,Casual User,9,5203,4.4900393
582,Casual User,10,5101,4.4882035
599,Casual User,1,5306,4.7612224
599,Casual User,2,5300,4.7511597
599,Casual User,3,5303,4.7480664
599,Casual User,4,5302,4.7390256
599,Casual User,5,5298,4.7223015
599,Casual User,6,5194,4.498918
599,Casual User,7,5201,4.495931
599,Casual User,8,5427,4.4947395
599,Casual User,9,5203,4.4905305
599,Casual User,10,5101,4.4903193
600,Casual User,1,5306,4.7620864
600,Casual User,2,5300,4.752054
600,Casual User,3,5303,4.7488503
600,Casual User,4,5302,4.739817
600,Casual User,5,5298,4.72319
600,Casual User,6,5194,4.4992948
600,Casual User,7,5201,4.4963894
600,Casual User,8,5427,4.4960437
600,Casual User,9,5052,4.4924083
600,Casual User,10,5203,4.4910316
603,Casual User,1,5306,4.760884
603,Casual User,2,5300,4.750721
603,Casual User,3,5303,4.747821
603,Casual User,4,5302,4.738802
603,Casual User,5,5298,4.722095
603,Casual User,6,5194,4.497037
603,Casual User,7,5201,4.494632
603,Casual User,8,5427,4.494626
603,Casual User,9,5203,4.4892874
603,Casual User,10,5101,4.486556
609,Casual User,1,5306,4.7597456
609,Casual User,2,5300,4.7495584
609,Casual User,3,5303,4.7466874
609,Casual User,4,5302,4.737538
609,Casual User,5,5298,4.7209544
609,Casual User,6,5194,4.4984374
609,Casual User,7,5201,4.49572
609,Casual User,8,5427,4.4935656
609,Casual User,9,5203,4.4903216
609,Casual User,10,5101,4.4894924
615,Casual User,1,5306,4.763309
615,Casual User,2,5300,4.7533674
615,Casual User,3,5303,4.749931
615,Casual User,4,5302,4.740897
615,Casual User,5,5298,4.7243853
615,Casual User,6,5194,4.5006294
615,Casual User,7,5427,4.4977293
615,Casual User,8,5201,4.497555
615,Casual User,9,5052,4.4950724
615,Casual User,10,5101,4.494582
631,Casual User,1,5306,4.7613387
631,Casual User,2,5300,4.751319
631,Casual User,3,5303,4.7481165
631,Casual User,4,5302,4.7390203
631,Casual User,5,5298,4.722413
631,Casual User,6,5194,4.500154
631,Casual User,7,5201,4.496953
631,Casual User,8,5427,4.4951544
631,Casual User,9,5052,4.4934154
631,Casual User,10,5101,4.4928284
636,Casual User,1,5306,4.7611656
636,Casual User,2,5300,4.7510376
636,Casual User,3,5303,4.7480087
636,Casual User,4,5302,4.7389164
636,Casual User,5,5298,4.722391
636,Casual User,6,5194,4.498508
636,Casual User,7,5201,4.4959373
636,Casual User,8,5427,4.4954166
636,Casual User,9,5052,4.4915524
636,Casual User,10,5203,4.4905925
642,Casual User,1,5306,4.762122
642,Casual User,2,5300,4.752051
642,Casual User,3,5303,4.748885
642,Casual User,4,5302,4.7398424
642,Casual User,5,5298,4.723259
642,Casual User,6,5194,4.4990478
642,Casual User,7,5201,4.496305
642,Casual User,8,5427,4.496289
642,Casual User,9,5052,4.4925556
642,Casual User,10,5101,4.49156
650,Casual User,1,5306,4.7627664
650,Casual User,2,5300,4.752819
650,Casual User,3,5303,4.749425
650,Casual User,4,5302,4.7403693
650,Casual User,5,5298,4.723837
650,Casual User,6,5194,4.500687
650,Casual User,7,5201,4.49752
650,Casual User,8,5427,4.497013
650,Casual User,9,5052,4.494798
650,Casual User,10,5101,4.49429
651,Casual User,1,5306,4.760736
651,Casual User,2,5300,4.750595
651,Casual User,3,5303,4.747663
651,Casual User,4,5302,4.7386007
651,Casual User,5,5298,4.7220125
651,Casual User,6,5194,4.4974127
651,Casual User,7,5201,4.49502
651,Casual User,8,5427,4.4947834
651,Casual User,9,5203,4.4896264
651,Casual User,10,5052,4.4891033
661,Casual User,1,5306,4.761566
661,Casual User,2,5300,4.751546
661,Casual User,3,5303,4.74833
661,Casual User,4,5302,4.7392373
661,Casual User,5,5298,4.7226734
661,Casual User,6,5194,4.5000305
661,Casual User,7,5201,4.496946
661,Casual User,8,5427,4.495571
661,Casual User,9,5101,4.4925833
661,Casual User,10,5203,4.491535
666,Casual User,1,5306,4.764185
666,Casual User,2,5300,4.7543273
666,Casual User,3,5303,4.7507424
666,Casual User,4,5302,4.7417607
666,Casual User,5,5298,4.7252035
666,Casual User,6,5194,4.501071
666,Casual User,7,5427,4.498539
666,Casual User,8,5201,4.4978266
666,Casual User,9,5052,4.4954624
666,Casual User,10,5101,4.4951935
667,Casual User,1,5306,4.7623687
667,Casual User,2,5300,4.75234
667,Casual User,3,5303,4.7490945
667,Casual User,4,5302,4.740061
667,Casual User,5,5298,4.723442
667,Casual User,6,5194,4.499648
667,Casual User,7,5201,4.4966874
667,Casual User,8,5427,4.4963923
667,Casual User,9,5052,4.4933405
667,Casual User,10,5101,4.4928236
669,Casual User,1,5306,4.76291
669,Casual User,2,5300,4.7529974
669,Casual User,3,5303,4.7495427
669,Casual User,4,5302,4.7405057
669,Casual User,5,5298,4.7238846
669,Casual User,6,5194,4.5012546
669,Casual User,7,5201,4.49778
669,Casual User,8,5427,4.4968653
669,Casual User,9,5101,4.495653
669,Casual User,10,5052,4.495426
673,Casual User,1,5306,4.7625546
673,Casual User,2,5300,4.7524757
673,Casual User,3,5303,4.749349
673,Casual User,4,5302,4.7403746
673,Casual User,5,5298,4.7237573
673,Casual User,6,5194,4.497743
673,Casual User,7,5427,4.496812
673,Casual User,8,5201,4.495357
673,Casual User,9,5052,4.490348
673,Casual User,10,5203,4.490069
677,Casual User,1,5306,4.7634783
677,Casual User,2,5300,4.753516
677,Casual User,3,5303,4.750123
677,Casual User,4,5302,4.741133
677,Casual User,5,5298,4.724549
677,Casual User,6,5194,4.4999256
677,Casual User,7,5427,4.4977603
677,Casual User,8,5201,4.4969845
677,Casual User,9,5101,4.4933844
677,Casual User,10,5203,4.4916797
678,Casual User,1,5306,4.760525
678,Casual User,2,5300,4.750457
678,Casual User,3,5303,4.747357
678,Casual User,4,5302,4.738222
678,Casual User,5,5298,4.7216
678,Casual User,6,5194,4.5000744
678,Casual User,7,5201,4.4968333
678,Casual User,8,5427,4.494181
678,Casual User,9,5101,4.492779
678,Casual User,10,5203,4.491401
680,Casual User,1,5306,4.7619467
680,Casual User,2,5300,4.7518425
680,Casual User,3,5303,4.7487364
680,Casual User,4,5302,4.7396836
680,Casual User,5,5298,4.7231483
680,Casual User,6,5194,4.4985557
680,Casual User,7,5427,4.4963055
680,Casual User,8,5201,4.4960184
680,Casual User,9,5052,4.491929
680,Casual User,10,5203,4.4907184
681,Casual User,1,5306,4.7618747
681,Casual User,2,5300,4.7517633
681,Casual User,3,5303,4.7487154
681,Casual User,4,5302,4.7397037
681,Casual User,5,5298,4.7231016
681,Casual User,6,5194,4.4976506
681,Casual User,7,5427,4.496077
681,Casual User,8,5201,4.4952693
681,Casual User,9,5203,4.489956
681,Casual User,10,5101,4.488012
690,Casual User,1,5306,4.76512
690,Casual User,2,5300,4.755196
690,Casual User,3,5303,4.751704
690,Casual User,4,5302,4.742837
690,Casual User,5,5298,4.7261963
690,Casual User,6,5427,4.4995866
690,Casual User,7,5194,4.499013
690,Casual User,8,5201,4.496373
690,Casual User,9,5052,4.4928327
690,Casual User,10,5101,4.491914
693,Casual User,1,5306,4.76255
693,Casual User,2,5300,4.7526374
693,Casual User,3,5303,4.7492266
693,Casual User,4,5302,4.740204
693,Casual User,5,5298,4.7234917
693,Casual User,6,5194,4.5010233
693,Casual User,7,5201,4.4974494
693,Casual User,8,5427,4.496164
693,Casual User,9,5101,4.4947476
693,Casual User,10,5052,4.494487
697,Casual User,1,5306,4.760413
697,Casual User,2,5300,4.7503767
697,Casual User,3,5303,4.747262
697,Casual User,4,5302,4.7381387
697,Casual User,5,5298,4.721479
697,Casual User,6,5194,4.5000772
697,Casual User,7,5201,4.4967346
697,Casual User,8,5427,4.493903
697,Casual User,9,5052,4.492608
697,Casual User,10,5101,4.491944
701,Casual User,1,5306,4.761161
701,Casual User,2,5300,4.7511597
701,Casual User,3,5303,4.747979
701,Casual User,4,5302,4.738901
701,Casual User,5,5298,4.7222657
701,Casual User,6,5194,4.499691
701,Casual User,7,5201,4.496543
701,Casual User,8,5427,4.49485
701,Casual User,9,5052,4.491994
701,Casual User,10,5203,4.4910636
713,Casual User,1,5306,4.7587323
713,Casual User,2,5300,4.74854
713,Casual User,3,5303,4.7457485
713,Casual User,4,5302,4.7365575
713,Casual User,5,5298,4.719965
713,Casual User,6,5194,4.498403
713,Casual User,7,5201,4.495581
713,Casual User,8,5427,4.4923124
713,Casual User,9,5203,4.490089
713,Casual User,10,5214,4.4855247
718,Casual User,1,5306,4.759863
718,Casual User,2,5300,4.7497406
718,Casual User,3,5303,4.7467756
718,Casual User,4,5302,4.737636
718,Casual User,5,5298,4.7209864
718,Casual User,6,5194,4.499197
718,Casual User,7,5201,4.4961467
718,Casual User,8,5427,4.493384
718,Casual User,9,5203,4.4906964
718,Casual User,10,5214,4.486236
723,Casual User,1,5306,4.763081
723,Casual User,2,5300,4.7531276
723,Casual User,3,5303,4.749751
723,Casual User,4,5302,4.7407374
723,Casual User,5,5298,4.7241774
723,Casual User,6,5194,4.4999986
723,Casual User,7,5427,4.497343
723,Casual User,8,5201,4.4970174
723,Casual User,9,5052,4.493635
723,Casual User,10,5101,4.4927263
725,Casual User,1,5306,4.7641172
725,Casual User,2,5300,4.7542224
725,Casual User,3,5303,4.750685
725,Casual User,4,5302,4.7416887
725,Casual User,5,5298,4.725196
725,Casual User,6,5194,4.5007143
725,Casual User,7,5427,4.4987135
725,Casual User,8,5201,4.4976783
725,Casual User,9,5052,4.4952707
725,Casual User,10,5101,4.4946475
732,Casual User,1,5306,4.75986
732,Casual User,2,5300,4.749687
732,Casual User,3,5303,4.746811
732,Casual User,4,5302,4.737687
732,Casual User,5,5298,4.7210684
732,Casual User,6,5194,4.498167
732,Casual User,7,5201,4.495476
732,Casual User,8,5427,4.493593
732,Casual User,9,5203,4.4900637
732,Casual User,10,5101,4.4885874
734,Casual User,1,5306,4.7623787
734,Casual User,2,5300,4.752467
734,Casual User,3,5303,4.749073
734,Casual User,4,5302,4.740038
734,Casual User,5,5298,4.723365
734,Casual User,6,5194,4.500879
734,Casual User,7,5201,4.4973774
734,Casual User,8,5427,4.4960785
734,Casual User,9,5052,4.494078
734,Casual User,10,5101,4.493903
735,Casual User,1,5306,4.7618
735,Casual User,2,5300,4.7517986
735,Casual User,3,5303,4.748517
735,Casual User,4,5302,4.7394257
735,Casual User,5,5298,4.7228127
735,Casual User,6,5194,4.5007963
735,Casual User,7,5201,4.497435
735,Casual User,8,5427,4.495655
735,Casual User,9,5101,4.494986
735,Casual User,10,5052,4.494858
740,Casual User,1,5306,4.7622356
740,Casual User,2,5300,4.752125
740,Casual User,3,5303,4.748983
740,Casual User,4,5302,4.7399077
740,Casual User,5,5298,4.7234697
740,Casual User,6,5194,4.4988556
740,Casual User,7,5427,4.496969
740,Casual User,8,5201,4.496399
740,Casual User,9,5052,4.4930005
740,Casual User,10,5101,4.491527
745,Casual User,1,5306,4.7622714
745,Casual User,2,5300,4.752228
745,Casual User,3,5303,4.749028
745,Casual User,4,5302,4.740003
745,Casual User,5,5298,4.7233887
745,Casual User,6,5194,4.499114
745,Casual User,7,5427,4.4963346
745,Casual User,8,5201,4.496303
745,Casual User,9,5052,4.4923816
745,Casual User,10,5101,4.4913864
751,Casual User,1,5306,4.7633615
751,Casual User,2,5300,4.753462
751,Casual User,3,5303,4.7499943
751,Casual User,4,5302,4.7409854
751,Casual User,5,5298,4.7244234
751,Casual User,6,5194,4.5005717
751,Casual User,7,5427,4.4975944
751,Casual User,8,5201,4.4974136
751,Casual User,9,5052,4.4943223
751,Casual User,10,5101,4.4936023
756,Casual User,1,5306,4.759908
756,Casual User,2,5300,4.7496853
756,Casual User,3,5303,4.746881
756,Casual User,4,5302,4.737777
756,Casual User,5,5298,4.7211394
756,Casual User,6,5194,4.4974394
756,Casual User,7,5201,4.4949713
756,Casual User,8,5427,4.4936986
756,Casual User,9,5203,4.489619
756,Casual User,10,5214,4.484793
761,Casual User,1,5306,4.7607384
761,Casual User,2,5300,4.7506905
761,Casual User,3,5303,4.7475543
761,Casual User,4,5302,4.738428
761,Casual User,5,5298,4.721813
761,Casual User,6,5194,4.5001616
761,Casual User,7,5201,4.496908
761,Casual User,8,5427,4.4944386
761,Casual User,9,5052,4.4933057
761,Casual User,10,5101,4.4927845
764,Casual User,1,5306,4.7640786
764,Casual User,2,5300,4.754135
764,Casual User,3,5303,4.750649
764,Casual User,4,5302,4.7416487
764,Casual User,5,5298,4.725147
764,Casual User,6,5194,4.5005307
764,Casual User,7,5427,4.4986997
764,Casual User,8,5201,4.497576
764,Casual User,9,5101,4.4952908
764,Casual User,10,5203,4.4923134
778,Casual User,1,5306,4.7601395
778,Casual User,2,5300,4.7500134
778,Casual User,3,5303,4.747009
778,Casual User,4,5302,4.7378397
778,Casual User,5,5298,4.7213125
778,Casual User,6,5194,4.49952
778,Casual User,7,5201,4.496569
778,Casual User,8,5427,4.4940968
778,Casual User,9,5101,4.491659
778,Casual User,10,5203,4.4911485
779,Casual User,1,5306,4.762144
779,Casual User,2,5300,4.7520585
779,Casual User,3,5303,4.7489433
779,Casual User,4,5302,4.739936
779,Casual User,5,5298,4.7233047
779,Casual User,6,5194,4.498261
779,Casual User,7,5427,4.496228
779,Casual User,8,5201,4.495682
779,Casual User,9,5052,4.4911156
779,Casual User,10,5203,4.490378
790,Casual User,1,5306,4.7648897
790,Casual User,2,5300,4.754983
790,Casual User,3,5303,4.751461
790,Casual User,4,5302,4.7425594
790,Casual User,5,5298,4.7259474
790,Casual User,6,5194,4.4996448
790,Casual User,7,5427,4.4993362
790,Casual User,8,5201,4.4968333
790,Casual User,9,5052,4.4937034
790,Casual User,10,5101,4.4930143
792,Casual User,1,5306,4.761958
792,Casual User,2,5300,4.7519026
792,Casual User,3,5303,4.7487836
792,Casual User,4,5302,4.739786
792,Casual User,5,5298,4.7231216
792,Casual User,6,5194,4.498164
792,Casual User,7,5427,4.4958644
792,Casual User,8,5201,4.495519
792,Casual User,9,5052,4.490304
792,Casual User,10,5203,4.4901533
794,Casual User,1,5306,4.7629957
794,Casual User,2,5300,4.7529197
794,Casual User,3,5303,4.7497683
794,Casual User,4,5302,4.740833
794,Casual User,5,5298,4.7241488
794,Casual User,6,5194,4.4976435
794,Casual User,7,5427,4.4971356
794,Casual User,8,5201,4.495244
794,Casual User,9,5052,4.4903994
794,Casual User,10,5203,4.4900007
795,Casual User,1,5306,4.7603955
795,Casual User,2,5300,4.750306
795,Casual User,3,5303,4.7472587
795,Casual User,4,5302,4.738111
795,Casual User,5,5298,4.7215853
795,Casual User,6,5194,4.499418
795,Casual User,7,5201,4.4964857
795,Casual User,8,5427,4.4943786
795,Casual User,9,5052,4.492217
795,Casual User,10,5203,4.491034
796,Casual User,1,5306,4.7623067
796,Casual User,2,5300,4.752365
796,Casual User,3,5303,4.748991
796,Casual User,4,5302,4.739927
796,Casual User,5,5298,4.723322
796,Casual User,6,5194,4.50096
796,Casual User,7,5201,4.497555
796,Casual User,8,5427,4.4962263
796,Casual User,9,5101,4.4946165
796,Casual User,10,5203,4.4921517
797,Casual User,1,5306,4.762154
797,Casual User,2,5300,4.752136
797,Casual User,3,5303,4.748908
797,Casual User,4,5302,4.7398763
797,Casual User,5,5298,4.7232428
797,Casual User,6,5194,4.4994664
797,Casual User,7,5201,4.496502
797,Casual User,8,5427,4.4960833
797,Casual User,9,5052,4.492613
797,Casual User,10,5101,4.4917684
804,Casual User,1,5306,4.7612705
804,Casual User,2,5300,4.7511196
804,Casual User,3,5303,4.748113
804,Casual User,4,5302,4.7390327
804,Casual User,5,5298,4.7224884
804,Casual User,6,5194,4.4982805
804,Casual User,7,5201,4.495779
804,Casual User,8,5427,4.4955244
804,Casual User,9,5052,4.4914656
804,Casual User,10,5203,4.4904733
819,Casual User,1,5306,4.761189
819,Casual User,2,5300,4.751048
819,Casual User,3,5303,4.7480206
819,Casual User,4,5302,4.738908
819,Casual User,5,5298,4.7224474
819,Casual User,6,5194,4.498583
819,Casual User,7,5201,4.496089
819,Casual User,8,5427,4.4956694
819,Casual User,9,5052,4.491974
819,Casual User,10,5203,4.49076
820,Casual User,1,5306,4.764932
820,Casual User,2,5300,4.755101
820,Casual User,3,5303,4.751452
820,Casual User,4,5302,4.7425284
820,Casual User,5,5298,4.7259035
820,Casual User,6,5194,4.5009537
820,Casual User,7,5427,4.4992027
820,Casual User,8,5201,4.4977093
820,Casual User,9,5203,4.4923987
820,Casual User,10,5214,4.48804
824,Casual User,1,5306,4.760046
824,Casual User,2,5300,4.7499747
824,Casual User,3,5303,4.7469172
824,Casual User,4,5302,4.7377725
824,Casual User,5,5298,4.721114
824,Casual User,6,5194,4.500019
824,Casual User,7,5201,4.49669
824,Casual User,8,5427,4.493501
824,Casual User,9,5052,4.4926934
824,Casual User,10,5101,4.4921618
826,Casual User,1,5306,4.761467
826,Casual User,2,5300,4.7513967
826,Casual User,3,5303,4.7483034
826,Casual User,4,5302,4.739272
826,Casual User,5,5298,4.7225866
826,Casual User,6,5194,4.498627
826,Casual User,7,5201,4.495798
826,Casual User,8,5427,4.495187
826,Casual User,9,5203,4.4904194
826,Casual User,10,5101,4.4897676
833,Casual User,1,5306,4.762097
833,Casual User,2,5300,4.7520614
833,Casual User,3,5303,4.748805
833,Casual User,4,5302,4.7396955
833,Casual User,5,5298,4.723262
833,Casual User,6,5194,4.500169
833,Casual User,7,5201,4.497278
833,Casual User,8,5427,4.4966364
833,Casual User,9,5101,4.4936066
833,Casual User,10,5203,4.491931
839,Casual User,1,5306,4.7632556
839,Casual User,2,5300,4.7533245
839,Casual User,3,5303,4.749898
839,Casual User,4,5302,4.7408934
839,Casual User,5,5298,4.724286
839,Casual User,6,5194,4.500455
839,Casual User,7,5427,4.4973598
839,Casual User,8,5201,4.4972916
839,Casual User,9,5052,4.494374
839,Casual User,10,5203,4.4919386
841,Casual User,1,5306,4.7609625
841,Casual User,2,5300,4.750867
841,Casual User,3,5303,4.7478175
841,Casual User,4,5302,4.738729
841,Casual User,5,5298,4.722144
841,Casual User,6,5194,4.498776
841,Casual User,7,5201,4.496004
841,Casual User,8,5427,4.4949164
841,Casual User,9,5052,4.4913692
841,Casual User,10,5203,4.490605
842,Casual User,1,5306,4.761799
842,Casual User,2,5300,4.7518234
842,Casual User,3,5303,4.7485185
842,Casual User,4,5302,4.7394342
842,Casual User,5,5298,4.7228084
842,Casual User,6,5194,4.5008655
842,Casual User,7,5201,4.4974356
842,Casual User,8,5427,4.4955873
842,Casual User,9,5101,4.494561
842,Casual User,10,5203,4.492031
846,Casual User,1,5306,4.760096
846,Casual User,2,5300,4.750001
846,Casual User,3,5303,4.7470183
846,Casual User,4,5302,4.7379003
846,Casual User,5,5298,4.7212915
846,Casual User,6,5194,4.4987135
846,Casual User,7,5201,4.4958363
846,Casual User,8,5427,4.4937906
846,Casual User,9,5052,4.49049
846,Casual User,10,5203,4.4903507
860,Casual User,1,5306,4.760525
860,Casual User,2,5300,4.7505007
860,Casual User,3,5303,4.747365
860,Casual User,4,5302,4.738226
860,Casual User,5,5298,4.7216663
860,Casual User,6,5194,4.500007
860,Casual User,7,5201,4.4968214
860,Casual User,8,5427,4.494336
860,Casual User,9,5203,4.4913154
860,Casual User,10,5214,4.4869847
869,Casual User,1,5306,4.763819
869,Casual User,2,5300,4.7539787
869,Casual User,3,5303,4.750378
869,Casual User,4,5302,4.7413707
869,Casual User,5,5298,4.7247887
869,Casual User,6,5194,4.501698
869,Casual User,7,5201,4.4981737
869,Casual User,8,5427,4.497995
869,Casual User,9,5101,4.4963
869,Casual User,10,5052,4.496139
876,Casual User,1,5306,4.7632346
876,Casual User,2,5300,4.753229
876,Casual User,3,5303,4.749885
876,Casual User,4,5302,4.740857
876,Casual User,5,5298,4.7243543
876,Casual User,6,5194,4.49988
876,Casual User,7,5427,4.497776
876,Casual User,8,5201,4.4970684
876,Casual User,9,5101,4.493675
876,Casual User,10,5203,4.491791
881,Casual User,1,5306,4.761053
881,Casual User,2,5300,4.751037
881,Casual User,3,5303,4.747878
881,Casual User,4,5302,4.7388005
881,Casual User,5,5298,4.7221327
881,Casual User,6,5194,4.4996905
881,Casual User,7,5201,4.496502
881,Casual User,8,5427,4.494634
881,Casual User,9,5052,4.492064
881,Casual User,10,5101,4.4911127
885,Casual User,1,5306,4.761265
885,Casual User,2,5300,4.751178
885,Casual User,3,5303,4.748077
885,Casual User,4,5302,4.7389836
885,Casual User,5,5298,4.7224207
885,Casual User,6,5194,4.499219
885,Casual User,7,5201,4.4963813
885,Casual User,8,5427,4.495319
885,Casual User,9,5052,4.49244
885,Casual User,10,5101,4.491297
887,Casual User,1,5306,4.7618294
887,Casual User,2,5300,4.7516513
887,Casual User,3,5303,4.748687
887,Casual User,4,5302,4.739682
887,Casual User,5,5298,4.7230616
887,Casual User,6,5194,4.497093
887,Casual User,7,5427,4.4960976
887,Casual User,8,5201,4.494903
887,Casual User,9,5203,4.4896708
887,Casual User,10,5214,4.484659
889,Casual User,1,5306,4.760893
889,Casual User,2,5300,4.7507653
889,Casual User,3,5303,4.7477627
889,Casual User,4,5302,4.7386622
889,Casual User,5,5298,4.7221403
889,Casual User,6,5194,4.4983616
889,Casual User,7,5201,4.495804
889,Casual User,8,5427,4.4951043
889,Casual User,9,5052,4.491022
889,Casual User,10,5203,4.490426
896,Casual User,1,5306,4.7635336
896,Casual User,2,5300,4.7536154
896,Casual User,3,5303,4.75015
896,Casual User,4,5302,4.7411475
896,Casual User,5,5298,4.724575
896,Casual User,6,5194,4.500581
896,Casual User,7,5427,4.4977846
896,Casual User,8,5201,4.497443
896,Casual User,9,5101,4.494375
896,Casual User,10,5203,4.4921
901,Casual User,1,5306,4.7633815
901,Casual User,2,5300,4.7534404
901,Casual User,3,5303,4.7500353
901,Casual User,4,5302,4.741064
901,Casual User,5,5298,4.7243857
901,Casual User,6,5194,4.5000753
901,Casual User,7,5427,4.497312
901,Casual User,8,5201,4.4969463
901,Casual User,9,5101,4.493544
901,Casual User,10,5203,4.4916162
904,Casual User,1,5306,4.760872
904,Casual User,2,5300,4.7506666
904,Casual User,3,5303,4.7477508
904,Casual User,4,5302,4.738646
904,Casual User,5,5298,4.7221403
904,Casual User,6,5194,4.4978566
904,Casual User,7,5201,4.495531
904,Casual User,8,5427,4.495268
904,Casual User,9,5052,4.4911046
904,Casual User,10,5203,4.4902477
905,Casual User,1,5306,4.7625775
905,Casual User,2,5300,4.752599
905,Casual User,3,5303,4.7492714
905,Casual User,4,5302,4.740235
905,Casual User,5,5298,4.72363
905,Casual User,6,5194,4.500201
905,Casual User,7,5201,4.497084
905,Casual User,8,5427,4.496608
905,Casual User,9,5101,4.493566
905,Casual User,10,5203,4.491724
907,Casual User,1,5306,4.762495
907,Casual User,2,5300,4.7523685
907,Casual User,3,5303,4.7492757
907,Casual User,4,5302,4.7402534
907,Casual User,5,5298,4.7237787
907,Casual User,6,5194,4.497742
907,Casual User,7,5427,4.497287
907,Casual User,8,5201,4.495584
907,Casual User,9,5203,4.490347
907,Casual User,10,5101,4.489009
909,Casual User,1,5306,4.761552
909,Casual User,2,5300,4.7515535
909,Casual User,3,5303,4.74835
909,Casual User,4,5302,4.7393036
909,Casual User,5,5298,4.722625
909,Casual User,6,5194,4.499588
909,Casual User,7,5201,4.4964523
909,Casual User,8,5427,4.4951863
909,Casual User,9,5052,4.492025
909,Casual User,10,5101,4.491069
913,Casual User,1,5306,4.760603
913,Casual User,2,5300,4.7504325
913,Casual User,3,5303,4.747533
913,Casual User,4,5302,4.738475
913,Casual User,5,5298,4.7218027
913,Casual User,6,5194,4.4975495
913,Casual User,7,5201,4.4950304
913,Casual User,8,5427,4.4943647
913,Casual User,9,5203,4.489679
913,Casual User,10,5052,4.4895744
919,Casual User,1,5306,4.761608
919,Casual User,2,5300,4.751633
919,Casual User,3,5303,4.748336
919,Casual User,4,5302,4.7392187
919,Casual User,5,5298,4.7226896
919,Casual User,6,5194,4.500868
919,Casual User,7,5201,4.497546
919,Casual User,8,5427,4.495656
919,Casual User,9,5052,4.494586
919,Casual User,10,5101,4.494012
925,Casual User,1,5306,4.762244
925,Casual User,2,5300,4.7522554
925,Casual User,3,5303,4.74893
925,Casual User,4,5302,4.7398405
925,Casual User,5,5298,4.7233186
925,Casual User,6,5194,4.5007095
925,Casual User,7,5201,4.4975367
925,Casual User,8,5427,4.496462
925,Casual User,9,5052,4.4950323
925,Casual User,10,5203,4.4921665
927,Casual User,1,5306,4.7634296
927,Casual User,2,5300,4.753473
927,Casual User,3,5303,4.7500734
927,Casual User,4,5302,4.7410727
927,Casual User,5,5298,4.724517
927,Casual User,6,5194,4.5000057
927,Casual User,7,5427,4.4977813
927,Casual User,8,5201,4.497067
927,Casual User,9,5052,4.4940166
927,Casual User,10,5101,4.4932847
929,Casual User,1,5306,4.7632723
929,Casual User,2,5300,4.753273
929,Casual User,3,5303,4.749945
929,Casual User,4,5302,4.7409387
929,Casual User,5,5298,4.7244196
929,Casual User,6,5194,4.499428
929,Casual User,7,5427,4.4977913
929,Casual User,8,5201,4.4967127
929,Casual User,9,5101,4.492194
929,Casual User,10,5203,4.491419
930,Casual User,1,5306,4.7611527
930,Casual User,2,5300,4.7510824
930,Casual User,3,5303,4.7479687
930,Casual User,4,5302,4.738865
930,Casual User,5,5298,4.7223215
930,Casual User,6,5194,4.4993486
930,Casual User,7,5201,4.496473
930,Casual User,8,5427,4.4952183
930,Casual User,9,5052,4.4924116
930,Casual User,10,5101,4.4910917
933,Casual User,1,5306,4.7621403
933,Casual User,2,5300,4.752084
933,Casual User,3,5303,4.7489033
933,Casual User,4,5302,4.739875
933,Casual User,5,5298,4.7232375
933,Casual User,6,5194,4.4991403
933,Casual User,7,5201,4.496292
933,Casual User,8,5427,4.496113
933,Casual User,9,5052,4.492482
933,Casual User,10,5203,4.4909706
940,Casual User,1,5306,4.7615304
940,Casual User,2,5300,4.751408
940,Casual User,3,5303,4.748368
940,Casual User,4,5302,4.739315
940,Casual User,5,5298,4.722743
940,Casual User,6,5194,4.498159
940,Casual User,7,5427,4.4957256
940,Casual User,8,5201,4.495654
940,Casual User,9,5203,4.490332
940,Casual User,10,5214,4.4855437
946,Casual User,1,5306,4.762123
946,Casual User,2,5300,4.752081
946,Casual User,3,5303,4.7488694
946,Casual User,4,5302,4.7398067
946,Casual User,5,5298,4.7232776
946,Casual User,6,5194,4.499445
946,Casual User,7,5201,4.4966364
946,Casual User,8,5427,4.4964104
946,Casual User,9,5052,4.4930167
946,Casual User,10,5101,4.4918613
951,Casual User,1,5306,4.7630906
951,Casual User,2,5300,4.7531776
951,Casual User,3,5303,4.749782
951,Casual User,4,5302,4.7408037
951,Casual User,5,5298,4.724159
951,Casual User,6,5194,4.4998226
951,Casual User,7,5427,4.4970484
951,Casual User,8,5201,4.496743
951,Casual User,9,5052,4.4925966
951,Casual User,10,5203,4.491331
956,Casual User,1,5306,4.760652
956,Casual User,2,5300,4.7505994
956,Casual User,3,5303,4.747493
956,Casual User,4,5302,4.7383866
956,Casual User,5,5298,4.7217197
956,Casual User,6,5194,4.499811
956,Casual User,7,5201,4.496583
956,Casual User,8,5427,4.4941874
956,Casual User,9,5052,4.492522
956,Casual User,10,5101,4.491902
962,Casual User,1,5306,4.763635
962,Casual User,2,5300,4.7536263
962,Casual User,3,5303,4.750301
962,Casual User,4,5302,4.741325
962,Casual User,5,5298,4.724795
962,Casual User,6,5194,4.4990063
962,Casual User,7,5427,4.498242
962,Casual User,8,5201,4.496439
962,Casual User,9,5052,4.492919
962,Casual User,10,5203,4.4911847
967,Casual User,1,5306,4.7609653
967,Casual User,2,5300,4.750876
967,Casual User,3,5303,4.7478385
967,Casual User,4,5302,4.7387743
967,Casual User,5,5298,4.7221327
967,Casual User,6,5194,4.4984913
967,Casual User,7,5201,4.495718
967,Casual User,8,5427,4.494747
967,Casual User,9,5052,4.4906216
967,Casual User,10,5203,4.490308
1001,Casual User,1,5306,4.7625175
1001,Casual User,2,5300,4.752449
1001,Casual User,3,5303,4.749258
1001,Casual User,4,5302,4.740233
1001,Casual User,5,5298,4.72367
1001,Casual User,6,5194,4.498906
1001,Casual User,7,5427,4.4968433
1001,Casual User,8,5201,4.4962654
1001,Casual User,9,5101,4.491474
1001,Casual User,10,5203,4.4909844
1002,Casual User,1,5306,4.764077
1002,Casual User,2,5300,4.754154
1002,Casual User,3,5303,4.7507076
1002,Casual User,4,5302,4.7417827
1002,Casual User,5,5298,4.725114
1002,Casual User,6,5194,4.4996147
1002,Casual User,7,5427,4.498187
1002,Casual User,8,5201,4.4966726
1002,Casual User,9,5052,4.4931173
1002,Casual User,10,5101,4.492486
1007,Casual User,1,5306,4.7649374
1007,Casual User,2,5300,4.7550626
1007,Casual User,3,5303,4.751495
1007,Casual User,4,5302,4.7426004
1007,Casual User,5,5298,4.7259455
1007,Casual User,6,5194,4.5000343
1007,Casual User,7,5427,4.4991975
1007,Casual User,8,5201,4.49704
1007,Casual User,9,5052,4.4940367
1007,Casual User,10,5203,4.4917645
1011,Casual User,1,5306,4.7635555
1011,Casual User,2,5300,4.753622
1011,Casual User,3,5303,4.750183
1011,Casual User,4,5302,4.7411976
1011,Casual User,5,5298,4.724577
1011,Casual User,6,5194,4.5003333
1011,Casual User,7,5427,4.497686
1011,Casual User,8,5201,4.497219
1011,Casual User,9,5101,4.494178
1011,Casual User,10,5203,4.491897
1019,Casual User,1,5306,4.761289
1019,Casual User,2,5300,4.7512674
1019,Casual User,3,5303,4.748063
1019,Casual User,4,5302,4.738964
1019,Casual User,5,5298,4.7223363
1019,Casual User,6,5194,4.5003242
1019,Casual User,7,5201,4.4970407
1019,Casual User,8,5427,4.4950266
1019,Casual User,9,5052,4.4937086
1019,Casual User,10,5101,4.493391
1020,Casual User,1,5306,4.760125
1020,Casual User,2,5300,4.7500243
1020,Casual User,3,5303,4.747015
1020,Casual User,4,5302,4.7378745
1020,Casual User,5,5298,4.7212763
1020,Casual User,6,5194,4.4993167
1020,Casual User,7,5201,4.4963045
1020,Casual User,8,5427,4.4938354
1020,Casual User,9,5052,4.491854
1020,Casual User,10,5203,4.4908476
1026,Casual User,1,5306,4.7624345
1026,Casual User,2,5300,4.752391
1026,Casual User,3,5303,4.7491703
1026,Casual User,4,5302,4.7401314
1026,Casual User,5,5298,4.723591
1026,Casual User,6,5194,4.499204
1026,Casual User,7,5427,4.496767
1026,Casual User,8,5201,4.496479
1026,Casual User,9,5052,4.49279
1026,Casual User,10,5203,4.49116
1027,Casual User,1,5306,4.758768
1027,Casual User,2,5300,4.748546
1027,Casual User,3,5303,4.745816
1027,Casual User,4,5302,4.736676
1027,Casual User,5,5298,4.7199492
1027,Casual User,6,5194,4.497718
1027,Casual User,7,5201,4.4949417
1027,Casual User,8,5427,4.491995
1027,Casual User,9,5203,4.4894896
1027,Casual User,10,5052,4.4890327
1039,Casual User,1,5306,4.765244
1039,Casual User,2,5300,4.7553816
1039,Casual User,3,5303,4.7517614
1039,Casual User,4,5302,4.742837
1039,Casual User,5,5298,4.7263355
1039,Casual User,6,5194,4.500269
1039,Casual User,7,5427,4.500037
1039,Casual User,8,5201,4.4974227
1039,Casual User,9,5101,4.493925
1039,Casual User,10,5203,4.4921513
1040,Casual User,1,5306,4.763298
1040,Casual User,2,5300,4.753293
1040,Casual User,3,5303,4.7500057
1040,Casual User,4,5302,4.7410574
1040,Casual User,5,5298,4.7243814
1040,Casual User,6,5194,4.4988346
1040,Casual User,7,5427,4.497358
1040,Casual User,8,5201,4.496089
1040,Casual User,9,5052,4.492039
1040,Casual User,10,5203,4.4908047
1042,Casual User,1,5306,4.7615957
1042,Casual User,2,5300,4.7515144
1042,Casual User,3,5303,4.748372
1042,Casual User,4,5302,4.7392735
1042,Casual User,5,5298,4.722764
1042,Casual User,6,5194,4.499434
1042,Casual User,7,5201,4.4966364
1042,Casual User,8,5427,4.4958773
1042,Casual User,9,5052,4.4931655
1042,Casual User,10,5101,4.492077
1043,Casual User,1,5306,4.7602997
1043,Casual User,2,5300,4.750147
1043,Casual User,3,5303,4.747199
1043,Casual User,4,5302,4.738057
1043,Casual User,5,5298,4.721559
1043,Casual User,6,5194,4.4985085
1043,Casual User,7,5201,4.495902
1043,Casual User,8,5427,4.4944754
1043,Casual User,9,5052,4.4912095
1043,Casual User,10,5203,4.4905024
1053,Casual User,1,5306,4.7604465
1053,Casual User,2,5300,4.7503943
1053,Casual User,3,5303,4.74728
1053,Casual User,4,5302,4.738145
1053,Casual User,5,5298,4.721502
1053,Casual User,6,5194,4.5002584
1053,Casual User,7,5201,4.496908
1053,Casual User,8,5427,4.494004
1053,Casual User,9,5052,4.4932747
1053,Casual User,10,5101,4.492908
1062,Casual User,1,5306,4.761764
1062,Casual User,2,5300,4.7517924
1062,Casual User,3,5303,4.748495
1062,Casual User,4,5302,4.739406
1062,Casual User,5,5298,4.722823
1062,Casual User,6,5194,4.500647
1062,Casual User,7,5201,4.4973307
1062,Casual User,8,5427,4.4956775
1062,Casual User,9,5101,4.493597
1062,Casual User,10,5203,4.4918995
1071,Casual User,1,5306,4.760399
1071,Casual User,2,5300,4.7503033
1071,Casual User,3,5303,4.747231
1071,Casual User,4,5302,4.738057
1071,Casual User,5,5298,4.7215586
1071,Casual User,6,5194,4.499995
1071,Casual User,7,5201,4.4969525
1071,Casual User,8,5427,4.4944487
1071,Casual User,9,5052,4.4935555
1071,Casual User,10,5101,4.4926286
1074,Casual User,1,5306,4.7655535
1074,Casual User,2,5300,4.7557545
1074,Casual User,3,5303,4.752036
1074,Casual User,4,5302,4.743125
1074,Casual User,5,5298,4.7266016
1074,Casual User,6,5194,4.5008283
1074,Casual User,7,5427,4.5002427
1074,Casual User,8,5201,4.497777
1074,Casual User,9,5052,4.4952993
1074,Casual User,10,5203,4.492464
1076,Casual User,1,5306,4.7611876
1076,Casual User,2,5300,4.751197
1076,Casual User,3,5303,4.747984
1076,Casual User,4,5302,4.738908
1076,Casual User,5,5298,4.722212
1076,Casual User,6,5194,4.500231
1076,Casual User,7,5201,4.4968348
1076,Casual User,8,5427,4.4946713
1076,Casual User,9,5052,4.492853
1076,Casual User,10,5101,4.492397
1078,Casual User,1,5306,4.762448
1078,Casual User,2,5300,4.752504
1078,Casual User,3,5303,4.7491307
1078,Casual User,4,5302,4.7400804
1078,Casual User,5,5298,4.723465
1078,Casual User,6,5194,4.5007844
1078,Casual User,7,5201,4.497435
1078,Casual User,8,5427,4.4963694
1078,Casual User,9,5052,4.4945383
1078,Casual User,10,5101,4.4943614
1084,Casual User,1,5306,4.7633457
1084,Casual User,2,5300,4.7533383
1084,Casual User,3,5303,4.750044
1084,Casual User,4,5302,4.741083
1084,Casual User,5,5298,4.7244554
1084,Casual User,6,5194,4.498893
1084,Casual User,7,5427,4.49757
1084,Casual User,8,5201,4.4961996
1084,Casual User,9,5101,4.4912343
1084,Casual User,10,5203,4.49092
1090,Casual User,1,5306,4.763182
1090,Casual User,2,5300,4.7532625
1090,Casual User,3,5303,4.749834
1090,Casual User,4,5302,4.7408304
1090,Casual User,5,5298,4.7242203
1090,Casual User,6,5194,4.5004153
1090,Casual User,7,5427,4.4972525
1090,Casual User,8,5201,4.4972396
1090,Casual User,9,5052,4.494062
1090,Casual User,10,5203,4.4918623
1098,Casual User,1,5306,4.7597857
1098,Casual User,2,5300,4.749592
1098,Casual User,3,5303,4.7467346
1098,Casual User,4,5302,4.737618
1098,Casual User,5,5298,4.72092
1098,Casual User,6,5194,4.4983196
1098,Casual User,7,5201,4.4955015
1098,Casual User,8,5427,4.4932575
1098,Casual User,9,5052,4.4907303
1098,Casual User,10,5203,4.4901247
1102,Casual User,1,5306,4.763528
1102,Casual User,2,5300,4.753643
1102,Casual User,3,5303,4.750127
1102,Casual User,4,5302,4.7411137
1102,Casual User,5,5298,4.7245436
1102,Casual User,6,5194,4.501098
1102,Casual User,7,5201,4.4977818
1102,Casual User,8,5427,4.4977393
1102,Casual User,9,5052,4.4953065
1102,Casual User,10,5101,4.4951034
1104,Casual User,1,5306,4.762028
1104,Casual User,2,5300,4.7519026
1104,Casual User,3,5303,4.748826
1104,Casual User,4,5302,4.739795
1104,Casual User,5,5298,4.7232122
1104,Casual User,6,5194,4.498223
1104,Casual User,7,5427,4.496299
1104,Casual User,8,5201,4.495744
1104,Casual User,9,5203,4.4904804
1104,Casual User,10,5214,4.4856477
1106,Casual User,1,5306,4.7631483
1106,Casual User,2,5300,4.753214
1106,Casual User,3,5303,4.749801
1106,Casual User,4,5302,4.74079
1106,Casual User,5,5298,4.7241993
1106,Casual User,6,5194,4.500364
1106,Casual User,7,5427,4.49729
1106,Casual User,8,5201,4.497237
1106,Casual User,9,5052,4.494162
1106,Casual User,10,5101,4.493634
1112,Casual User,1,5306,4.7617064
1112,Casual User,2,5300,4.751672
1112,Casual User,3,5303,4.748492
1112,Casual User,4,5302,4.7394133
1112,Casual User,5,5298,4.722906
1112,Casual User,6,5194,4.49926
1112,Casual User,7,5201,4.496475
1112,Casual User,8,5427,4.495977
1112,Casual User,9,5052,4.492204
1112,Casual User,10,5203,4.4910684
1113,Casual User,1,5306,4.7616234
1113,Casual User,2,5300,4.751534
1113,Casual User,3,5303,4.748447
1113,Casual User,4,5302,4.7393847
1113,Casual User,5,5298,4.722866
1113,Casual User,6,5194,4.498384
1113,Casual User,7,5427,4.495963
1113,Casual User,8,5201,4.4958644
1113,Casual User,9,5052,4.4911237
1113,Casual User,10,5203,4.4905047
1122,Casual User,1,5306,4.7609005
1122,Casual User,2,5300,4.7508507
1122,Casual User,3,5303,4.7477055
1122,Casual User,4,5302,4.738556
1122,Casual User,5,5298,4.7220893
1122,Casual User,6,5194,4.4999437
1122,Casual User,7,5201,4.496959
1122,Casual User,8,5427,4.4951067
1122,Casual User,9,5052,4.4932437
1122,Casual User,10,5203,4.4915104
1124,Casual User,1,5306,4.760935
1124,Casual User,2,5300,4.750858
1124,Casual User,3,5303,4.7477465
1124,Casual User,4,5302,4.7386227
1124,Casual User,5,5298,4.72206
1124,Casual User,6,5194,4.4997644
1124,Casual User,7,5201,4.4967413
1124,Casual User,8,5427,4.494883
1124,Casual User,9,5052,4.493162
1124,Casual User,10,5203,4.4913397
1129,Casual User,1,5306,4.7595353
1129,Casual User,2,5300,4.7493105
1129,Casual User,3,5303,4.7465177
1129,Casual User,4,5302,4.7373877
1129,Casual User,5,5298,4.7207403
1129,Casual User,6,5194,4.4978147
1129,Casual User,7,5201,4.495197
1129,Casual User,8,5427,4.493185
1129,Casual User,9,5052,4.490017
1129,Casual User,10,5203,4.4898205
1130,Casual User,1,5306,4.7599616
1130,Casual User,2,5300,4.7497396
1130,Casual User,3,5303,4.7469273
1130,Casual User,4,5302,4.737805
1130,Casual User,5,5298,4.7212553
1130,Casual User,6,5194,4.497406
1130,Casual User,7,5201,4.4950643
1130,Casual User,8,5427,4.4940624
1130,Casual User,9,5203,4.489706
1130,Casual User,10,5052,4.4896436
1131,Casual User,1,5306,4.760877
1131,Casual User,2,5300,4.750698
1131,Casual User,3,5303,4.7477317
1131,Casual User,4,5302,4.738642
1131,Casual User,5,5298,4.721992
1131,Casual User,6,5194,4.49864
1131,Casual User,7,5201,4.4958973
1131,Casual User,8,5427,4.4947033
1131,Casual User,9,5052,4.4921865
1131,Casual User,10,5203,4.4906144
1139,Casual User,1,5306,4.7613683
1139,Casual User,2,5300,4.751355
1139,Casual User,3,5303,4.748165
1139,Casual User,4,5302,4.7390957
1139,Casual User,5,5298,4.7224417
1139,Casual User,6,5194,4.4997864
1139,Casual User,7,5201,4.4966235
1139,Casual User,8,5427,4.4950514
1139,Casual User,9,5052,4.492513
1139,Casual User,10,5203,4.4911866
1141,Casual User,1,5306,4.7643785
1141,Casual User,2,5300,4.7543297
1141,Casual User,3,5303,4.751068
1141,Casual User,4,5302,4.742219
1141,Casual User,5,5298,4.725475
1141,Casual User,6,5427,4.4986153
1141,Casual User,7,5194,4.4974804
1141,Casual User,8,5201,4.4951673
1141,Casual User,9,5052,4.4908175
1141,Casual User,10,5203,4.490028
1145,Casual User,1,5306,4.7612667
1145,Casual User,2,5300,4.751191
1145,Casual User,3,5303,4.7480593
1145,Casual User,4,5302,4.738948
1145,Casual User,5,5298,4.7224064
1145,Casual User,6,5194,4.4996543
1145,Casual User,7,5201,4.496719
1145,Casual User,8,5427,4.495355
1145,Casual User,9,5052,4.4932117
1145,Casual User,10,5101,4.492308
1151,Casual User,1,5306,4.7625732
1151,Casual User,2,5300,4.75263
1151,Casual User,3,5303,4.7492237
1151,Casual User,4,5302,4.740157
1151,Casual User,5,5298,4.7235737
1151,Casual User,6,5194,4.5012183
1151,Casual User,7,5201,4.497801
1151,Casual User,8,5427,4.496607
1151,Casual User,9,5052,4.4955945
1151,Casual User,10,5203,4.4924335
1154,Casual User,1,5306,4.762538
1154,Casual User,2,5300,4.752556
1154,Casual User,3,5303,4.749233
1154,Casual User,4,5302,4.740197
1154,Casual User,5,5298,4.723572
1154,Casual User,6,5194,4.5002494
1154,Casual User,7,5201,4.497093
1154,Casual User,8,5427,4.4964976
1154,Casual User,9,5052,4.4940705
1154,Casual User,10,5101,4.4938345
1156,Casual User,1,5306,4.761055
1156,Casual User,2,5300,4.7509584
1156,Casual User,3,5303,4.7479196
1156,Casual User,4,5302,4.7388387
1156,Casual User,5,5298,4.72229
1156,Casual User,6,5194,4.4983807
1156,Casual User,7,5201,4.495769
1156,Casual User,8,5427,4.4951744
1156,Casual User,9,5203,4.490365
1156,Casual User,10,5101,4.4886103
1161,Casual User,1,5306,4.764114
1161,Casual User,2,5300,4.754151
1161,Casual User,3,5303,4.7507257
1161,Casual User,4,5302,4.7417545
1161,Casual User,5,5298,4.7252507
1161,Casual User,6,5194,4.4995694
1161,Casual User,7,5427,4.498818
1161,Casual User,8,5201,4.49689
1161,Casual User,9,5052,4.493851
1161,Casual User,10,5101,4.4927793
1166,Casual User,1,5306,4.761877
1166,Casual User,2,5300,4.75181
1166,Casual User,3,5303,4.74865
1166,Casual User,4,5302,4.739588
1166,Casual User,5,5298,4.7230253
1166,Casual User,6,5194,4.499198
1166,Casual User,7,5201,4.4964113
1166,Casual User,8,5427,4.496044
1166,Casual User,9,5052,4.4926286
1166,Casual User,10,5203,4.491073
1167,Casual User,1,5306,4.7606754
1167,Casual User,2,5300,4.7505727
1167,Casual User,3,5303,4.747555
1167,Casual User,4,5302,4.738489
1167,Casual User,5,5298,4.7217417
1167,Casual User,6,5194,4.498868
1167,Casual User,7,5201,4.495848
1167,Casual User,8,5427,4.4940505
1167,Casual User,9,5052,4.491233
1167,Casual User,10,5101,4.490556
1172,Casual User,1,5306,4.761069
1172,Casual User,2,5300,4.7509584
1172,Casual User,3,5303,4.747957
1172,Casual User,4,5302,4.738903
1172,Casual User,5,5298,4.722303
1172,Casual User,6,5194,4.4978757
1172,Casual User,7,5201,4.4953494
1172,Casual User,8,5427,4.4950767
1172,Casual User,9,5203,4.489959
1172,Casual User,10,5052,4.4898434
1176,Casual User,1,5306,4.760837
1176,Casual User,2,5300,4.7508125
1176,Casual User,3,5303,4.747608
1176,Casual User,4,5302,4.738466
1176,Casual User,5,5298,4.721842
1176,Casual User,6,5194,4.501049
1176,Casual User,7,5201,4.49751
1176,Casual User,8,5101,4.4951124
1176,Casual User,9,5052,4.4948545
1176,Casual User,10,5427,4.4944887
1187,Casual User,1,5306,4.758562
1187,Casual User,2,5300,4.7483196
1187,Casual User,3,5303,4.74564
1187,Casual User,4,5302,4.736492
1187,Casual User,5,5298,4.7198014
1187,Casual User,6,5194,4.4972754
1187,Casual User,7,5201,4.494658
1187,Casual User,8,5427,4.4919124
1187,Casual User,9,5203,4.4891977
1187,Casual User,10,5101,4.486192
1191,Casual User,1,5306,4.7619085
1191,Casual User,2,5300,4.751907
1191,Casual User,3,5303,4.748654
1191,Casual User,4,5302,4.7395973
1191,Casual User,5,5298,4.7229524
1191,Casual User,6,5194,4.5000887
1191,Casual User,7,5201,4.496902
1191,Casual User,8,5427,4.4957047
1191,Casual User,9,5052,4.493457
1191,Casual User,10,5101,4.4930625
1194,Casual User,1,5306,4.759061
1194,Casual User,2,5300,4.7488394
1194,Casual User,3,5303,4.746049
1194,Casual User,4,5302,4.736864
1194,Casual User,5,5298,4.7202907
1194,Casual User,6,5194,4.498344
1194,Casual User,7,5201,4.4956245
1194,Casual User,8,5427,4.492809
1194,Casual User,9,5052,4.4907246
1194,Casual User,10,5203,4.4902024
1203,Casual User,1,5306,4.7624245
1203,Casual User,2,5300,4.7524595
1203,Casual User,3,5303,4.7491055
1203,Casual User,4,5302,4.7400417
1203,Casual User,5,5298,4.7234664
1203,Casual User,6,5194,4.5007076
1203,Casual User,7,5201,4.497457
1203,Casual User,8,5427,4.496486
1203,Casual User,9,5052,4.494743
1203,Casual User,10,5203,4.4920793
1210,Casual User,1,5306,4.7649617
1210,Casual User,2,5300,4.755104
1210,Casual User,3,5303,4.751536
1210,Casual User,4,5302,4.742669
1210,Casual User,5,5298,4.7259417
1210,Casual User,6,5194,4.499843
1210,Casual User,7,5427,4.4989867
1210,Casual User,8,5201,4.4967947
1210,Casual User,9,5052,4.4933453
1210,Casual User,10,5101,4.4929934
1212,Casual User,1,5306,4.762153
1212,Casual User,2,5300,4.752129
1212,Casual User,3,5303,4.7489285
1212,Casual User,4,5302,4.739894
1212,Casual User,5,5298,4.723341
1212,Casual User,6,5194,4.498907
1212,Casual User,7,5427,4.4963818
1212,Casual User,8,5201,4.496195
1212,Casual User,9,5203,4.4908123
1212,Casual User,10,5101,4.489864
1213,Casual User,1,5306,4.762781
1213,Casual User,2,5300,4.752839
1213,Casual User,3,5303,4.749448
1213,Casual User,4,5302,4.7403965
1213,Casual User,5,5298,4.7238774
1213,Casual User,6,5194,4.500509
1213,Casual User,7,5201,4.4974027
1213,Casual User,8,5427,4.497076
1213,Casual User,9,5052,4.494368
1213,Casual User,10,5203,4.4920106
1219,Casual User,1,5306,4.761021
1219,Casual User,2,5300,4.750988
1219,Casual User,3,5303,4.747841
1219,Casual User,4,5302,4.7387457
1219,Casual User,5,5298,4.7221212
1219,Casual User,6,5194,4.499733
1219,Casual User,7,5201,4.496605
1219,Casual User,8,5427,4.4947467
1219,Casual User,9,5052,4.4924464
1219,Casual User,10,5101,4.4914947
1223,Casual User,1,5306,4.759188
1223,Casual User,2,5300,4.748962
1223,Casual User,3,5303,4.7462416
1223,Casual User,4,5302,4.7371354
1223,Casual User,5,5298,4.72045
1223,Casual User,6,5194,4.496885
1223,Casual User,7,5201,4.494429
1223,Casual User,8,5427,4.4927063
1223,Casual User,9,5203,4.488998
1223,Casual User,10,5101,4.4854136
1242,Casual User,1,5306,4.759707
1242,Casual User,2,5300,4.7496157
1242,Casual User,3,5303,4.746603
1242,Casual User,4,5302,4.737444
1242,Casual User,5,5298,4.7207794
1242,Casual User,6,5194,4.4999404
1242,Casual User,7,5201,4.496608
1242,Casual User,8,5427,4.4930973
1242,Casual User,9,5101,4.4919853
1242,Casual User,10,5203,4.4911337
1249,Casual User,1,5306,4.7616796
1249,Casual User,2,5300,4.751642
1249,Casual User,3,5303,4.748453
1249,Casual User,4,5302,4.73938
1249,Casual User,5,5298,4.722794
1249,Casual User,6,5194,4.499628
1249,Casual User,7,5201,4.4966497
1249,Casual User,8,5427,4.4956727
1249,Casual User,9,5052,4.492876
1249,Casual User,10,5101,4.491946
1257,Casual User,1,5306,4.762348
1257,Casual User,2,5300,4.7523403
1257,Casual User,3,5303,4.7490797
1257,Casual User,4,5302,4.740059
1257,Casual User,5,5298,4.7233915
1257,Casual User,6,5194,4.499711
1257,Casual User,7,5201,4.4966497
1257,Casual User,8,5427,4.4961843
1257,Casual User,9,5052,4.493105
1257,Casual User,10,5101,4.492683
1264,Casual User,1,5306,4.761356
1264,Casual User,2,5300,4.7512856
1264,Casual User,3,5303,4.7481833
1264,Casual User,4,5302,4.739111
1264,Casual User,5,5298,4.722541
1264,Casual User,6,5194,4.498846
1264,Casual User,7,5201,4.4960914
1264,Casual User,8,5427,4.495412
1264,Casual User,9,5052,4.4914947
1264,Casual User,10,5203,4.490696
1273,Casual User,1,5306,4.7619877
1273,Casual User,2,5300,4.751982
1273,Casual User,3,5303,4.7486944
1273,Casual User,4,5302,4.739598
1273,Casual User,5,5298,4.7230606
1273,Casual User,6,5194,4.5006037
1273,Casual User,7,5201,4.4974284
1273,Casual User,8,5427,4.496123
1273,Casual User,9,5101,4.4944935
1273,Casual User,10,5203,4.492054
1275,Casual User,1,5306,4.762615
1275,Casual User,2,5300,4.7525167
1275,Casual User,3,5303,4.7494035
1275,Casual User,4,5302,4.7404566
1275,Casual User,5,5298,4.7237043
1275,Casual User,6,5194,4.497865
1275,Casual User,7,5427,4.4964495
1275,Casual User,8,5201,4.4953012
1275,Casual User,9,5203,4.4900656
1275,Casual User,10,5214,4.4852448
1279,Casual User,1,5306,4.7607813
1279,Casual User,2,5300,4.750551
1279,Casual User,3,5303,4.747715
1279,Casual User,4,5302,4.7386646
1279,Casual User,5,5298,4.7220316
1279,Casual User,6,5194,4.4968762
1279,Casual User,7,5427,4.4948473
1279,Casual User,8,5201,4.4946666
1279,Casual User,9,5203,4.4893985
1279,Casual User,10,5101,4.4873314
1281,Casual User,1,5306,4.7618113
1281,Casual User,2,5300,4.751679
1281,Casual User,3,5303,4.7486696
1281,Casual User,4,5302,4.739661
1281,Casual User,5,5298,4.723065
1281,Casual User,6,5194,4.49728
1281,Casual User,7,5427,4.49608
1281,Casual User,8,5201,4.4950204
1281,Casual User,9,5203,4.489722
1281,Casual User,10,5101,4.4873114
1284,Casual User,1,5306,4.7620687
1284,Casual User,2,5300,4.751979
1284,Casual User,3,5303,4.748851
1284,Casual User,4,5302,4.739822
1284,Casual User,5,5298,4.7232027
1284,Casual User,6,5194,4.498693
1284,Casual User,7,5427,4.496151
1284,Casual User,8,5201,4.4960117
1284,Casual User,9,5052,4.4920125
1284,Casual User,10,5101,4.4909883
1286,Casual User,1,5306,4.761221
1286,Casual User,2,5300,4.7510805
1286,Casual User,3,5303,4.7480426
1286,Casual User,4,5302,4.7389283
1286,Casual User,5,5298,4.722457
1286,Casual User,6,5194,4.4987655
1286,Casual User,7,5201,4.496212
1286,Casual User,8,5427,4.495658
1286,Casual User,9,5052,4.4923644
1286,Casual User,10,5203,4.4908915
1302,Casual User,1,5306,4.7634754
1302,Casual User,2,5300,4.753478
1302,Casual User,3,5303,4.7501545
1302,Casual User,4,5302,4.74119
1302,Casual User,5,5298,4.72458
1302,Casual User,6,5194,4.499117
1302,Casual User,7,5427,4.497759
1302,Casual User,8,5201,4.4963903
1302,Casual User,9,5052,4.49275
1302,Casual User,10,5203,4.4911146
1309,Casual User,1,5306,4.762984
1309,Casual User,2,5300,4.7529855
1309,Casual User,3,5303,4.749674
1309,Casual User,4,5302,4.7406635
1309,Casual User,5,5298,4.7240934
1309,Casual User,6,5194,4.49956
1309,Casual User,7,5427,4.4972644
1309,Casual User,8,5201,4.496716
1309,Casual User,9,5052,4.4932995
1309,Casual User,10,5203,4.4914007
1312,Casual User,1,5306,4.7588534
1312,Casual User,2,5300,4.748699
1312,Casual User,3,5303,4.7458277
1312,Casual User,4,5302,4.736611
1312,Casual User,5,5298,4.720074
1312,Casual User,6,5194,4.4991846
1312,Casual User,7,5201,4.4962
1312,Casual User,8,5427,4.4925537
1312,Casual User,9,5052,4.4913745
1312,Casual User,10,5203,4.4906807
1315,Casual User,1,5306,4.7589407
1315,Casual User,2,5300,4.748721
1315,Casual User,3,5303,4.7459383
1315,Casual User,4,5302,4.7367353
1315,Casual User,5,5298,4.7202244
1315,Casual User,6,5194,4.4982705
1315,Casual User,7,5201,4.4956336
1315,Casual User,8,5427,4.4928684
1315,Casual User,9,5052,4.4905534
1315,Casual User,10,5203,4.490188
1316,Casual User,1,5306,4.761711
1316,Casual User,2,5300,4.7515736
1316,Casual User,3,5303,4.7485466
1316,Casual User,4,5302,4.7395134
1316,Casual User,5,5298,4.7229176
1316,Casual User,6,5194,4.4978867
1316,Casual User,7,5427,4.4959116
1316,Casual User,8,5201,4.4954605
1316,Casual User,9,5052,4.4907885
1316,Casual User,10,5203,4.4901733
1324,Casual User,1,5306,4.7640724
1324,Casual User,2,5300,4.7542067
1324,Casual User,3,5303,4.7506166
1324,Casual User,4,5302,4.741618
1324,Casual User,5,5298,4.72505
1324,Casual User,6,5194,4.501486
1324,Casual User,7,5427,4.4983664
1324,Casual User,8,5201,4.4981003
1324,Casual User,9,5101,4.496568
1324,Casual User,10,5052,4.496314
1328,Casual User,1,5306,4.762538
1328,Casual User,2,5300,4.752563
1328,Casual User,3,5303,4.7492514
1328,Casual User,4,5302,4.7402296
1328,Casual User,5,5298,4.7236023
1328,Casual User,6,5194,4.4999003
1328,Casual User,7,5201,4.4968276
1328,Casual User,8,5427,4.496501
1328,Casual User,9,5052,4.4932246
1328,Casual User,10,5203,4.4914503
1337,Casual User,1,5306,4.760626
1337,Casual User,2,5300,4.750621
1337,Casual User,3,5303,4.7474394
1337,Casual User,4,5302,4.7383184
1337,Casual User,5,5298,4.7216387
1337,Casual User,6,5194,4.500661
1337,Casual User,7,5201,4.497111
1337,Casual User,8,5427,4.4940557
1337,Casual User,9,5052,4.493493
1337,Casual User,10,5203,4.491642
1345,Casual User,1,5306,4.76096
1345,Casual User,2,5300,4.75085
1345,Casual User,3,5303,4.7478404
1345,Casual User,4,5302,4.7387886
1345,Casual User,5,5298,4.722106
1345,Casual User,6,5194,4.4983068
1345,Casual User,7,5201,4.495551
1345,Casual User,8,5427,4.494644
1345,Casual User,9,5052,4.490486
1345,Casual User,10,5203,4.4901695
1349,Casual User,1,5306,4.7606187
1349,Casual User,2,5300,4.7504654
1349,Casual User,3,5303,4.7475085
1349,Casual User,4,5302,4.738413
1349,Casual User,5,5298,4.7218013
1349,Casual User,6,5194,4.498367
1349,Casual User,7,5201,4.4956913
1349,Casual User,8,5427,4.4945035
1349,Casual User,9,5052,4.491052
1349,Casual User,10,5203,4.490332
1352,Casual User,1,5306,4.7612057
1352,Casual User,2,5300,4.7510376
1352,Casual User,3,5303,4.748058
1352,Casual User,4,5302,4.7389736
1352,Casual User,5,5298,4.7224436
1352,Casual User,6,5194,4.4980893
1352,Casual User,7,5201,4.495669
1352,Casual User,8,5427,4.4955306
1352,Casual User,9,5052,4.4913044
1352,Casual User,10,5203,4.4903746
1353,Casual User,1,5306,4.7618785
1353,Casual User,2,5300,4.7518907
1353,Casual User,3,5303,4.748645
1353,Casual User,4,5302,4.7396054
1353,Casual User,5,5298,4.7229395
1353,Casual User,6,5194,4.4997773
1353,Casual User,7,5201,4.4966316
1353,Casual User,8,5427,4.495601
1353,Casual User,9,5052,4.49255
1353,Casual User,10,5203,4.491209
1357,Casual User,1,5306,4.760583
1357,Casual User,2,5300,4.7504916
1357,Casual User,3,5303,4.747449
1357,Casual User,4,5302,4.738344
1357,Casual User,5,5298,4.721704
1357,Casual User,6,5194,4.4992056
1357,Casual User,7,5201,4.4962087
1357,Casual User,8,5427,4.49425
1357,Casual User,9,5052,4.491807
1357,Casual User,10,5203,4.4907837
1365,Casual User,1,5306,4.7647963
1365,Casual User,2,5300,4.7549295
1365,Casual User,3,5303,4.7513385
1365,Casual User,4,5302,4.742419
1365,Casual User,5,5298,4.7257767
1365,Casual User,6,5194,4.50056
1365,Casual User,7,5427,4.499034
1365,Casual User,8,5201,4.4974213
1365,Casual User,9,5052,4.494942
1365,Casual User,10,5203,4.4921365
1366,Casual User,1,5306,4.7619433
1366,Casual User,2,5300,4.7519355
1366,Casual User,3,5303,4.748708
1366,Casual User,4,5302,4.739625
1366,Casual User,5,5298,4.723185
1366,Casual User,6,5194,4.499358
1366,Casual User,7,5201,4.4966288
1366,Casual User,8,5427,4.496446
1366,Casual User,9,5052,4.4923444
1366,Casual User,10,5203,4.4912033
1372,Casual User,1,5306,4.7628045
1372,Casual User,2,5300,4.752824
1372,Casual User,3,5303,4.749478
1372,Casual User,4,5302,4.740439
1372,Casual User,5,5298,4.72388
1372,Casual User,6,5194,4.5002193
1372,Casual User,7,5201,4.4971805
1372,Casual User,8,5427,4.49703
1372,Casual User,9,5101,4.4937897
1372,Casual User,10,5203,4.4918413
1375,Casual User,1,5306,4.761543
1375,Casual User,2,5300,4.7514877
1375,Casual User,3,5303,4.748341
1375,Casual User,4,5302,4.7392673
1375,Casual User,5,5298,4.722699
1375,Casual User,6,5194,4.4992247
1375,Casual User,7,5201,4.4963765
1375,Casual User,8,5427,4.4956036
1375,Casual User,9,5052,4.4922147
1375,Casual User,10,5203,4.4909887
1382,Casual User,1,5306,4.7614727
1382,Casual User,2,5300,4.751491
1382,Casual User,3,5303,4.7482305
1382,Casual User,4,5302,4.7391443
1382,Casual User,5,5298,4.7224994
1382,Casual User,6,5194,4.5005817
1382,Casual User,7,5201,4.497177
1382,Casual User,8,5427,4.4951525
1382,Casual User,9,5052,4.4937696
1382,Casual User,10,5101,4.493471
1391,Casual User,1,5306,4.763884
1391,Casual User,2,5300,4.7539234
1391,Casual User,3,5303,4.7504954
1391,Casual User,4,5302,4.741519
1391,Casual User,5,5298,4.7249417
1391,Casual User,6,5194,4.5000095
1391,Casual User,7,5427,4.4982696
1391,Casual User,8,5201,4.4970956
1391,Casual User,9,5052,4.494461
1391,Casual User,10,5101,4.494104
1395,Casual User,1,5306,4.763024
1395,Casual User,2,5300,4.7531223
1395,Casual User,3,5303,4.749665
1395,Casual User,4,5302,4.7406406
1395,Casual User,5,5298,4.7240343
1395,Casual User,6,5194,4.5009556
1395,Casual User,7,5201,4.49759
1395,Casual User,8,5427,4.4970436
1395,Casual User,9,5052,4.494774
1395,Casual User,10,5101,4.494542
1404,Casual User,1,5306,4.7606306
1404,Casual User,2,5300,4.7506046
1404,Casual User,3,5303,4.7474365
1404,Casual User,4,5302,4.7382765
1404,Casual User,5,5298,4.721755
1404,Casual User,6,5194,4.500499
1404,Casual User,7,5201,4.4972363
1404,Casual User,8,5427,4.494567
1404,Casual User,9,5052,4.493736
1404,Casual User,10,5101,4.4928293
1411,Casual User,1,5306,4.762091
1411,Casual User,2,5300,4.7521515
1411,Casual User,3,5303,4.748812
1411,Casual User,4,5302,4.739765
1411,Casual User,5,5298,4.723102
1411,Casual User,6,5194,4.5006113
1411,Casual User,7,5201,4.4971986
1411,Casual User,8,5427,4.4957952
1411,Casual User,9,5052,4.493725
1411,Casual User,10,5101,4.4933834
1412,Casual User,1,5306,4.760524
1412,Casual User,2,5300,4.7504463
1412,Casual User,3,5303,4.7473474
1412,Casual User,4,5302,4.7381797
1412,Casual User,5,5298,4.7216883
1412,Casual User,6,5194,4.5000367
1412,Casual User,7,5201,4.496987
1412,Casual User,8,5427,4.4946017
1412,Casual User,9,5052,4.4934826
1412,Casual User,10,5101,4.492426
1413,Casual User,1,5306,4.761204
1413,Casual User,2,5300,4.751129
1413,Casual User,3,5303,4.748045
1413,Casual User,4,5302,4.7389593
1413,Casual User,5,5298,4.722432
1413,Casual User,6,5194,4.498712
1413,Casual User,7,5201,4.496033
1413,Casual User,8,5427,4.4953794
1413,Casual User,9,5052,4.49121
1413,Casual User,10,5203,4.4906197
1414,Casual User,1,5306,4.7616415
1414,Casual User,2,5300,4.7515554
1414,Casual User,3,5303,4.7485166
1414,Casual User,4,5302,4.7395244
1414,Casual User,5,5298,4.722848
1414,Casual User,6,5194,4.4974775
1414,Casual User,7,5427,4.4955235
1414,Casual User,8,5201,4.494996
1414,Casual User,9,5203,4.489625
1414,Casual User,10,5101,4.4868712
1415,Casual User,1,5306,4.7630014
1415,Casual User,2,5300,4.753031
1415,Casual User,3,5303,4.7496514
1415,Casual User,4,5302,4.740608
1415,Casual User,5,5298,4.7240868
1415,Casual User,6,5194,4.5004005
1415,Casual User,7,5201,4.4973702
1415,Casual User,8,5427,4.4973674
1415,Casual User,9,5052,4.4947505
1415,Casual User,10,5101,4.4942274
1421,Casual User,1,5306,4.764267
1421,Casual User,2,5300,4.7543764
1421,Casual User,3,5303,4.7508283
1421,Casual User,4,5302,4.7418604
1421,Casual User,5,5298,4.725272
1421,Casual User,6,5194,4.500775
1421,Casual User,7,5427,4.4985847
1421,Casual User,8,5201,4.497617
1421,Casual User,9,5052,4.495369
1421,Casual User,10,5101,4.4953294
1427,Casual User,1,5306,4.763088
1427,Casual User,2,5300,4.753116
1427,Casual User,3,5303,4.7497735
1427,Casual User,4,5302,4.740771
1427,Casual User,5,5298,4.724205
1427,Casual User,6,5194,4.499604
1427,Casual User,7,5427,4.497374
1427,Casual User,8,5201,4.4967384
1427,Casual User,9,5052,4.4930763
1427,Casual User,10,5203,4.491395
1436,Casual User,1,5306,4.7620287
1436,Casual User,2,5300,4.75197
1436,Casual User,3,5303,4.7488112
1436,Casual User,4,5302,4.7397923
1436,Casual User,5,5298,4.7231216
1436,Casual User,6,5194,4.498938
1436,Casual User,7,5201,4.496093
1436,Casual User,8,5427,4.4958844
1436,Casual User,9,5052,4.491959
1436,Casual User,10,5203,4.4907613
1438,Casual User,1,5306,4.7618256
1438,Casual User,2,5300,4.7517967
1438,Casual User,3,5303,4.748636
1438,Casual User,4,5302,4.7396154
1438,Casual User,5,5298,4.722958
1438,Casual User,6,5194,4.498789
1438,Casual User,7,5201,4.495948
1438,Casual User,8,5427,4.495656
1438,Casual User,9,5052,4.491084
1438,Casual User,10,5203,4.490548
1441,Casual User,1,5306,4.762511
1441,Casual User,2,5300,4.7524576
1441,Casual User,3,5303,4.749294
1441,Casual User,4,5302,4.740305
1441,Casual User,5,5298,4.7237053
1441,Casual User,6,5194,4.498153
1441,Casual User,7,5427,4.4967537
1441,Casual User,8,5201,4.4956503
1441,Casual User,9,5052,4.490772
1441,Casual User,10,5203,4.4903297
1447,Casual User,1,5306,4.763379
1447,Casual User,2,5300,4.7534547
1447,Casual User,3,5303,4.749997
1447,Casual User,4,5302,4.7409754
1447,Casual User,5,5298,4.724431
1447,Casual User,6,5194,4.5007176
1447,Casual User,7,5427,4.497693
1447,Casual User,8,5201,4.497571
1447,Casual User,9,5052,4.4950237
1447,Casual User,10,5101,4.4946475
1448,Casual User,1,5306,4.761778
1448,Casual User,2,5300,4.751768
1448,Casual User,3,5303,4.748534
1448,Casual User,4,5302,4.7394724
1448,Casual User,5,5298,4.722829
1448,Casual User,6,5194,4.5000157
1448,Casual User,7,5201,4.4968452
1448,Casual User,8,5427,4.4955626
1448,Casual User,9,5052,4.4932985
1448,Casual User,10,5101,4.4928427
1454,Casual User,1,5306,4.759914
1454,Casual User,2,5300,4.749788
1454,Casual User,3,5303,4.74683
1454,Casual User,4,5302,4.7376595
1454,Casual User,5,5298,4.7211943
1454,Casual User,6,5194,4.49881
1454,Casual User,7,5201,4.4960976
1454,Casual User,8,5427,4.4940643
1454,Casual User,9,5052,4.4911976
1454,Casual User,10,5203,4.490626
1455,Casual User,1,5306,4.7622643
1455,Casual User,2,5300,4.7522697
1455,Casual User,3,5303,4.74897
1455,Casual User,4,5302,4.73989
1455,Casual User,5,5298,4.7233953
1455,Casual User,6,5194,4.5002093
1455,Casual User,7,5201,4.4972095
1455,Casual User,8,5427,4.496597
1455,Casual User,9,5052,4.4940968
1455,Casual User,10,5101,4.493146
1464,Casual User,1,5306,4.761718
1464,Casual User,2,5300,4.7517815
1464,Casual User,3,5303,4.748421
1464,Casual User,4,5302,4.739325
1464,Casual User,5,5298,4.7226834
1464,Casual User,6,5194,4.5015187
1464,Casual User,7,5201,4.4978266
1464,Casual User,8,5101,4.4955683
1464,Casual User,9,5427,4.4954023
1464,Casual User,10,5052,4.495264
1466,Casual User,1,5306,4.763677
1466,Casual User,2,5300,4.7537403
1466,Casual User,3,5303,4.7503014
1466,Casual User,4,5302,4.7413225
1466,Casual User,5,5298,4.724717
1466,Casual User,6,5194,4.5001755
1466,Casual User,7,5427,4.4978914
1466,Casual User,8,5201,4.4971375
1466,Casual User,9,5052,4.4942293
1466,Casual User,10,5101,4.493841
1473,Casual User,1,5306,4.761839
1473,Casual User,2,5300,4.7517266
1473,Casual User,3,5303,4.748677
1473,Casual User,4,5302,4.7396517
1473,Casual User,5,5298,4.7230906
1473,Casual User,6,5194,4.497704
1473,Casual User,7,5427,4.4961667
1473,Casual User,8,5201,4.4953575
1473,Casual User,9,5203,4.490039
1473,Casual User,10,5101,4.4879923
1480,Casual User,1,5306,4.7642145
1480,Casual User,2,5300,4.754237
1480,Casual User,3,5303,4.7508426
1480,Casual User,4,5302,4.7418947
1480,Casual User,5,5298,4.7253714
1480,Casual User,6,5194,4.499054
1480,Casual User,7,5427,4.49893
1480,Casual User,8,5201,4.4965115
1480,Casual User,9,5052,4.493044
1480,Casual User,10,5101,4.491716
1481,Casual User,1,5306,4.764567
1481,Casual User,2,5300,4.7546163
1481,Casual User,3,5303,4.7511964
1481,Casual User,4,5302,4.742306
1481,Casual User,5,5298,4.725672
1481,Casual User,6,5427,4.498984
1481,Casual User,7,5194,4.498764
1481,Casual User,8,5201,4.4961686
1481,Casual User,9,5052,4.4922433
1481,Casual User,10,5101,4.4910545
1485,Casual User,1,5306,4.761261
1485,Casual User,2,5300,4.7511835
1485,Casual User,3,5303,4.748106
1485,Casual User,4,5302,4.739014
1485,Casual User,5,5298,4.7225523
1485,Casual User,6,5194,4.498454
1485,Casual User,7,5201,4.4959354
1485,Casual User,8,5427,4.4956875
1485,Casual User,9,5203,4.490518
1485,Casual User,10,5101,4.4883456
1494,Casual User,1,5306,4.763755
1494,Casual User,2,5300,4.7538085
1494,Casual User,3,5303,4.7503853
1494,Casual User,4,5302,4.741416
1494,Casual User,5,5298,4.724813
1494,Casual User,6,5194,4.4999046
1494,Casual User,7,5427,4.4980187
1494,Casual User,8,5201,4.4969583
1494,Casual User,9,5052,4.4938774
1494,Casual User,10,5101,4.4933233
1498,Casual User,1,5306,4.76145
1498,Casual User,2,5300,4.751274
1498,Casual User,3,5303,4.748316
1498,Casual User,4,5302,4.739278
1498,Casual User,5,5298,4.7226763
1498,Casual User,6,5194,4.4974837
1498,Casual User,7,5427,4.4956536
1498,Casual User,8,5201,4.495169
1498,Casual User,9,5203,4.4899025
1498,Casual User,10,5101,4.488575
1506,Casual User,1,5306,4.762439
1506,Casual User,2,5300,4.7523966
1506,Casual User,3,5303,4.749216
1506,Casual User,4,5302,4.740204
1506,Casual User,5,5298,4.723672
1506,Casual User,6,5194,4.498328
1506,Casual User,7,5427,4.4968624
1506,Casual User,8,5201,4.495844
1506,Casual User,9,5203,4.490498
1506,Casual User,10,5214,4.485737
1513,Casual User,1,5306,4.764598
1513,Casual User,2,5300,4.754691
1513,Casual User,3,5303,4.7511883
1513,Casual User,4,5302,4.7422967
1513,Casual User,5,5298,4.725573
1513,Casual User,6,5194,4.499799
1513,Casual User,7,5427,4.4986134
1513,Casual User,8,5201,4.4967775
1513,Casual User,9,5052,4.493669
1513,Casual User,10,5101,4.4935956
1517,Casual User,1,5306,4.7644286
1517,Casual User,2,5300,4.754491
1517,Casual User,3,5303,4.7510366
1517,Casual User,4,5302,4.742118
1517,Casual User,5,5298,4.725496
1517,Casual User,6,5194,4.499446
1517,Casual User,7,5427,4.4987946
1517,Casual User,8,5201,4.4966583
1517,Casual User,9,5052,4.4933424
1517,Casual User,10,5203,4.491402
1520,Casual User,1,5306,4.7642365
1520,Casual User,2,5300,4.754276
1520,Casual User,3,5303,4.7508636
1520,Casual User,4,5302,4.7419295
1520,Casual User,5,5298,4.725351
1520,Casual User,6,5194,4.499178
1520,Casual User,7,5427,4.498744
1520,Casual User,8,5201,4.496518
1520,Casual User,9,5052,4.4930058
1520,Casual User,10,5101,4.491918
1522,Casual User,1,5306,4.760863
1522,Casual User,2,5300,4.750793
1522,Casual User,3,5303,4.7477055
1522,Casual User,4,5302,4.7386007
1522,Casual User,5,5298,4.7220173
1522,Casual User,6,5194,4.4992824
1522,Casual User,7,5201,4.4963436
1522,Casual User,8,5427,4.494744
1522,Casual User,9,5052,4.491955
1522,Casual User,10,5203,4.4909124
1526,Casual User,1,5306,4.762141
1526,Casual User,2,5300,4.7521086
1526,Casual User,3,5303,4.7488713
1526,Casual User,4,5302,4.73979
1526,Casual User,5,5298,4.7233095
1526,Casual User,6,5194,4.4997263
1526,Casual User,7,5201,4.496896
1526,Casual User,8,5427,4.49656
1526,Casual User,9,5203,4.4915414
1526,Casual User,10,5214,4.4869685
1533,Casual User,1,5306,4.7627354
1533,Casual User,2,5300,4.7527533
1533,Casual User,3,5303,4.749439
1533,Casual User,4,5302,4.7404346
1533,Casual User,5,5298,4.7237725
1533,Casual User,6,5194,4.4998274
1533,Casual User,7,5201,4.4967575
1533,Casual User,8,5427,4.4966373
1533,Casual User,9,5052,4.493303
1533,Casual User,10,5203,4.491412
1548,Casual User,1,5306,4.7603006
1548,Casual User,2,5300,4.7502017
1548,Casual User,3,5303,4.7471805
1548,Casual User,4,5302,4.73806
1548,Casual User,5,5298,4.721413
1548,Casual User,6,5194,4.4993124
1548,Casual User,7,5201,4.496258
1548,Casual User,8,5427,4.4938903
1548,Casual User,9,5052,4.4918985
1548,Casual User,10,5101,4.4909797
1556,Casual User,1,5306,4.761374
1556,Casual User,2,5300,4.7512693
1556,Casual User,3,5303,4.748224
1556,Casual User,4,5302,4.739166
1556,Casual User,5,5298,4.722596
1556,Casual User,6,5194,4.4982085
1556,Casual User,7,5201,4.4956584
1556,Casual User,8,5427,4.4955177
1556,Casual User,9,5052,4.490711
1556,Casual User,10,5203,4.4902964
1560,Casual User,1,5306,4.7624407
1560,Casual User,2,5300,4.7524843
1560,Casual User,3,5303,4.749149
1560,Casual User,4,5302,4.7401257
1560,Casual User,5,5298,4.7234526
1560,Casual User,6,5194,4.500286
1560,Casual User,7,5201,4.497016
1560,Casual User,8,5427,4.496207
1560,Casual User,9,5052,4.4936028
1560,Casual User,10,5101,4.4933143
1565,Casual User,1,5306,4.7620616
1565,Casual User,2,5300,4.75209
1565,Casual User,3,5303,4.7487516
1565,Casual User,4,5302,4.739647
1565,Casual User,5,5298,4.723138
1565,Casual User,6,5194,4.500944
1565,Casual User,7,5201,4.4976788
1565,Casual User,8,5427,4.496255
1565,Casual User,9,5052,4.4951186
1565,Casual User,10,5101,4.4947004
1570,Casual User,1,5306,4.759332
1570,Casual User,2,5300,4.7491446
1570,Casual User,3,5303,4.746302
1570,Casual User,4,5302,4.737131
1570,Casual User,5,5298,4.7205567
1570,Casual User,6,5194,4.4984694
1570,Casual User,7,5201,4.4957113
1570,Casual User,8,5427,4.4930906
1570,Casual User,9,5052,4.4907303
1570,Casual User,10,5203,4.4902716
1573,Casual User,1,5306,4.760763
1573,Casual User,2,5300,4.7506647
1573,Casual User,3,5303,4.74763
1573,Casual User,4,5302,4.7385216
1573,Casual User,5,5298,4.721984
1573,Casual User,6,5194,4.4987574
1573,Casual User,7,5201,4.496031
1573,Casual User,8,5427,4.4948335
1573,Casual User,9,5203,4.4906106
1573,Casual User,10,5101,4.489396
1574,Casual User,1,5306,4.762501
1574,Casual User,2,5300,4.7525635
1574,Casual User,3,5303,4.7491674
1574,Casual User,4,5302,4.7401075
1574,Casual User,5,5298,4.723514
1574,Casual User,6,5194,4.501037
1574,Casual User,7,5201,4.497643
1574,Casual User,8,5427,4.4964876
1574,Casual User,9,5052,4.4950533
1574,Casual User,10,5101,4.49499
1581,Casual User,1,5306,4.7605906
1581,Casual User,2,5300,4.750435
1581,Casual User,3,5303,4.747483
1581,Casual User,4,5302,4.738366
1581,Casual User,5,5298,4.7218537
1581,Casual User,6,5194,4.498223
1581,Casual User,7,5201,4.4957094
1581,Casual User,8,5427,4.494809
1581,Casual User,9,5052,4.4908786
1581,Casual User,10,5203,4.4903355
1582,Casual User,1,5306,4.7634425
1582,Casual User,2,5300,4.7535243
1582,Casual User,3,5303,4.750067
1582,Casual User,4,5302,4.74106
1582,Casual User,5,5298,4.724498
1582,Casual User,6,5194,4.500533
1582,Casual User,7,5427,4.4977117
1582,Casual User,8,5201,4.4974127
1582,Casual User,9,5052,4.4945836
1582,Casual User,10,5101,4.4940615
1583,Casual User,1,5306,4.7623043
1583,Casual User,2,5300,4.752264
1583,Casual User,3,5303,4.749055
1583,Casual User,4,5302,4.7400208
1583,Casual User,5,5298,4.723443
1583,Casual User,6,5194,4.4991703
1583,Casual User,7,5427,4.496485
1583,Casual User,8,5201,4.4963903
1583,Casual User,9,5052,4.492533
1583,Casual User,10,5101,4.491398
1584,Casual User,1,5306,4.7603455
1584,Casual User,2,5300,4.750234
1584,Casual User,3,5303,4.747192
1584,Casual User,4,5302,4.738039
1584,Casual User,5,5298,4.7214565
1584,Casual User,6,5194,4.499812
1584,Casual User,7,5201,4.4967237
1584,Casual User,8,5427,4.494142
1584,Casual User,9,5052,4.493236
1584,Casual User,10,5101,4.4926777
1597,Casual User,1,5306,4.7613044
1597,Casual User,2,5300,4.751193
1597,Casual User,3,5303,4.7481575
1597,Casual User,4,5302,4.7390885
1597,Casual User,5,5298,4.7225485
1597,Casual User,6,5194,4.498184
1597,Casual User,7,5201,4.4956775
1597,Casual User,8,5427,4.4955425
1597,Casual User,9,5052,4.4907603
1597,Casual User,10,5203,4.4903154
1598,Casual User,1,5306,4.7623982
1598,Casual User,2,5300,4.752374
1598,Casual User,3,5303,4.7491255
1598,Casual User,4,5302,4.740105
1598,Casual User,5,5298,4.7234364
1598,Casual User,6,5194,4.499667
1598,Casual User,7,5201,4.4966373
1598,Casual User,8,5427,4.49626
1598,Casual User,9,5052,4.4932985
1598,Casual User,10,5101,4.4930296
1603,Casual User,1,5306,4.760299
1603,Casual User,2,5300,4.7501855
1603,Casual User,3,5303,4.7471914
1603,Casual User,4,5302,4.7380724
1603,Casual User,5,5298,4.7214537
1603,Casual User,6,5194,4.4989715
1603,Casual User,7,5201,4.4960556
1603,Casual User,8,5427,4.4940124
1603,Casual User,9,5203,4.4906263
1603,Casual User,10,5101,4.4901795
1608,Casual User,1,5306,4.762207
1608,Casual User,2,5300,4.752137
1608,Casual User,3,5303,4.7489758
1608,Casual User,4,5302,4.739926
1608,Casual User,5,5298,4.7234316
1608,Casual User,6,5194,4.498699
1608,Casual User,7,5427,4.496708
1608,Casual User,8,5201,4.496168
1608,Casual User,9,5203,4.490845
1608,Casual User,10,5214,4.486095
1613,Casual User,1,5306,4.7610807
1613,Casual User,2,5300,4.751045
1613,Casual User,3,5303,4.7479534
1613,Casual User,4,5302,4.738927
1613,Casual User,5,5298,4.7221746
1613,Casual User,6,5194,4.498678
1613,Casual User,7,5201,4.4956775
1613,Casual User,8,5427,4.494462
1613,Casual User,9,5203,4.49022
1613,Casual User,10,5052,4.4902
1614,Casual User,1,5306,4.7621694
1614,Casual User,2,5300,4.752146
1614,Casual User,3,5303,4.748906
1614,Casual User,4,5302,4.7398505
1614,Casual User,5,5298,4.7232842
1614,Casual User,6,5194,4.4996877
1614,Casual User,7,5201,4.496754
1614,Casual User,8,5427,4.496309
1614,Casual User,9,5101,4.492364
1614,Casual User,10,5203,4.491397
1619,Casual User,1,5306,4.7612906
1619,Casual User,2,5300,4.7510676
1619,Casual User,3,5303,4.7482085
1619,Casual User,4,5302,4.739193
1619,Casual User,5,5298,4.722572
1619,Casual User,6,5194,4.4964337
1619,Casual User,7,5427,4.495557
1619,Casual User,8,5201,4.4944086
1619,Casual User,9,5203,4.489171
1619,Casual User,10,5101,4.4864597
1622,Casual User,1,5306,4.76113
1622,Casual User,2,5300,4.751087
1622,Casual User,3,5303,4.747946
1622,Casual User,4,5302,4.7388496
1622,Casual User,5,5298,4.722266
1622,Casual User,6,5194,4.499551
1622,Casual User,7,5201,4.4965425
1622,Casual User,8,5427,4.4950233
1622,Casual User,9,5052,4.492354
1622,Casual User,10,5101,4.4911466
1629,Casual User,1,5306,4.762324
1629,Casual User,2,5300,4.752333
1629,Casual User,3,5303,4.7490444
1629,Casual User,4,5302,4.740013
1629,Casual User,5,5298,4.7233543
1629,Casual User,6,5194,4.500041
1629,Casual User,7,5201,4.4968834
1629,Casual User,8,5427,4.496151
1629,Casual User,9,5052,4.493523
1629,Casual User,10,5101,4.493217
1630,Casual User,1,5306,4.7620177
1630,Casual User,2,5300,4.751918
1630,Casual User,3,5303,4.74879
1630,Casual User,4,5302,4.7397385
1630,Casual User,5,5298,4.7231674
1630,Casual User,6,5194,4.4988866
1630,Casual User,7,5427,4.496243
1630,Casual User,8,5201,4.4962187
1630,Casual User,9,5052,4.4925737
1630,Casual User,10,5101,4.4915986
1634,Casual User,1,5306,4.7630606
1634,Casual User,2,5300,4.753071
1634,Casual User,3,5303,4.7497525
1634,Casual User,4,5302,4.7407465
1634,Casual User,5,5298,4.7241993
1634,Casual User,6,5194,4.4994144
1634,Casual User,7,5427,4.497432
1634,Casual User,8,5201,4.496637
1634,Casual User,9,5052,4.4929667
1634,Casual User,10,5101,4.4917436
1642,Casual User,1,5306,4.7626467
1642,Casual User,2,5300,4.752609
1642,Casual User,3,5303,4.7493935
1642,Casual User,4,5302,4.740376
1642,Casual User,5,5298,4.723861
1642,Casual User,6,5194,4.4986563
1642,Casual User,7,5427,4.497142
1642,Casual User,8,5201,4.4961243
1642,Casual User,9,5203,4.4908
1642,Casual User,10,5214,4.486056
1643,Casual User,1,5306,4.7618074
1643,Casual User,2,5300,4.7518106
1643,Casual User,3,5303,4.7485642
1643,Casual User,4,5302,4.739503
1643,Casual User,5,5298,4.7228785
1643,Casual User,6,5194,4.499993
1643,Casual User,7,5201,4.4968433
1643,Casual User,8,5427,4.4956465
1643,Casual User,9,5052,4.4931316
1643,Casual User,10,5101,4.4924297
1647,Casual User,1,5306,4.761507
1647,Casual User,2,5300,4.7513714
1647,Casual User,3,5303,4.7483273
1647,Casual User,4,5302,4.739243
1647,Casual User,5,5298,4.722754
1647,Casual User,6,5194,4.498395
1647,Casual User,7,5427,4.495973
1647,Casual User,8,5201,4.495944
1647,Casual User,9,5052,4.4917545
1647,Casual User,10,5203,4.490638
1649,Casual User,1,5306,4.763198
1649,Casual User,2,5300,4.7532563
1649,Casual User,3,5303,4.749876
1649,Casual User,4,5302,4.740906
1649,Casual User,5,5298,4.724219
1649,Casual User,6,5194,4.49986
1649,Casual User,7,5427,4.497075
1649,Casual User,8,5201,4.4967594
1649,Casual User,9,5052,4.4931426
1649,Casual User,10,5203,4.491406
1651,Casual User,1,5306,4.764738
1651,Casual User,2,5300,4.754861
1651,Casual User,3,5303,4.7512865
1651,Casual User,4,5302,4.742347
1651,Casual User,5,5298,4.725794
1651,Casual User,6,5194,4.500369
1651,Casual User,7,5427,4.4992704
1651,Casual User,8,5201,4.497396
1651,Casual User,9,5101,4.4941435
1651,Casual User,10,5203,4.492103
1662,Casual User,1,5306,4.759756
1662,Casual User,2,5300,4.7496314
1662,Casual User,3,5303,4.746666
1662,Casual User,4,5302,4.737502
1662,Casual User,5,5298,4.7209115
1662,Casual User,6,5194,4.4993443
1662,Casual User,7,5201,4.49632
1662,Casual User,8,5427,4.4934382
1662,Casual User,9,5052,4.4919715
1662,Casual User,10,5203,4.49086
1665,Casual User,1,5306,4.7625313
1665,Casual User,2,5300,4.7525945
1665,Casual User,3,5303,4.7492185
1665,Casual User,4,5302,4.740174
1665,Casual User,5,5298,4.7235804
1665,Casual User,6,5194,4.500578
1665,Casual User,7,5201,4.49732
1665,Casual User,8,5427,4.4965343
1665,Casual User,9,5052,4.494116
1665,Casual User,10,5101,4.493577
1666,Casual User,1,5306,4.7630134
1666,Casual User,2,5300,4.753028
1666,Casual User,3,5303,4.7496986
1666,Casual User,4,5302,4.7406955
1666,Casual User,5,5298,4.7240925
1666,Casual User,6,5194,4.4997063
1666,Casual User,7,5427,4.497172
1666,Casual User,8,5201,4.496773
1666,Casual User,9,5052,4.4934096
1666,Casual User,10,5203,4.4914503
1668,Casual User,1,5306,4.762756
1668,Casual User,2,5300,4.75274
1668,Casual User,3,5303,4.749439
1668,Casual User,4,5302,4.740394
1668,Casual User,5,5298,4.7238603
1668,Casual User,6,5194,4.4999213
1668,Casual User,7,5427,4.4971046
1668,Casual User,8,5201,4.497021
1668,Casual User,9,5052,4.4941854
1668,Casual User,10,5101,4.493581
1685,Casual User,1,5306,4.757057
1685,Casual User,2,5300,4.7468257
1685,Casual User,3,5303,4.7441673
1685,Casual User,4,5302,4.7348824
1685,Casual User,5,5298,4.718287
1685,Casual User,6,5194,4.4988494
1685,Casual User,7,5201,4.4957657
1685,Casual User,8,5427,4.4902983
1685,Casual User,9,5203,4.4901767
1685,Casual User,10,5101,4.488504
1687,Casual User,1,5306,4.765252
1687,Casual User,2,5300,4.7554126
1687,Casual User,3,5303,4.7517595
1687,Casual User,4,5302,4.7428465
1687,Casual User,5,5298,4.7262673
1687,Casual User,6,5194,4.500651
1687,Casual User,7,5427,4.4997544
1687,Casual User,8,5201,4.4975877
1687,Casual User,9,5052,4.4951982
1687,Casual User,10,5101,4.494894
1692,Casual User,1,5306,4.760869
1692,Casual User,2,5300,4.7508125
1692,Casual User,3,5303,4.7477508
1692,Casual User,4,5302,4.738705
1692,Casual User,5,5298,4.7219696
1692,Casual User,6,5194,4.498711
1692,Casual User,7,5201,4.4957213
1692,Casual User,8,5427,4.49428
1692,Casual User,9,5052,4.4904165
1692,Casual User,10,5203,4.4902716
1693,Casual User,1,5306,4.762127
1693,Casual User,2,5300,4.7521014
1693,Casual User,3,5303,4.7488832
1693,Casual User,4,5302,4.7398615
1693,Casual User,5,5298,4.723174
1693,Casual User,6,5194,4.4994893
1693,Casual User,7,5201,4.496457
1693,Casual User,8,5427,4.495885
1693,Casual User,9,5101,4.492203
1693,Casual User,10,5203,4.4911056
1694,Casual User,1,5306,4.7638383
1694,Casual User,2,5300,4.7539005
1694,Casual User,3,5303,4.750455
1694,Casual User,4,5302,4.7414885
1694,Casual User,5,5298,4.724867
1694,Casual User,6,5194,4.5001183
1694,Casual User,7,5427,4.4980383
1694,Casual User,8,5201,4.4970927
1694,Casual User,9,5052,4.4942493
1694,Casual User,10,5203,4.4917974
1702,Casual User,1,5306,4.7607126
1702,Casual User,2,5300,4.750658
1702,Casual User,3,5303,4.7475653
1702,Casual User,4,5302,4.73847
1702,Casual User,5,5298,4.721815
1702,Casual User,6,5194,4.4994435
1702,Casual User,7,5201,4.4963427
1702,Casual User,8,5427,4.494311
1702,Casual User,9,5052,4.49186
1702,Casual User,10,5203,4.490889
1711,Casual User,1,5306,4.763197
1711,Casual User,2,5300,4.753193
1711,Casual User,3,5303,4.7498984
1711,Casual User,4,5302,4.740907
1711,Casual User,5,5298,4.724372
1711,Casual User,6,5194,4.498954
1711,Casual User,7,5427,4.4976864
1711,Casual User,8,5201,4.4963417
1711,Casual User,9,5052,4.492355
1711,Casual User,10,5203,4.4910345
1722,Casual User,1,5306,4.7607045
1722,Casual User,2,5300,4.750682
1722,Casual User,3,5303,4.7475033
1722,Casual User,4,5302,4.738367
1722,Casual User,5,5298,4.721746
1722,Casual User,6,5194,4.5006814
1722,Casual User,7,5201,4.497235
1722,Casual User,8,5427,4.4943438
1722,Casual User,9,5052,4.493952
1722,Casual User,10,5101,4.493717
1725,Casual User,1,5306,4.7625427
1725,Casual User,2,5300,4.7525105
1725,Casual User,3,5303,4.7492576
1725,Casual User,4,5302,4.740217
1725,Casual User,5,5298,4.723665
1725,Casual User,6,5194,4.49954
1725,Casual User,7,5427,4.496826
1725,Casual User,8,5201,4.4967113
1725,Casual User,9,5052,4.4934115
1725,Casual User,10,5101,4.4925632
1728,Casual User,1,5306,4.7629457
1728,Casual User,2,5300,4.7529263
1728,Casual User,3,5303,4.749667
1728,Casual User,4,5302,4.7406573
1728,Casual User,5,5298,4.724163
1728,Casual User,6,5194,4.4987864
1728,Casual User,7,5427,4.4975443
1728,Casual User,8,5201,4.496259
1728,Casual User,9,5052,4.4920855
1728,Casual User,10,5203,4.4909406
1740,Casual User,1,5306,4.7619658
1740,Casual User,2,5300,4.7519455
1740,Casual User,3,5303,4.748711
1740,Casual User,4,5302,4.7396526
1740,Casual User,5,5298,4.7230353
1740,Casual User,6,5194,4.499895
1740,Casual User,7,5201,4.4968204
1740,Casual User,8,5427,4.495887
1740,Casual User,9,5052,4.4934015
1740,Casual User,10,5101,4.4928746
1748,Casual User,1,5306,4.763048
1748,Casual User,2,5300,4.75316
1748,Casual User,3,5303,4.749668
1748,Casual User,4,5302,4.740635
1748,Casual User,5,5298,4.7240214
1748,Casual User,6,5194,4.501416
1748,Casual User,7,5201,4.4978943
1748,Casual User,8,5427,4.4970293
1748,Casual User,9,5101,4.4956875
1748,Casual User,10,5052,4.4955273
1749,Casual User,1,5306,4.7597837
1749,Casual User,2,5300,4.7496347
1749,Casual User,3,5303,4.746693
1749,Casual User,4,5302,4.7375326
1749,Casual User,5,5298,4.720933
1749,Casual User,6,5194,4.4992104
1749,Casual User,7,5201,4.496237
1749,Casual User,8,5427,4.4934754
1749,Casual User,9,5052,4.492028
1749,Casual User,10,5203,4.490811
1755,Casual User,1,5306,4.7623196
1755,Casual User,2,5300,4.752299
1755,Casual User,3,5303,4.749128
1755,Casual User,4,5302,4.7401667
1755,Casual User,5,5298,4.7234406
1755,Casual User,6,5194,4.4982033
1755,Casual User,7,5427,4.4960604
1755,Casual User,8,5201,4.4954734
1755,Casual User,9,5203,4.4901013
1755,Casual User,10,5101,4.488492
1757,Casual User,1,5306,4.7627153
1757,Casual User,2,5300,4.752671
1757,Casual User,3,5303,4.7494907
1757,Casual User,4,5302,4.740537
1757,Casual User,5,5298,4.7238374
1757,Casual User,6,5194,4.4981537
1757,Casual User,7,5427,4.49666
1757,Casual User,8,5201,4.4955363
1757,Casual User,9,5052,4.490713
1757,Casual User,10,5203,4.4902344
1759,Casual User,1,5306,4.7610126
1759,Casual User,2,5300,4.750852
1759,Casual User,3,5303,4.747907
1759,Casual User,4,5302,4.7388344
1759,Casual User,5,5298,4.722301
1759,Casual User,6,5194,4.497541
1759,Casual User,7,5427,4.495321
1759,Casual User,8,5201,4.4952345
1759,Casual User,9,5052,4.4899344
1759,Casual User,10,5203,4.4898953
1763,Casual User,1,5306,4.763836
1763,Casual User,2,5300,4.7538757
1763,Casual User,3,5303,4.750464
1763,Casual User,4,5302,4.7415047
1763,Casual User,5,5298,4.724876
1763,Casual User,6,5194,4.499801
1763,Casual User,7,5427,4.4980536
1763,Casual User,8,5201,4.496872
1763,Casual User,9,5052,4.493907
1763,Casual User,10,5101,4.4935575
1765,Casual User,1,5306,4.762543
1765,Casual User,2,5300,4.7524753
1765,Casual User,3,5303,4.749254
1765,Casual User,4,5302,4.7402062
1765,Casual User,5,5298,4.7236657
1765,Casual User,6,5194,4.4994593
1765,Casual User,7,5427,4.496911
1765,Casual User,8,5201,4.4967027
1765,Casual User,9,5052,4.4937925
1765,Casual User,10,5101,4.4931784
1767,Casual User,1,5306,4.7610593
1767,Casual User,2,5300,4.751051
1767,Casual User,3,5303,4.747861
1767,Casual User,4,5302,4.738767
1767,Casual User,5,5298,4.7221117
1767,Casual User,6,5194,4.5001783
1767,Casual User,7,5201,4.4968567
1767,Casual User,8,5427,4.4946585
1767,Casual User,9,5052,4.4929714
1767,Casual User,10,5101,4.4923873
1770,Casual User,1,5306,4.764209
1770,Casual User,2,5300,4.7543464
1770,Casual User,3,5303,4.7507486
1770,Casual User,4,5302,4.74175
1770,Casual User,5,5298,4.7252293
1770,Casual User,6,5194,4.501324
1770,Casual User,7,5427,4.498681
1770,Casual User,8,5201,4.498066
1770,Casual User,9,5052,4.4961395
1770,Casual User,10,5101,4.49602
1778,Casual User,1,5306,4.7606153
1778,Casual User,2,5300,4.7505403
1778,Casual User,3,5303,4.7475004
1778,Casual User,4,5302,4.7384095
1778,Casual User,5,5298,4.7217875
1778,Casual User,6,5194,4.4987974
1778,Casual User,7,5201,4.495917
1778,Casual User,8,5427,4.4943514
1778,Casual User,9,5052,4.490778
1778,Casual User,10,5203,4.4904585
1784,Casual User,1,5306,4.7629933
1784,Casual User,2,5300,4.753079
1784,Casual User,3,5303,4.7496223
1784,Casual User,4,5302,4.7405753
1784,Casual User,5,5298,4.724023
1784,Casual User,6,5194,4.501115
1784,Casual User,7,5201,4.497787
1784,Casual User,8,5427,4.497179
1784,Casual User,9,5052,4.495363
1784,Casual User,10,5101,4.495164
1785,Casual User,1,5306,4.762631
1785,Casual User,2,5300,4.7526145
1785,Casual User,3,5303,4.7493286
1785,Casual User,4,5302,4.7402906
1785,Casual User,5,5298,4.7237144
1785,Casual User,6,5194,4.499858
1785,Casual User,7,5201,4.4969096
1785,Casual User,8,5427,4.4968195
1785,Casual User,9,5052,4.4938974
1785,Casual User,10,5203,4.4915953
1804,Casual User,1,5306,4.7638226
1804,Casual User,2,5300,4.7539124
1804,Casual User,3,5303,4.75041
1804,Casual User,4,5302,4.7414203
1804,Casual User,5,5298,4.7248244
1804,Casual User,6,5194,4.500804
1804,Casual User,7,5427,4.4980454
1804,Casual User,8,5201,4.4976006
1804,Casual User,9,5052,4.4953194
1804,Casual User,10,5203,4.4922853
1805,Casual User,1,5306,4.762678
1805,Casual User,2,5300,4.752772
1805,Casual User,3,5303,4.7493668
1805,Casual User,4,5302,4.7403517
1805,Casual User,5,5298,4.7236986
1805,Casual User,6,5194,4.500536
1805,Casual User,7,5201,4.4971914
1805,Casual User,8,5427,4.4965
1805,Casual User,9,5203,4.491763
1805,Casual User,10,5214,4.487483
1809,Casual User,1,5306,4.7621593
1809,Casual User,2,5300,4.7520323
1809,Casual User,3,5303,4.748942
1809,Casual User,4,5302,4.7399197
1809,Casual User,5,5298,4.723298
1809,Casual User,6,5194,4.4983964
1809,Casual User,7,5427,4.4963207
1809,Casual User,8,5201,4.495839
1809,Casual User,9,5101,4.491174
1809,Casual User,10,5203,4.4906006
1811,Casual User,1,5306,4.758951
1811,Casual User,2,5300,4.748752
1811,Casual User,3,5303,4.746007
1811,Casual User,4,5302,4.7368793
1811,Casual User,5,5298,4.720209
1811,Casual User,6,5194,4.4972935
1811,Casual User,7,5201,4.494695
1811,Casual User,8,5427,4.492404
1811,Casual User,9,5203,4.48921
1811,Casual User,10,5052,4.4880905
1819,Casual User,1,5306,4.7612915
1819,Casual User,2,5300,4.751285
1819,Casual User,3,5303,4.7480755
1819,Casual User,4,5302,4.73899
1819,Casual User,5,5298,4.7223372
1819,Casual User,6,5194,4.5002117
1819,Casual User,7,5201,4.4969096
1819,Casual User,8,5427,4.4949417
1819,Casual User,9,5101,4.4927263
1819,Casual User,10,5203,4.491475
1825,Casual User,1,5306,4.760745
1825,Casual User,2,5300,4.7506714
1825,Casual User,3,5303,4.747587
1825,Casual User,4,5302,4.738476
1825,Casual User,5,5298,4.7218733
1825,Casual User,6,5194,4.499473
1825,Casual User,7,5201,4.4964533
1825,Casual User,8,5427,4.4945364
1825,Casual User,9,5101,4.491254
1825,Casual User,10,5203,4.491024
1833,Casual User,1,5306,4.7642555
1833,Casual User,2,5300,4.7542706
1833,Casual User,3,5303,4.750886
1833,Casual User,4,5302,4.7419624
1833,Casual User,5,5298,4.7253423
1833,Casual User,6,5194,4.499034
1833,Casual User,7,5427,4.4986706
1833,Casual User,8,5201,4.496387
1833,Casual User,9,5203,4.4911704
1833,Casual User,10,5214,4.486428
1834,Casual User,1,5306,4.7615905
1834,Casual User,2,5300,4.7515335
1834,Casual User,3,5303,4.748351
1834,Casual User,4,5302,4.7392454
1834,Casual User,5,5298,4.72273
1834,Casual User,6,5194,4.4998555
1834,Casual User,7,5201,4.496915
1834,Casual User,8,5427,4.495801
1834,Casual User,9,5052,4.493672
1834,Casual User,10,5101,4.492803
1835,Casual User,1,5306,4.7635
1835,Casual User,2,5300,4.753561
1835,Casual User,3,5303,4.750141
1835,Casual User,4,5302,4.7411523
1835,Casual User,5,5298,4.724569
1835,Casual User,6,5194,4.5000625
1835,Casual User,7,5427,4.497754
1835,Casual User,8,5201,4.497064
1835,Casual User,9,5052,4.493908
1835,Casual User,10,5101,4.493228
1838,Casual User,1,5306,4.7615824
1838,Casual User,2,5300,4.751492
1838,Casual User,3,5303,4.7483854
1838,Casual User,4,5302,4.739311
1838,Casual User,5,5298,4.722764
1838,Casual User,6,5194,4.498904
1838,Casual User,7,5201,4.4962063
1838,Casual User,8,5427,4.49578
1838,Casual User,9,5052,4.492137
1838,Casual User,10,5203,4.490862
1841,Casual User,1,5306,4.7649927
1841,Casual User,2,5300,4.7550755
1841,Casual User,3,5303,4.751541
1841,Casual User,4,5302,4.7426314
1841,Casual User,5,5298,4.7260313
1841,Casual User,6,5194,4.4998837
1841,Casual User,7,5427,4.499497
1841,Casual User,8,5201,4.4970455
1841,Casual User,9,5052,4.494484
1841,Casual User,10,5101,4.494161
1844,Casual User,1,5306,4.7594156
1844,Casual User,2,5300,4.7492194
1844,Casual User,3,5303,4.746407
1844,Casual User,4,5302,4.737251
1844,Casual User,5,5298,4.7207155
1844,Casual User,6,5194,4.4977894
1844,Casual User,7,5201,4.495276
1844,Casual User,8,5427,4.493376
1844,Casual User,9,5203,4.489834
1844,Casual User,10,5052,4.4896135
1851,Casual User,1,5306,4.7599106
1851,Casual User,2,5300,4.749873
1851,Casual User,3,5303,4.7467494
1851,Casual User,4,5302,4.7375555
1851,Casual User,5,5298,4.720983
1851,Casual User,6,5194,4.5009346
1851,Casual User,7,5201,4.497403
1851,Casual User,8,5052,4.49409
1851,Casual User,9,5101,4.493685
1851,Casual User,10,5427,4.493555
1854,Casual User,1,5306,4.762308
1854,Casual User,2,5300,4.7522616
1854,Casual User,3,5303,4.749084
1854,Casual User,4,5302,4.740073
1854,Casual User,5,5298,4.7234693
1854,Casual User,6,5194,4.4986324
1854,Casual User,7,5427,4.4964485
1854,Casual User,8,5201,4.495969
1854,Casual User,9,5052,4.4914737
1854,Casual User,10,5203,4.4906316
1871,Casual User,1,5306,4.7627225
1871,Casual User,2,5300,4.7526865
1871,Casual User,3,5303,4.7494745
1871,Casual User,4,5302,4.7404766
1871,Casual User,5,5298,4.723919
1871,Casual User,6,5194,4.498496
1871,Casual User,7,5427,4.4971056
1871,Casual User,8,5201,4.4959607
1871,Casual User,9,5052,4.4914665
1871,Casual User,10,5203,4.4906416
1873,Casual User,1,5306,4.763202
1873,Casual User,2,5300,4.7532883
1873,Casual User,3,5303,4.7498507
1873,Casual User,4,5302,4.740855
1873,Casual User,5,5298,4.724204
1873,Casual User,6,5194,4.5005455
1873,Casual User,7,5201,4.4972734
1873,Casual User,8,5427,4.497142
1873,Casual User,9,5052,4.494205
1873,Casual User,10,5101,4.4939833
1874,Casual User,1,5306,4.761157
1874,Casual User,2,5300,4.751058
1874,Casual User,3,5303,4.748016
1874,Casual User,4,5302,4.738944
1874,Casual User,5,5298,4.7223754
1874,Casual User,6,5194,4.4983683
1874,Casual User,7,5201,4.4957485
1874,Casual User,8,5427,4.4952383
1874,Casual User,9,5203,4.4903603
1874,Casual User,10,5214,4.48567
1877,Casual User,1,5306,4.763038
1877,Casual User,2,5300,4.753078
1877,Casual User,3,5303,4.749709
1877,Casual User,4,5302,4.740699
1877,Casual User,5,5298,4.7241
1877,Casual User,6,5194,4.500072
1877,Casual User,7,5427,4.4971695
1877,Casual User,8,5201,4.497026
1877,Casual User,9,5101,4.4932666
1877,Casual User,10,5203,4.49168
1883,Casual User,1,5306,4.7623386
1883,Casual User,2,5300,4.7523108
1883,Casual User,3,5303,4.749049
1883,Casual User,4,5302,4.739997
1883,Casual User,5,5298,4.723403
1883,Casual User,6,5194,4.4999895
1883,Casual User,7,5201,4.496966
1883,Casual User,8,5427,4.496416
1883,Casual User,9,5052,4.4940634
1883,Casual User,10,5101,4.493774
1884,Casual User,1,5306,4.760822
1884,Casual User,2,5300,4.750629
1884,Casual User,3,5303,4.747714
1884,Casual User,4,5302,4.738615
1884,Casual User,5,5298,4.7221084
1884,Casual User,6,5194,4.4977045
1884,Casual User,7,5201,4.495401
1884,Casual User,8,5427,4.495203
1884,Casual User,9,5052,4.490589
1884,Casual User,10,5203,4.490092
1888,Casual User,1,5306,4.7633095
1888,Casual User,2,5300,4.7533503
1888,Casual User,3,5303,4.7499924
1888,Casual User,4,5302,4.7410254
1888,Casual User,5,5298,4.7243757
1888,Casual User,6,5194,4.4994993
1888,Casual User,7,5427,4.4973645
1888,Casual User,8,5201,4.4965672
1888,Casual User,9,5101,4.491938
1888,Casual User,10,5203,4.491234
1890,Casual User,1,5306,4.7632284
1890,Casual User,2,5300,4.7532434
1890,Casual User,3,5303,4.7499137
1890,Casual User,4,5302,4.740932
1890,Casual User,5,5298,4.724319
1890,Casual User,6,5194,4.4994144
1890,Casual User,7,5427,4.497419
1890,Casual User,8,5201,4.496568
1890,Casual User,9,5052,4.4929676
1890,Casual User,10,5101,4.4921064
1891,Casual User,1,5306,4.7624025
1891,Casual User,2,5300,4.7523775
1891,Casual User,3,5303,4.749103
1891,Casual User,4,5302,4.7400455
1891,Casual User,5,5298,4.7234716
1891,Casual User,6,5194,4.5000935
1891,Casual User,7,5201,4.4970713
1891,Casual User,8,5427,4.49655
1891,Casual User,9,5101,4.4940424
1891,Casual User,10,5203,4.4917536
1894,Casual User,1,5306,4.7639937
1894,Casual User,2,5300,4.7540984
1894,Casual User,3,5303,4.7506156
1894,Casual User,4,5302,4.741682
1894,Casual User,5,5298,4.7249975
1894,Casual User,6,5194,4.5000486
1894,Casual User,7,5427,4.497982
1894,Casual User,8,5201,4.4969363
1894,Casual User,9,5052,4.4935417
1894,Casual User,10,5101,4.4931335
1897,Casual User,1,5306,4.7619367
1897,Casual User,2,5300,4.7519064
1897,Casual User,3,5303,4.7487354
1897,Casual User,4,5302,4.7397175
1897,Casual User,5,5298,4.7230606
1897,Casual User,6,5194,4.498848
1897,Casual User,7,5201,4.4960046
1897,Casual User,8,5427,4.4957895
1897,Casual User,9,5052,4.4912953
1897,Casual User,10,5203,4.4906187
1902,Casual User,1,5306,4.760868
1902,Casual User,2,5300,4.7507734
1902,Casual User,3,5303,4.747742
1902,Casual User,4,5302,4.7386665
1902,Casual User,5,5298,4.722042
1902,Casual User,6,5194,4.498569
1902,Casual User,7,5201,4.4957914
1902,Casual User,8,5427,4.494684
1902,Casual User,9,5052,4.4907966
1902,Casual User,10,5203,4.490379
1906,Casual User,1,5306,4.763116
1906,Casual User,2,5300,4.753147
1906,Casual User,3,5303,4.749835
1906,Casual User,4,5302,4.7408733
1906,Casual User,5,5298,4.724227
1906,Casual User,6,5194,4.498995
1906,Casual User,7,5427,4.497178
1906,Casual User,8,5201,4.4961877
1906,Casual User,9,5052,4.49172
1906,Casual User,10,5203,4.4908338
1908,Casual User,1,5306,4.7630706
1908,Casual User,2,5300,4.753074
1908,Casual User,3,5303,4.749797
1908,Casual User,4,5302,4.740829
1908,Casual User,5,5298,4.7242084
1908,Casual User,6,5194,4.4987664
1908,Casual User,7,5427,4.497256
1908,Casual User,8,5201,4.4960756
1908,Casual User,9,5052,4.4916544
1908,Casual User,10,5203,4.4907494
1910,Casual User,1,5306,4.763777
1910,Casual User,2,5300,4.753854
1910,Casual User,3,5303,4.7503853
1910,Casual User,4,5302,4.7413855
1910,Casual User,5,5298,4.7248764
1910,Casual User,6,5194,4.500303
1910,Casual User,7,5427,4.4982996
1910,Casual User,8,5201,4.497347
1910,Casual User,9,5052,4.49451
1910,Casual User,10,5101,4.4936743
1911,Casual User,1,5306,4.7621703
1911,Casual User,2,5300,4.7520514
1911,Casual User,3,5303,4.748956
1911,Casual User,4,5302,4.7399273
1911,Casual User,5,5298,4.723357
1911,Casual User,6,5194,4.4982834
1911,Casual User,7,5427,4.4965034
1911,Casual User,8,5201,4.4958134
1911,Casual User,9,5052,4.491741
1911,Casual User,10,5203,4.4905553
1912,Casual User,1,5306,4.760392
1912,Casual User,2,5300,4.750193
1912,Casual User,3,5303,4.7473426
1912,Casual User,4,5302,4.7382736
1912,Casual User,5,5298,4.7216177
1912,Casual User,6,5194,4.497299
1912,Casual User,7,5201,4.494874
1912,Casual User,8,5427,4.4942174
1912,Casual User,9,5203,4.4895344
1912,Casual User,10,5052,4.489338
1913,Casual User,1,5306,4.7601438
1913,Casual User,2,5300,4.7499685
1913,Casual User,3,5303,4.747082
1913,Casual User,4,5302,4.7379637
1913,Casual User,5,5298,4.721407
1913,Casual User,6,5194,4.497902
1913,Casual User,7,5201,4.49539
1913,Casual User,8,5427,4.4941635
1913,Casual User,9,5052,4.4901004
1913,Casual User,10,5203,4.489996
1918,Casual User,1,5306,4.761723
1918,Casual User,2,5300,4.7517357
1918,Casual User,3,5303,4.7484217
1918,Casual User,4,5302,4.739293
1918,Casual User,5,5298,4.7227716
1918,Casual User,6,5194,4.5012326
1918,Casual User,7,5201,4.4978437
1918,Casual User,8,5427,4.4958196
1918,Casual User,9,5052,4.4956317
1918,Casual User,10,5101,4.495593
1919,Casual User,1,5306,4.75877
1919,Casual User,2,5300,4.748499
1919,Casual User,3,5303,4.745791
1919,Casual User,4,5302,4.7365885
1919,Casual User,5,5298,4.7200527
1919,Casual User,6,5194,4.497871
1919,Casual User,7,5201,4.4953427
1919,Casual User,8,5427,4.4926667
1919,Casual User,9,5052,4.4902954
1919,Casual User,10,5203,4.4899464
1930,Casual User,1,5306,4.7611814
1930,Casual User,2,5300,4.7511296
1930,Casual User,3,5303,4.7479544
1930,Casual User,4,5302,4.7388296
1930,Casual User,5,5298,4.7222633
1930,Casual User,6,5194,4.5003004
1930,Casual User,7,5201,4.4971294
1930,Casual User,8,5427,4.495118
1930,Casual User,9,5101,4.4937496
1930,Casual User,10,5203,4.491736
1935,Casual User,1,5306,4.7616143
1935,Casual User,2,5300,4.7514906
1935,Casual User,3,5303,4.7483993
1935,Casual User,4,5302,4.7393045
1935,Casual User,5,5298,4.7228003
1935,Casual User,6,5194,4.4990377
1935,Casual User,7,5201,4.4963965
1935,Casual User,8,5427,4.4959917
1935,Casual User,9,5052,4.492979
1935,Casual User,10,5101,4.491892
1938,Casual User,1,5306,4.762354
1938,Casual User,2,5300,4.752287
1938,Casual User,3,5303,4.749126
1938,Casual User,4,5302,4.7401013
1938,Casual User,5,5298,4.723566
1938,Casual User,6,5194,4.498474
1938,Casual User,7,5427,4.496768
1938,Casual User,8,5201,4.495964
1938,Casual User,9,5052,4.491583
1938,Casual User,10,5203,4.490651
1939,Casual User,1,5306,4.7651024
1939,Casual User,2,5300,4.7552156
1939,Casual User,3,5303,4.7516007
1939,Casual User,4,5302,4.742652
1939,Casual User,5,5298,4.726138
1939,Casual User,6,5194,4.5007634
1939,Casual User,7,5427,4.499824
1939,Casual User,8,5201,4.4977813
1939,Casual User,9,5101,4.4960012
1939,Casual User,10,5203,4.492547
1946,Casual User,1,5306,4.763061
1946,Casual User,2,5300,4.753148
1946,Casual User,3,5303,4.749712
1946,Casual User,4,5302,4.7406936
1946,Casual User,5,5298,4.7241
1946,Casual User,6,5194,4.5006313
1946,Casual User,7,5201,4.497395
1946,Casual User,8,5427,4.4971466
1946,Casual User,9,5052,4.494322
1946,Casual User,10,5101,4.493828
1950,Casual User,1,5306,4.760454
1950,Casual User,2,5300,4.7503796
1950,Casual User,3,5303,4.7473497
1950,Casual User,4,5302,4.738248
1950,Casual User,5,5298,4.7216387
1950,Casual User,6,5194,4.498817
1950,Casual User,7,5201,4.4959297
1950,Casual User,8,5427,4.494197
1950,Casual User,9,5052,4.490716
1950,Casual User,10,5203,4.490454
1952,Casual User,1,5306,4.7614384
1952,Casual User,2,5300,4.751436
1952,Casual User,3,5303,4.7482314
1952,Casual User,4,5302,4.7391624
1952,Casual User,5,5298,4.7225237
1952,Casual User,6,5194,4.499801
1952,Casual User,7,5201,4.496651
1952,Casual User,8,5427,4.4951715
1952,Casual User,9,5052,4.4924717
1952,Casual User,10,5203,4.4912043
1953,Casual User,1,5306,4.762254
1953,Casual User,2,5300,4.7522035
1953,Casual User,3,5303,4.748974
1953,Casual User,4,5302,4.7399154
1953,Casual User,5,5298,4.7233334
1953,Casual User,6,5194,4.4998226
1953,Casual User,7,5201,4.496871
1953,Casual User,8,5427,4.4963846
1953,Casual User,9,5052,4.4939985
1953,Casual User,10,5101,4.493671
1958,Casual User,1,5306,4.760581
1958,Casual User,2,5300,4.7505374
1958,Casual User,3,5303,4.747424
1958,Casual User,4,5302,4.7383113
1958,Casual User,5,5298,4.7216587
1958,Casual User,6,5194,4.4998827
1958,Casual User,7,5201,4.4966335
1958,Casual User,8,5427,4.4941344
1958,Casual User,9,5101,4.4917316
1958,Casual User,10,5203,4.49117
1970,Casual User,1,5306,4.764476
1970,Casual User,2,5300,4.754637
1970,Casual User,3,5303,4.7510605
1970,Casual User,4,5302,4.7421465
1970,Casual User,5,5298,4.7254777
1970,Casual User,6,5194,4.50033
1970,Casual User,7,5427,4.4985476
1970,Casual User,8,5201,4.497158
1970,Casual User,9,5052,4.4937353
1970,Casual User,10,5101,4.4931793
1977,Casual User,1,5306,4.7630305
1977,Casual User,2,5300,4.75305
1977,Casual User,3,5303,4.7497034
1977,Casual User,4,5302,4.7407064
1977,Casual User,5,5298,4.724044
1977,Casual User,6,5194,4.5000176
1977,Casual User,7,5427,4.4969826
1977,Casual User,8,5201,4.4969273
1977,Casual User,9,5101,4.49385
1977,Casual User,10,5203,4.491616
1986,Casual User,1,5306,4.7622147
1986,Casual User,2,5300,4.752101
1986,Casual User,3,5303,4.749012
1986,Casual User,4,5302,4.739992
1986,Casual User,5,5298,4.723439
1986,Casual User,6,5194,4.4979715
1986,Casual User,7,5427,4.496636
1986,Casual User,8,5201,4.495607
1986,Casual User,9,5052,4.4910965
1986,Casual User,10,5203,4.4903345
1988,Casual User,1,5306,4.7625527
1988,Casual User,2,5300,4.752555
1988,Casual User,3,5303,4.7492886
1988,Casual User,4,5302,4.740286
1988,Casual User,5,5298,4.723638
1988,Casual User,6,5194,4.4993515
1988,Casual User,7,5427,4.4965034
1988,Casual User,8,5201,4.49642
1988,Casual User,9,5052,4.4924016
1988,Casual User,10,5101,4.491474
1991,Casual User,1,5306,4.7610335
1991,Casual User,2,5300,4.750985
1991,Casual User,3,5303,4.7478323
1991,Casual User,4,5302,4.7386956
1991,Casual User,5,5298,4.722205
1991,Casual User,6,5194,4.499915
1991,Casual User,7,5201,4.4969225
1991,Casual User,8,5427,4.495195
1991,Casual User,9,5052,4.4932513
1991,Casual User,10,5101,4.491987
1996,Casual User,1,5306,4.762842
1996,Casual User,2,5300,4.752913
1996,Casual User,3,5303,4.749504
1996,Casual User,4,5302,4.7404747
1996,Casual User,5,5298,4.7238684
1996,Casual User,6,5194,4.5006795
1996,Casual User,7,5201,4.497404
1996,Casual User,8,5427,4.496859
1996,Casual User,9,5052,4.494467
1996,Casual User,10,5101,4.494158
300,Designer / Editor,1,5306,4.765892
300,Designer / Editor,2,5300,4.756961
300,Designer / Editor,3,5303,4.751211
300,Designer / Editor,4,5302,4.741325
300,Designer / Editor,5,5298,4.7273297
300,Designer / Editor,6,5194,4.520705
300,Designer / Editor,7,5201,4.514576
300,Designer / Editor,8,5427,4.510447
300,Designer / Editor,9,5203,4.508782
300,Designer / Editor,10,5197,4.5040994
301,Designer / Editor,1,5306,4.7658877
301,Designer / Editor,2,5300,4.7569323
301,Designer / Editor,3,5303,4.751218
301,Designer / Editor,4,5302,4.7413325
301,Designer / Editor,5,5298,4.7273374
301,Designer / Editor,6,5194,4.5205135
301,Designer / Editor,7,5427,4.5104322
301,Designer / Editor,8,5203,4.50869
301,Designer / Editor,9,5214,4.5066004
301,Designer / Editor,10,5202,4.4949183
302,Designer / Editor,1,5306,4.764512
302,Designer / Editor,2,5300,4.755507
302,Designer / Editor,3,5303,4.7499714
302,Designer / Editor,4,5302,4.740066
302,Designer / Editor,5,5298,4.7259097
302,Designer / Editor,6,5194,4.5201936
302,Designer / Editor,7,5201,4.5139685
302,Designer / Editor,8,5427,4.5084276
302,Designer / Editor,9,5203,4.5081377
302,Designer / Editor,10,5197,4.5034666
303,Designer / Editor,1,5306,4.765215
303,Designer / Editor,2,5300,4.756235
303,Designer / Editor,3,5303,4.7506237
303,Designer / Editor,4,5302,4.7407503
303,Designer / Editor,5,5298,4.7265983
303,Designer / Editor,6,5194,4.520282
303,Designer / Editor,7,5201,4.514093
303,Designer / Editor,8,5214,4.5062456
303,Designer / Editor,9,5197,4.5035996
303,Designer / Editor,10,5202,4.494658
304,Designer / Editor,1,5306,4.7668557
304,Designer / Editor,2,5300,4.7577977
304,Designer / Editor,3,5303,4.7523737
304,Designer / Editor,4,5302,4.7427707
304,Designer / Editor,5,5298,4.728046
304,Designer / Editor,6,5194,4.5176477
304,Designer / Editor,7,5427,4.509149
304,Designer / Editor,8,5197,4.5010614
304,Designer / Editor,9,5195,4.4867425
304,Designer / Editor,10,5199,4.4861956
305,Designer / Editor,1,5306,4.7684236
305,Designer / Editor,2,5300,4.7595315
305,Designer / Editor,3,5303,4.7536526
305,Designer / Editor,4,5302,4.74395
305,Designer / Editor,5,5298,4.729781
305,Designer / Editor,6,5201,4.514063
305,Designer / Editor,7,5427,4.5127225
305,Designer / Editor,8,5214,4.5061274
305,Designer / Editor,9,5202,4.494345
305,Designer / Editor,10,5195,4.488752
306,Designer / Editor,1,5306,4.766246
306,Designer / Editor,2,5300,4.757156
306,Designer / Editor,3,5303,4.751769
306,Designer / Editor,4,5302,4.742091
306,Designer / Editor,5,5298,4.7275047
306,Designer / Editor,6,5194,4.5179377
306,Designer / Editor,7,5427,4.5089045
306,Designer / Editor,8,5203,4.50649
306,Designer / Editor,9,5214,4.5040817
306,Designer / Editor,10,5197,4.5013866
307,Designer / Editor,1,5306,4.767611
307,Designer / Editor,2,5300,4.7590427
307,Designer / Editor,3,5303,4.752674
307,Designer / Editor,4,5302,4.7428427
307,Designer / Editor,5,5298,4.7289333
307,Designer / Editor,6,5427,4.51283
307,Designer / Editor,7,5197,4.506117
307,Designer / Editor,8,5202,4.4972744
307,Designer / Editor,9,5200,4.4866257
307,Designer / Editor,10,5219,4.473606
308,Designer / Editor,1,5306,4.7659435
308,Designer / Editor,2,5300,4.756985
308,Designer / Editor,3,5303,4.751303
308,Designer / Editor,4,5302,4.7414656
308,Designer / Editor,5,5298,4.7273064
308,Designer / Editor,6,5194,4.5203238
308,Designer / Editor,7,5201,4.514176
308,Designer / Editor,8,5427,4.5100446
308,Designer / Editor,9,5203,4.508409
308,Designer / Editor,10,5197,4.5036883
309,Designer / Editor,1,5306,4.766758
309,Designer / Editor,2,5300,4.757663
309,Designer / Editor,3,5303,4.752308
309,Designer / Editor,4,5302,4.7427225
309,Designer / Editor,5,5298,4.7279224
309,Designer / Editor,6,5194,4.5172553
309,Designer / Editor,7,5201,4.511505
309,Designer / Editor,8,5427,4.508768
309,Designer / Editor,9,5203,4.505854
309,Designer / Editor,10,5214,4.5033813
310,Designer / Editor,1,5306,4.76749
310,Designer / Editor,2,5300,4.7586293
310,Designer / Editor,3,5303,4.752799
310,Designer / Editor,4,5302,4.7431054
310,Designer / Editor,5,5298,4.7287436
310,Designer / Editor,6,5194,4.5200486
310,Designer / Editor,7,5427,4.5111837
310,Designer / Editor,8,5203,4.5080805
310,Designer / Editor,9,5214,4.5060186
310,Designer / Editor,10,5202,4.4944286
311,Designer / Editor,1,5306,4.766803
311,Designer / Editor,2,5300,4.7580385
311,Designer / Editor,3,5303,4.7519884
311,Designer / Editor,4,5302,4.7421336
311,Designer / Editor,5,5298,4.7281494
311,Designer / Editor,6,5427,4.5116196
311,Designer / Editor,7,5203,4.509593
311,Designer / Editor,8,5214,4.507818
311,Designer / Editor,9,5197,4.5052156
311,Designer / Editor,10,5202,4.4963026
312,Designer / Editor,1,5306,4.7679863
312,Designer / Editor,2,5300,4.7588973
312,Designer / Editor,3,5303,4.75346
312,Designer / Editor,4,5302,4.743917
312,Designer / Editor,5,5298,4.7291927
312,Designer / Editor,6,5194,4.5170045
312,Designer / Editor,7,5201,4.5115438
312,Designer / Editor,8,5427,4.5103345
312,Designer / Editor,9,5203,4.505955
312,Designer / Editor,10,5214,4.503334
313,Designer / Editor,1,5306,4.7685266
313,Designer / Editor,2,5300,4.7595534
313,Designer / Editor,3,5303,4.7539277
313,Designer / Editor,4,5302,4.7444143
313,Designer / Editor,5,5298,4.729647
313,Designer / Editor,6,5201,4.5120964
313,Designer / Editor,7,5427,4.5108995
313,Designer / Editor,8,5203,4.5064793
313,Designer / Editor,9,5214,4.5040693
313,Designer / Editor,10,5202,4.4924107
314,Designer / Editor,1,5306,4.7662563
314,Designer / Editor,2,5300,4.7575073
314,Designer / Editor,3,5303,4.751474
314,Designer / Editor,4,5302,4.7416005
314,Designer / Editor,5,5298,4.7275925
314,Designer / Editor,6,5194,4.5221205
314,Designer / Editor,7,5427,4.5109835
314,Designer / Editor,8,5203,4.5095406
314,Designer / Editor,9,5214,4.507853
314,Designer / Editor,10,5197,4.5052543
315,Designer / Editor,1,5306,4.7669396
315,Designer / Editor,2,5300,4.757866
315,Designer / Editor,3,5303,4.7523756
315,Designer / Editor,4,5302,4.742674
315,Designer / Editor,5,5298,4.728286
315,Designer / Editor,6,5194,4.518262
315,Designer / Editor,7,5201,4.512701
315,Designer / Editor,8,5427,4.510296
315,Designer / Editor,9,5203,4.507036
315,Designer / Editor,10,5214,4.504567
316,Designer / Editor,1,5306,4.7659397
316,Designer / Editor,2,5300,4.7569814
316,Designer / Editor,3,5303,4.7513275
316,Designer / Editor,4,5302,4.741525
316,Designer / Editor,5,5298,4.727246
316,Designer / Editor,6,5201,4.513903
316,Designer / Editor,7,5427,4.5096855
316,Designer / Editor,8,5203,4.5081387
316,Designer / Editor,9,5214,4.50607
316,Designer / Editor,10,5197,4.5034285
317,Designer / Editor,1,5306,4.765948
317,Designer / Editor,2,5300,4.757036
317,Designer / Editor,3,5303,4.7512903
317,Designer / Editor,4,5302,4.7414427
317,Designer / Editor,5,5298,4.727339
317,Designer / Editor,6,5194,4.520549
317,Designer / Editor,7,5427,4.5102234
317,Designer / Editor,8,5203,4.5085297
317,Designer / Editor,9,5197,4.5038767
317,Designer / Editor,10,5202,4.494916
318,Designer / Editor,1,5306,4.7642565
318,Designer / Editor,2,5300,4.755124
318,Designer / Editor,3,5303,4.7498817
318,Designer / Editor,4,5302,4.7400937
318,Designer / Editor,5,5298,4.725521
318,Designer / Editor,6,5201,4.5123434
318,Designer / Editor,7,5427,4.5067787
318,Designer / Editor,8,5203,4.5065765
318,Designer / Editor,9,5214,4.5043306
318,Designer / Editor,10,5197,4.5016594
319,Designer / Editor,1,5306,4.763625
319,Designer / Editor,2,5300,4.754544
319,Designer / Editor,3,5303,4.7490892
319,Designer / Editor,4,5302,4.739048
319,Designer / Editor,5,5298,4.725214
319,Designer / Editor,6,5194,4.5203147
319,Designer / Editor,7,5201,4.5143704
319,Designer / Editor,8,5427,4.5083323
319,Designer / Editor,9,5214,4.5064173
319,Designer / Editor,10,5202,4.4947176
320,Designer / Editor,1,5306,4.7678947
320,Designer / Editor,2,5300,4.7589064
320,Designer / Editor,3,5303,4.753307
320,Designer / Editor,4,5302,4.7437177
320,Designer / Editor,5,5298,4.7291164
320,Designer / Editor,6,5201,4.512395
320,Designer / Editor,7,5214,4.5043354
320,Designer / Editor,8,5197,4.5016384
320,Designer / Editor,9,5202,4.492625
320,Designer / Editor,10,5195,4.4871635
321,Designer / Editor,1,5306,4.7667975
321,Designer / Editor,2,5300,4.7577305
321,Designer / Editor,3,5303,4.7522717
321,Designer / Editor,4,5302,4.7426004
321,Designer / Editor,5,5298,4.7280927
321,Designer / Editor,6,5194,4.5180426
321,Designer / Editor,7,5201,4.5123854
321,Designer / Editor,8,5427,4.5097704
321,Designer / Editor,9,5203,4.506704
321,Designer / Editor,10,5214,4.504267
322,Designer / Editor,1,5306,4.7669034
322,Designer / Editor,2,5300,4.757923
322,Designer / Editor,3,5303,4.752308
322,Designer / Editor,4,5302,4.742621
322,Designer / Editor,5,5298,4.7281313
322,Designer / Editor,6,5201,4.513139
322,Designer / Editor,7,5427,4.5100617
322,Designer / Editor,8,5203,4.5074387
322,Designer / Editor,9,5214,4.505216
322,Designer / Editor,10,5202,4.49361
323,Designer / Editor,1,5306,4.765188
323,Designer / Editor,2,5300,4.7562222
323,Designer / Editor,3,5303,4.7505627
323,Designer / Editor,4,5302,4.7406425
323,Designer / Editor,5,5298,4.7266593
323,Designer / Editor,6,5427,4.5096827
323,Designer / Editor,7,5203,4.508584
323,Designer / Editor,8,5214,4.506542
323,Designer / Editor,9,5197,4.503888
323,Designer / Editor,10,5202,4.4948907
324,Designer / Editor,1,5306,4.766048
324,Designer / Editor,2,5300,4.757071
324,Designer / Editor,3,5303,4.7514215
324,Designer / Editor,4,5302,4.741592
324,Designer / Editor,5,5298,4.7274504
324,Designer / Editor,6,5194,4.519931
324,Designer / Editor,7,5201,4.513946
324,Designer / Editor,8,5203,4.5081787
324,Designer / Editor,9,5197,4.503361
324,Designer / Editor,10,5202,4.4943457
325,Designer / Editor,1,5306,4.7682285
325,Designer / Editor,2,5300,4.759323
325,Designer / Editor,3,5303,4.7535505
325,Designer / Editor,4,5302,4.743925
325,Designer / Editor,5,5298,4.729485
325,Designer / Editor,6,5194,4.5191126
325,Designer / Editor,7,5201,4.5132055
325,Designer / Editor,8,5203,4.5075088
325,Designer / Editor,9,5197,4.502568
325,Designer / Editor,10,5202,4.4935527
326,Designer / Editor,1,5306,4.7669764
326,Designer / Editor,2,5300,4.7580237
326,Designer / Editor,3,5303,4.752316
326,Designer / Editor,4,5302,4.742562
326,Designer / Editor,5,5298,4.7283196
326,Designer / Editor,6,5194,4.5197268
326,Designer / Editor,7,5201,4.513777
326,Designer / Editor,8,5427,4.510902
326,Designer / Editor,9,5203,4.508051
326,Designer / Editor,10,5197,4.5031843
327,Designer / Editor,1,5306,4.7652645
327,Designer / Editor,2,5300,4.7561293
327,Designer / Editor,3,5303,4.7508593
327,Designer / Editor,4,5302,4.7411394
327,Designer / Editor,5,5298,4.7265296
327,Designer / Editor,6,5194,4.517826
327,Designer / Editor,7,5201,4.512013
327,Designer / Editor,8,5203,4.5062957
327,Designer / Editor,9,5197,4.5012164
327,Designer / Editor,10,5202,4.492277
328,Designer / Editor,1,5306,4.7669663
328,Designer / Editor,2,5300,4.7580833
328,Designer / Editor,3,5303,4.7522216
328,Designer / Editor,4,5302,4.7423983
328,Designer / Editor,5,5298,4.728374
328,Designer / Editor,6,5194,4.520708
328,Designer / Editor,7,5201,4.5146203
328,Designer / Editor,8,5427,4.511565
328,Designer / Editor,9,5214,4.506795
328,Designer / Editor,10,5197,4.5041456
329,Designer / Editor,1,5306,4.767708
329,Designer / Editor,2,5300,4.7589803
329,Designer / Editor,3,5303,4.752821
329,Designer / Editor,4,5302,4.7429914
329,Designer / Editor,5,5298,4.729086
329,Designer / Editor,6,5201,4.515596
329,Designer / Editor,7,5214,4.507983
329,Designer / Editor,8,5197,4.5053706
329,Designer / Editor,9,5202,4.4963875
329,Designer / Editor,10,5195,4.4909477
330,Designer / Editor,1,5306,4.766088
330,Designer / Editor,2,5300,4.7569876
330,Designer / Editor,3,5303,4.751636
330,Designer / Editor,4,5302,4.741967
330,Designer / Editor,5,5298,4.7273245
330,Designer / Editor,6,5194,4.517779
330,Designer / Editor,7,5201,4.5119944
330,Designer / Editor,8,5427,4.508539
330,Designer / Editor,9,5203,4.5063033
330,Designer / Editor,10,5214,4.503894
331,Designer / Editor,1,5306,4.7686377
331,Designer / Editor,2,5300,4.759761
331,Designer / Editor,3,5303,4.753955
331,Designer / Editor,4,5302,4.7443895
331,Designer / Editor,5,5298,4.7298045
331,Designer / Editor,6,5194,4.5190773
331,Designer / Editor,7,5201,4.513039
331,Designer / Editor,8,5214,4.5051336
331,Designer / Editor,9,5197,4.5024633
331,Designer / Editor,10,5199,4.4875774
332,Designer / Editor,1,5306,4.7661524
332,Designer / Editor,2,5300,4.757261
332,Designer / Editor,3,5303,4.7514863
332,Designer / Editor,4,5302,4.7416687
332,Designer / Editor,5,5298,4.727477
332,Designer / Editor,6,5194,4.5206685
332,Designer / Editor,7,5203,4.508538
332,Designer / Editor,8,5197,4.5039387
332,Designer / Editor,9,5195,4.489701
332,Designer / Editor,10,5199,4.4889216
333,Designer / Editor,1,5306,4.768004
333,Designer / Editor,2,5300,4.7590637
333,Designer / Editor,3,5303,4.7533436
333,Designer / Editor,4,5302,4.7437086
333,Designer / Editor,5,5298,4.7292447
333,Designer / Editor,6,5194,4.519053
333,Designer / Editor,7,5201,4.51315
333,Designer / Editor,8,5427,4.511325
333,Designer / Editor,9,5203,4.507477
333,Designer / Editor,10,5197,4.5025163
334,Designer / Editor,1,5306,4.7658763
334,Designer / Editor,2,5300,4.756982
334,Designer / Editor,3,5303,4.751155
334,Designer / Editor,4,5302,4.741246
334,Designer / Editor,5,5298,4.7272964
334,Designer / Editor,6,5194,4.5212994
334,Designer / Editor,7,5201,4.515001
334,Designer / Editor,8,5427,4.510622
334,Designer / Editor,9,5203,4.509204
334,Designer / Editor,10,5214,4.507264
335,Designer / Editor,1,5306,4.765542
335,Designer / Editor,2,5300,4.756587
335,Designer / Editor,3,5303,4.750901
335,Designer / Editor,4,5302,4.741018
335,Designer / Editor,5,5298,4.726946
335,Designer / Editor,6,5194,4.5205784
335,Designer / Editor,7,5201,4.514395
335,Designer / Editor,8,5197,4.503929
335,Designer / Editor,9,5195,4.489591
335,Designer / Editor,10,5199,4.488866
336,Designer / Editor,1,5306,4.7684035
336,Designer / Editor,2,5300,4.7594543
336,Designer / Editor,3,5303,4.7536936
336,Designer / Editor,4,5302,4.7440405
336,Designer / Editor,5,5298,4.7297
336,Designer / Editor,6,5201,4.513427
336,Designer / Editor,7,5427,4.5121436
336,Designer / Editor,8,5203,4.5077844
336,Designer / Editor,9,5214,4.505428
336,Designer / Editor,10,5197,4.5027494
337,Designer / Editor,1,5306,4.765865
337,Designer / Editor,2,5300,4.756918
337,Designer / Editor,3,5303,4.751212
337,Designer / Editor,4,5302,4.74136
337,Designer / Editor,5,5298,4.7272205
337,Designer / Editor,6,5201,4.514345
337,Designer / Editor,7,5427,4.510011
337,Designer / Editor,8,5203,4.508577
337,Designer / Editor,9,5197,4.503908
337,Designer / Editor,10,5195,4.489591
338,Designer / Editor,1,5306,4.766534
338,Designer / Editor,2,5300,4.757622
338,Designer / Editor,3,5303,4.7518544
338,Designer / Editor,4,5302,4.74204
338,Designer / Editor,5,5298,4.727934
338,Designer / Editor,6,5427,4.5108433
338,Designer / Editor,7,5203,4.5084343
338,Designer / Editor,8,5214,4.5063524
338,Designer / Editor,9,5197,4.5036902
338,Designer / Editor,10,5202,4.4946795
339,Designer / Editor,1,5306,4.767575
339,Designer / Editor,2,5300,4.7587986
339,Designer / Editor,3,5303,4.752755
339,Designer / Editor,4,5302,4.7429657
339,Designer / Editor,5,5298,4.728906
339,Designer / Editor,6,5427,4.5122256
339,Designer / Editor,7,5214,4.5073867
339,Designer / Editor,8,5197,4.504764
339,Designer / Editor,9,5219,4.471643
339,Designer / Editor,10,5423,4.4687047
340,Designer / Editor,1,5306,4.7637086
340,Designer / Editor,2,5300,4.7546763
340,Designer / Editor,3,5303,4.749168
340,Designer / Editor,4,5302,4.739167
340,Designer / Editor,5,5298,4.725177
340,Designer / Editor,6,5201,4.5144253
340,Designer / Editor,7,5203,4.50858
340,Designer / Editor,8,5214,4.5065994
340,Designer / Editor,9,5197,4.5039663
340,Designer / Editor,10,5202,4.49504
341,Designer / Editor,1,5306,4.7646103
341,Designer / Editor,2,5300,4.755682
341,Designer / Editor,3,5303,4.7500033
341,Designer / Editor,4,5302,4.7400584
341,Designer / Editor,5,5298,4.726057
341,Designer / Editor,6,5194,4.5209093
341,Designer / Editor,7,5427,4.509035
341,Designer / Editor,8,5214,4.5067873
341,Designer / Editor,9,5197,4.5041485
341,Designer / Editor,10,5202,4.4952354
342,Designer / Editor,1,5306,4.7643642
342,Designer / Editor,2,5300,4.755175
342,Designer / Editor,3,5303,4.750047
342,Designer / Editor,4,5302,4.7402916
342,Designer / Editor,5,5298,4.7257004
342,Designer / Editor,6,5194,4.5172486
342,Designer / Editor,7,5201,4.511576
342,Designer / Editor,8,5427,4.5067234
342,Designer / Editor,9,5203,4.5058084
342,Designer / Editor,10,5214,4.5033712
343,Designer / Editor,1,5306,4.7651606
343,Designer / Editor,2,5300,4.7562695
343,Designer / Editor,3,5303,4.7504425
343,Designer / Editor,4,5302,4.7404485
343,Designer / Editor,5,5298,4.7266974
343,Designer / Editor,6,5201,4.5152617
343,Designer / Editor,7,5214,4.5075097
343,Designer / Editor,8,5197,4.504877
343,Designer / Editor,9,5202,4.4958715
343,Designer / Editor,10,5195,4.490483
344,Designer / Editor,1,5306,4.7660613
344,Designer / Editor,2,5300,4.7572656
344,Designer / Editor,3,5303,4.75125
344,Designer / Editor,4,5302,4.741296
344,Designer / Editor,5,5298,4.7275357
344,Designer / Editor,6,5427,4.5113707
344,Designer / Editor,7,5203,4.509842
344,Designer / Editor,8,5197,4.505447
344,Designer / Editor,9,5202,4.496473
344,Designer / Editor,10,5195,4.491088
345,Designer / Editor,1,5306,4.767696
345,Designer / Editor,2,5300,4.7586913
345,Designer / Editor,3,5303,4.753091
345,Designer / Editor,4,5302,4.7434645
345,Designer / Editor,5,5298,4.728922
345,Designer / Editor,6,5194,4.5184994
345,Designer / Editor,7,5427,4.510684
345,Designer / Editor,8,5203,4.5070543
345,Designer / Editor,9,5197,4.501993
345,Designer / Editor,10,5202,4.492976
346,Designer / Editor,1,5306,4.7660155
346,Designer / Editor,2,5300,4.756999
346,Designer / Editor,3,5303,4.751483
346,Designer / Editor,4,5302,4.741746
346,Designer / Editor,5,5298,4.7273
346,Designer / Editor,6,5194,4.5189853
346,Designer / Editor,7,5201,4.512981
346,Designer / Editor,8,5203,4.5072336
346,Designer / Editor,9,5197,4.50234
346,Designer / Editor,10,5199,4.4873896
347,Designer / Editor,1,5306,4.764903
347,Designer / Editor,2,5300,4.7558565
347,Designer / Editor,3,5303,4.7503734
347,Designer / Editor,4,5302,4.740494
347,Designer / Editor,5,5298,4.726348
347,Designer / Editor,6,5194,4.5195284
347,Designer / Editor,7,5201,4.5135984
347,Designer / Editor,8,5203,4.5077944
347,Designer / Editor,9,5214,4.505614
347,Designer / Editor,10,5197,4.5029373
348,Designer / Editor,1,5306,4.7667265
348,Designer / Editor,2,5300,4.75772
348,Designer / Editor,3,5303,4.752097
348,Designer / Editor,4,5302,4.742317
348,Designer / Editor,5,5298,4.728146
348,Designer / Editor,6,5194,4.519269
348,Designer / Editor,7,5201,4.513558
348,Designer / Editor,8,5427,4.5107694
348,Designer / Editor,9,5203,4.5078325
348,Designer / Editor,10,5214,4.50552
349,Designer / Editor,1,5306,4.7684712
349,Designer / Editor,2,5300,4.7595143
349,Designer / Editor,3,5303,4.7538357
349,Designer / Editor,4,5302,4.7442737
349,Designer / Editor,5,5298,4.729658
349,Designer / Editor,6,5201,4.51256
349,Designer / Editor,7,5203,4.5069222
349,Designer / Editor,8,5214,4.5045424
349,Designer / Editor,9,5202,4.4928455
349,Designer / Editor,10,5195,4.487365
503,Designer / Editor,1,5306,4.765131
503,Designer / Editor,2,5300,4.7559433
503,Designer / Editor,3,5303,4.7507257
503,Designer / Editor,4,5302,4.7409563
503,Designer / Editor,5,5298,4.7265196
503,Designer / Editor,6,5194,4.5175586
503,Designer / Editor,7,5201,4.512061
503,Designer / Editor,8,5203,4.5063496
503,Designer / Editor,9,5214,4.503834
503,Designer / Editor,10,5197,4.501115
512,Designer / Editor,1,5306,4.767281
512,Designer / Editor,2,5300,4.7582345
512,Designer / Editor,3,5303,4.752755
512,Designer / Editor,4,5302,4.743145
512,Designer / Editor,5,5298,4.728527
512,Designer / Editor,6,5194,4.5177174
512,Designer / Editor,7,5201,4.512055
512,Designer / Editor,8,5203,4.506385
512,Designer / Editor,9,5214,4.5039287
512,Designer / Editor,10,5197,4.5012207
519,Designer / Editor,1,5306,4.76673
519,Designer / Editor,2,5300,4.757883
519,Designer / Editor,3,5303,4.751911
519,Designer / Editor,4,5302,4.742015
519,Designer / Editor,5,5298,4.728141
519,Designer / Editor,6,5194,4.521794
519,Designer / Editor,7,5201,4.51547
519,Designer / Editor,8,5203,4.509713
519,Designer / Editor,9,5195,4.4907103
519,Designer / Editor,10,5198,4.471166
529,Designer / Editor,1,5306,4.7673006
529,Designer / Editor,2,5300,4.758366
529,Designer / Editor,3,5303,4.752608
529,Designer / Editor,4,5302,4.742859
529,Designer / Editor,5,5298,4.728654
529,Designer / Editor,6,5194,4.519831
529,Designer / Editor,7,5203,4.508185
529,Designer / Editor,8,5214,4.5059814
529,Designer / Editor,9,5197,4.503315
529,Designer / Editor,10,5202,4.4942684
539,Designer / Editor,1,5306,4.768222
539,Designer / Editor,2,5300,4.759314
539,Designer / Editor,3,5303,4.753484
539,Designer / Editor,4,5302,4.743797
539,Designer / Editor,5,5298,4.7295356
539,Designer / Editor,6,5201,4.5138354
539,Designer / Editor,7,5427,4.5122123
539,Designer / Editor,8,5203,4.508156
539,Designer / Editor,9,5214,4.505908
539,Designer / Editor,10,5197,4.50324
548,Designer / Editor,1,5306,4.7680025
548,Designer / Editor,2,5300,4.759097
548,Designer / Editor,3,5303,4.7533407
548,Designer / Editor,4,5302,4.7437286
548,Designer / Editor,5,5298,4.729165
548,Designer / Editor,6,5194,4.5193286
548,Designer / Editor,7,5427,4.511079
548,Designer / Editor,8,5203,4.5075207
548,Designer / Editor,9,5214,4.5053315
548,Designer / Editor,10,5195,4.488356
553,Designer / Editor,1,5306,4.76474
553,Designer / Editor,2,5300,4.7557907
553,Designer / Editor,3,5303,4.750133
553,Designer / Editor,4,5302,4.7402005
553,Designer / Editor,5,5298,4.726166
553,Designer / Editor,6,5194,4.5208254
553,Designer / Editor,7,5201,4.51451
553,Designer / Editor,8,5427,4.509096
553,Designer / Editor,9,5197,4.504091
553,Designer / Editor,10,5195,4.489879
560,Designer / Editor,1,5306,4.767108
560,Designer / Editor,2,5300,4.758221
560,Designer / Editor,3,5303,4.7524433
560,Designer / Editor,4,5302,4.742732
560,Designer / Editor,5,5298,4.7283587
560,Designer / Editor,6,5194,4.520007
560,Designer / Editor,7,5427,4.510715
560,Designer / Editor,8,5214,4.5059586
560,Designer / Editor,9,5197,4.5033097
560,Designer / Editor,10,5195,4.4890337
564,Designer / Editor,1,5306,4.7659283
564,Designer / Editor,2,5300,4.756914
564,Designer / Editor,3,5303,4.751304
564,Designer / Editor,4,5302,4.741458
564,Designer / Editor,5,5298,4.7273307
564,Designer / Editor,6,5194,4.519932
564,Designer / Editor,7,5201,4.5139885
564,Designer / Editor,8,5427,4.5100527
564,Designer / Editor,9,5214,4.506057
564,Designer / Editor,10,5202,4.4943676
577,Designer / Editor,1,5306,4.767701
577,Designer / Editor,2,5300,4.758731
577,Designer / Editor,3,5303,4.7531114
577,Designer / Editor,4,5302,4.743515
577,Designer / Editor,5,5298,4.728885
577,Designer / Editor,6,5194,4.5184746
577,Designer / Editor,7,5427,4.5104437
577,Designer / Editor,8,5203,4.506874
577,Designer / Editor,9,5214,4.5045586
577,Designer / Editor,10,5197,4.5018787
580,Designer / Editor,1,5306,4.767577
580,Designer / Editor,2,5300,4.758722
580,Designer / Editor,3,5303,4.7528734
580,Designer / Editor,4,5302,4.7431774
580,Designer / Editor,5,5298,4.728833
580,Designer / Editor,6,5194,4.5201254
580,Designer / Editor,7,5201,4.5139084
580,Designer / Editor,8,5203,4.508159
580,Designer / Editor,9,5197,4.5034494
580,Designer / Editor,10,5202,4.494507
591,Designer / Editor,1,5306,4.769127
591,Designer / Editor,2,5300,4.7603602
591,Designer / Editor,3,5303,4.754227
591,Designer / Editor,4,5302,4.744518
591,Designer / Editor,5,5298,4.730448
591,Designer / Editor,6,5194,4.521152
591,Designer / Editor,7,5201,4.5150075
591,Designer / Editor,8,5427,4.5139046
591,Designer / Editor,9,5203,4.5093117
591,Designer / Editor,10,5197,4.504632
595,Designer / Editor,1,5306,4.7698164
595,Designer / Editor,2,5300,4.760936
595,Designer / Editor,3,5303,4.755104
595,Designer / Editor,4,5302,4.745629
595,Designer / Editor,5,5298,4.730953
595,Designer / Editor,6,5427,4.512664
595,Designer / Editor,7,5201,4.5125914
595,Designer / Editor,8,5214,4.504603
595,Designer / Editor,9,5197,4.501916
595,Designer / Editor,10,5202,4.492892
601,Designer / Editor,1,5306,4.7656693
601,Designer / Editor,2,5300,4.75657
601,Designer / Editor,3,5303,4.7512426
601,Designer / Editor,4,5302,4.7415648
601,Designer / Editor,5,5298,4.7268715
601,Designer / Editor,6,5194,4.517927
601,Designer / Editor,7,5201,4.5119963
601,Designer / Editor,8,5427,4.5079484
601,Designer / Editor,9,5203,4.5062895
601,Designer / Editor,10,5214,4.5039463
619,Designer / Editor,1,5306,4.7694387
619,Designer / Editor,2,5300,4.7604895
619,Designer / Editor,3,5303,4.7547517
619,Designer / Editor,4,5302,4.7452435
619,Designer / Editor,5,5298,4.7306037
619,Designer / Editor,6,5201,4.5125012
619,Designer / Editor,7,5427,4.51231
619,Designer / Editor,8,5203,4.506924
619,Designer / Editor,9,5197,4.5017667
619,Designer / Editor,10,5195,4.487132
621,Designer / Editor,1,5306,4.769246
621,Designer / Editor,2,5300,4.760308
621,Designer / Editor,3,5303,4.75458
621,Designer / Editor,4,5302,4.745076
621,Designer / Editor,5,5298,4.730402
621,Designer / Editor,6,5194,4.5181513
621,Designer / Editor,7,5201,4.5124025
621,Designer / Editor,8,5427,4.5120015
621,Designer / Editor,9,5214,4.5043683
621,Designer / Editor,10,5197,4.5016775
655,Designer / Editor,1,5306,4.7637634
655,Designer / Editor,2,5300,4.754485
655,Designer / Editor,3,5303,4.7495513
655,Designer / Editor,4,5302,4.7398386
655,Designer / Editor,5,5298,4.724979
655,Designer / Editor,6,5194,4.516431
655,Designer / Editor,7,5201,4.5106974
655,Designer / Editor,8,5214,4.5024714
655,Designer / Editor,9,5197,4.4997635
655,Designer / Editor,10,5202,4.490893
657,Designer / Editor,1,5306,4.766078
657,Designer / Editor,2,5300,4.7570972
657,Designer / Editor,3,5303,4.751501
657,Designer / Editor,4,5302,4.7417274
657,Designer / Editor,5,5298,4.727417
657,Designer / Editor,6,5194,4.51945
657,Designer / Editor,7,5427,4.5096745
657,Designer / Editor,8,5214,4.505493
657,Designer / Editor,9,5197,4.5028214
657,Designer / Editor,10,5202,4.4938545
685,Designer / Editor,1,5306,4.769416
685,Designer / Editor,2,5300,4.7605433
685,Designer / Editor,3,5303,4.7546535
685,Designer / Editor,4,5302,4.745086
685,Designer / Editor,5,5298,4.730623
685,Designer / Editor,6,5194,4.519292
685,Designer / Editor,7,5201,4.5134096
685,Designer / Editor,8,5427,4.5129404
685,Designer / Editor,9,5203,4.507782
685,Designer / Editor,10,5214,4.5054827
707,Designer / Editor,1,5306,4.7685914
707,Designer / Editor,2,5300,4.759697
707,Designer / Editor,3,5303,4.753932
707,Designer / Editor,4,5302,4.744379
707,Designer / Editor,5,5298,4.7297554
707,Designer / Editor,6,5194,4.5187855
707,Designer / Editor,7,5203,4.507125
707,Designer / Editor,8,5214,4.504861
707,Designer / Editor,9,5197,4.502183
707,Designer / Editor,10,5202,4.493219
710,Designer / Editor,1,5306,4.7676816
710,Designer / Editor,2,5300,4.7588763
710,Designer / Editor,3,5303,4.7528887
710,Designer / Editor,4,5302,4.7431254
710,Designer / Editor,5,5298,4.729004
710,Designer / Editor,6,5194,4.5210342
710,Designer / Editor,7,5427,4.512138
710,Designer / Editor,8,5214,4.507017
710,Designer / Editor,9,5197,4.504383
710,Designer / Editor,10,5202,4.495405
722,Designer / Editor,1,5306,4.7678514
722,Designer / Editor,2,5300,4.7588587
722,Designer / Editor,3,5303,4.753305
722,Designer / Editor,4,5302,4.7437716
722,Designer / Editor,5,5298,4.728961
722,Designer / Editor,6,5201,4.511939
722,Designer / Editor,7,5203,4.506295
722,Designer / Editor,8,5214,4.503923
722,Designer / Editor,9,5197,4.50124
722,Designer / Editor,10,5202,4.4923153
728,Designer / Editor,1,5306,4.7656345
728,Designer / Editor,2,5300,4.7566576
728,Designer / Editor,3,5303,4.7510576
728,Designer / Editor,4,5302,4.741244
728,Designer / Editor,5,5298,4.7269773
728,Designer / Editor,6,5194,4.5198407
728,Designer / Editor,7,5201,4.513704
728,Designer / Editor,8,5427,4.5093493
728,Designer / Editor,9,5197,4.5031624
728,Designer / Editor,10,5202,4.494225
744,Designer / Editor,1,5306,4.763577
744,Designer / Editor,2,5300,4.754545
744,Designer / Editor,3,5303,4.7490835
744,Designer / Editor,4,5302,4.7391214
744,Designer / Editor,5,5298,4.7249947
744,Designer / Editor,6,5194,4.520361
744,Designer / Editor,7,5201,4.514044
744,Designer / Editor,8,5214,4.506213
744,Designer / Editor,9,5202,4.4947004
744,Designer / Editor,10,5195,4.4894943
746,Designer / Editor,1,5306,4.7667828
746,Designer / Editor,2,5300,4.75778
746,Designer / Editor,3,5303,4.752249
746,Designer / Editor,4,5302,4.742597
746,Designer / Editor,5,5298,4.7280087
746,Designer / Editor,6,5201,4.5125074
746,Designer / Editor,7,5203,4.50679
746,Designer / Editor,8,5214,4.5045023
746,Designer / Editor,9,5197,4.5018177
746,Designer / Editor,10,5202,4.4928765
750,Designer / Editor,1,5306,4.767232
750,Designer / Editor,2,5300,4.7583947
750,Designer / Editor,3,5303,4.752477
750,Designer / Editor,4,5302,4.742695
750,Designer / Editor,5,5298,4.728566
750,Designer / Editor,6,5194,4.5208697
750,Designer / Editor,7,5201,4.5146036
750,Designer / Editor,8,5214,4.5068493
750,Designer / Editor,9,5197,4.5042124
750,Designer / Editor,10,5202,4.495241
774,Designer / Editor,1,5306,4.769728
774,Designer / Editor,2,5300,4.7609653
774,Designer / Editor,3,5303,4.7548304
774,Designer / Editor,4,5302,4.7451916
774,Designer / Editor,5,5298,4.7309847
774,Designer / Editor,6,5201,4.5146675
774,Designer / Editor,7,5427,4.5141487
774,Designer / Editor,8,5203,4.5090055
774,Designer / Editor,9,5214,4.506908
774,Designer / Editor,10,5197,4.50427
799,Designer / Editor,1,5306,4.767378
799,Designer / Editor,2,5300,4.7585306
799,Designer / Editor,3,5303,4.75262
799,Designer / Editor,4,5302,4.742834
799,Designer / Editor,5,5298,4.728773
799,Designer / Editor,6,5201,4.5145206
799,Designer / Editor,7,5427,4.5119157
799,Designer / Editor,8,5203,4.508743
799,Designer / Editor,9,5214,4.5066924
799,Designer / Editor,10,5199,4.488994
807,Designer / Editor,1,5306,4.7659144
807,Designer / Editor,2,5300,4.7568417
807,Designer / Editor,3,5303,4.7514443
807,Designer / Editor,4,5302,4.741744
807,Designer / Editor,5,5298,4.7271795
807,Designer / Editor,6,5201,4.5123425
807,Designer / Editor,7,5427,4.508642
807,Designer / Editor,8,5214,4.504283
807,Designer / Editor,9,5197,4.5015926
807,Designer / Editor,10,5202,4.4926424
817,Designer / Editor,1,5306,4.764507
817,Designer / Editor,2,5300,4.7555704
817,Designer / Editor,3,5303,4.74988
817,Designer / Editor,4,5302,4.73991
817,Designer / Editor,5,5298,4.725946
817,Designer / Editor,6,5194,4.521229
817,Designer / Editor,7,5201,4.514823
817,Designer / Editor,8,5427,4.5090556
817,Designer / Editor,9,5214,4.5070906
817,Designer / Editor,10,5202,4.495559
825,Designer / Editor,1,5306,4.770597
825,Designer / Editor,2,5300,4.7618628
825,Designer / Editor,3,5303,4.7557144
825,Designer / Editor,4,5302,4.746189
825,Designer / Editor,5,5298,4.731776
825,Designer / Editor,6,5427,4.5144806
825,Designer / Editor,7,5201,4.514036
825,Designer / Editor,8,5214,4.506237
825,Designer / Editor,9,5197,4.503582
825,Designer / Editor,10,5202,4.4945493
828,Designer / Editor,1,5306,4.7675514
828,Designer / Editor,2,5300,4.7589045
828,Designer / Editor,3,5303,4.7526526
828,Designer / Editor,4,5302,4.7428412
828,Designer / Editor,5,5298,4.7288127
828,Designer / Editor,6,5194,4.5227375
828,Designer / Editor,7,5427,4.512441
828,Designer / Editor,8,5203,4.5100245
828,Designer / Editor,9,5214,4.50842
828,Designer / Editor,10,5197,4.5058446
832,Designer / Editor,1,5306,4.765348
832,Designer / Editor,2,5300,4.756339
832,Designer / Editor,3,5303,4.7508135
832,Designer / Editor,4,5302,4.741006
832,Designer / Editor,5,5298,4.7266717
832,Designer / Editor,6,5194,4.519556
832,Designer / Editor,7,5203,4.507645
832,Designer / Editor,8,5214,4.5055213
832,Designer / Editor,9,5195,4.4886427
832,Designer / Editor,10,5200,4.483205
835,Designer / Editor,1,5306,4.769027
835,Designer / Editor,2,5300,4.760236
835,Designer / Editor,3,5303,4.7542186
835,Designer / Editor,4,5302,4.7446074
835,Designer / Editor,5,5298,4.730169
835,Designer / Editor,6,5194,4.5205255
835,Designer / Editor,7,5201,4.5141835
835,Designer / Editor,8,5427,4.512704
835,Designer / Editor,9,5203,4.508517
835,Designer / Editor,10,5197,4.503851
850,Designer / Editor,1,5306,4.7671037
850,Designer / Editor,2,5300,4.758142
850,Designer / Editor,3,5303,4.7524133
850,Designer / Editor,4,5302,4.742629
850,Designer / Editor,5,5298,4.728516
850,Designer / Editor,6,5194,4.5197816
850,Designer / Editor,7,5201,4.513976
850,Designer / Editor,8,5214,4.506007
850,Designer / Editor,9,5202,4.494237
850,Designer / Editor,10,5219,4.4696183
864,Designer / Editor,1,5306,4.7657704
864,Designer / Editor,2,5300,4.757103
864,Designer / Editor,3,5303,4.7509756
864,Designer / Editor,4,5302,4.741076
864,Designer / Editor,5,5298,4.7270637
864,Designer / Editor,6,5427,4.5105505
864,Designer / Editor,7,5203,4.5098543
864,Designer / Editor,8,5214,4.5083876
864,Designer / Editor,9,5200,4.486518
864,Designer / Editor,10,5219,4.473608
867,Designer / Editor,1,5306,4.767971
867,Designer / Editor,2,5300,4.7590113
867,Designer / Editor,3,5303,4.7533503
867,Designer / Editor,4,5302,4.7437677
867,Designer / Editor,5,5298,4.729099
867,Designer / Editor,6,5194,4.518771
867,Designer / Editor,7,5214,4.504812
867,Designer / Editor,8,5197,4.5021534
867,Designer / Editor,9,5202,4.4932175
867,Designer / Editor,10,5195,4.4878187
890,Designer / Editor,1,5306,4.764453
890,Designer / Editor,2,5300,4.7553473
890,Designer / Editor,3,5303,4.749991
890,Designer / Editor,4,5302,4.740117
890,Designer / Editor,5,5298,4.725885
890,Designer / Editor,6,5194,4.519016
890,Designer / Editor,7,5427,4.5080442
890,Designer / Editor,8,5203,4.5073643
890,Designer / Editor,9,5214,4.5051146
890,Designer / Editor,10,5202,4.493439
893,Designer / Editor,1,5306,4.7644053
893,Designer / Editor,2,5300,4.755416
893,Designer / Editor,3,5303,4.7498493
893,Designer / Editor,4,5302,4.739915
893,Designer / Editor,5,5298,4.725851
893,Designer / Editor,6,5194,4.5203876
893,Designer / Editor,7,5427,4.5085907
893,Designer / Editor,8,5203,4.508318
893,Designer / Editor,9,5214,4.506323
893,Designer / Editor,10,5197,4.5036716
910,Designer / Editor,1,5306,4.763105
910,Designer / Editor,2,5300,4.7540474
910,Designer / Editor,3,5303,4.748611
910,Designer / Editor,4,5302,4.7385826
910,Designer / Editor,5,5298,4.724593
910,Designer / Editor,6,5194,4.520553
910,Designer / Editor,7,5201,4.5142884
910,Designer / Editor,8,5203,4.508418
910,Designer / Editor,9,5214,4.506445
910,Designer / Editor,10,5197,4.503808
911,Designer / Editor,1,5306,4.7679462
911,Designer / Editor,2,5300,4.7590647
911,Designer / Editor,3,5303,4.7532387
911,Designer / Editor,4,5302,4.743563
911,Designer / Editor,5,5298,4.7292247
911,Designer / Editor,6,5194,4.5197363
911,Designer / Editor,7,5197,4.503155
911,Designer / Editor,8,5202,4.4941545
911,Designer / Editor,9,5195,4.488698
911,Designer / Editor,10,5200,4.483315
920,Designer / Editor,1,5306,4.765961
920,Designer / Editor,2,5300,4.756788
920,Designer / Editor,3,5303,4.751588
920,Designer / Editor,4,5302,4.741965
920,Designer / Editor,5,5298,4.727182
920,Designer / Editor,6,5194,4.516687
920,Designer / Editor,7,5201,4.51111
920,Designer / Editor,8,5427,4.507865
920,Designer / Editor,9,5214,4.502883
920,Designer / Editor,10,5197,4.500164
924,Designer / Editor,1,5306,4.764348
924,Designer / Editor,2,5300,4.7552257
924,Designer / Editor,3,5303,4.7499504
924,Designer / Editor,4,5302,4.740136
924,Designer / Editor,5,5298,4.725692
924,Designer / Editor,6,5194,4.518467
924,Designer / Editor,7,5201,4.5125413
924,Designer / Editor,8,5427,4.507268
924,Designer / Editor,9,5197,4.5018005
924,Designer / Editor,10,5202,4.4928794
932,Designer / Editor,1,5306,4.7638807
932,Designer / Editor,2,5300,4.754891
932,Designer / Editor,3,5303,4.749341
932,Designer / Editor,4,5302,4.73938
932,Designer / Editor,5,5298,4.7252865
932,Designer / Editor,6,5194,4.520752
932,Designer / Editor,7,5201,4.5143433
932,Designer / Editor,8,5203,4.50848
932,Designer / Editor,9,5427,4.507977
932,Designer / Editor,10,5197,4.503945
939,Designer / Editor,1,5306,4.766034
939,Designer / Editor,2,5300,4.7570353
939,Designer / Editor,3,5303,4.751374
939,Designer / Editor,4,5302,4.741499
939,Designer / Editor,5,5298,4.7274914
939,Designer / Editor,6,5194,4.5201735
939,Designer / Editor,7,5201,4.5142817
939,Designer / Editor,8,5427,4.5105295
939,Designer / Editor,9,5214,4.5063477
939,Designer / Editor,10,5197,4.5036883
947,Designer / Editor,1,5306,4.7659163
947,Designer / Editor,2,5300,4.7569704
947,Designer / Editor,3,5303,4.751302
947,Designer / Editor,4,5302,4.7414737
947,Designer / Editor,5,5298,4.7273293
947,Designer / Editor,6,5427,4.5099916
947,Designer / Editor,7,5203,4.508081
947,Designer / Editor,8,5197,4.503311
947,Designer / Editor,9,5195,4.4889402
947,Designer / Editor,10,5200,4.483527
949,Designer / Editor,1,5306,4.7668824
949,Designer / Editor,2,5300,4.757884
949,Designer / Editor,3,5303,4.75229
949,Designer / Editor,4,5302,4.742585
949,Designer / Editor,5,5298,4.7281733
949,Designer / Editor,6,5194,4.518972
949,Designer / Editor,7,5201,4.5130877
949,Designer / Editor,8,5203,4.5073814
949,Designer / Editor,9,5197,4.5024195
949,Designer / Editor,10,5195,4.4879866
959,Designer / Editor,1,5306,4.7657266
959,Designer / Editor,2,5300,4.756643
959,Designer / Editor,3,5303,4.7512884
959,Designer / Editor,4,5302,4.7416
959,Designer / Editor,5,5298,4.726969
959,Designer / Editor,6,5194,4.517973
959,Designer / Editor,7,5214,4.5040197
959,Designer / Editor,8,5197,4.5013285
959,Designer / Editor,9,5202,4.4924064
959,Designer / Editor,10,5195,4.487103
965,Designer / Editor,1,5306,4.7666726
965,Designer / Editor,2,5300,4.7575803
965,Designer / Editor,3,5303,4.7521973
965,Designer / Editor,4,5302,4.7425623
965,Designer / Editor,5,5298,4.7279234
965,Designer / Editor,6,5194,4.5175147
965,Designer / Editor,7,5201,4.5118666
965,Designer / Editor,8,5427,4.5091753
965,Designer / Editor,9,5203,4.5061936
965,Designer / Editor,10,5197,4.501007
966,Designer / Editor,1,5306,4.7632422
966,Designer / Editor,2,5300,4.754163
966,Designer / Editor,3,5303,4.748718
966,Designer / Editor,4,5302,4.7386413
966,Designer / Editor,5,5298,4.72488
966,Designer / Editor,6,5194,4.520372
966,Designer / Editor,7,5201,4.514433
966,Designer / Editor,8,5214,4.506471
966,Designer / Editor,9,5195,4.4893923
966,Designer / Editor,10,5199,4.4886355
977,Designer / Editor,1,5306,4.766084
977,Designer / Editor,2,5300,4.757052
977,Designer / Editor,3,5303,4.751562
977,Designer / Editor,4,5302,4.741842
977,Designer / Editor,5,5298,4.7273455
977,Designer / Editor,6,5194,4.5188074
977,Designer / Editor,7,5201,4.512824
977,Designer / Editor,8,5427,4.5090733
977,Designer / Editor,9,5203,4.5070972
977,Designer / Editor,10,5214,4.5048428
978,Designer / Editor,1,5306,4.766697
978,Designer / Editor,2,5300,4.7575607
978,Designer / Editor,3,5303,4.7522616
978,Designer / Editor,4,5302,4.7426686
978,Designer / Editor,5,5298,4.727888
978,Designer / Editor,6,5201,4.5113397
978,Designer / Editor,7,5203,4.5057116
978,Designer / Editor,8,5197,4.500445
978,Designer / Editor,9,5202,4.491454
978,Designer / Editor,10,5195,4.486046
991,Designer / Editor,1,5306,4.7676373
991,Designer / Editor,2,5300,4.7585397
991,Designer / Editor,3,5303,4.7531905
991,Designer / Editor,4,5302,4.7436934
991,Designer / Editor,5,5298,4.7287874
991,Designer / Editor,6,5194,4.5163374
991,Designer / Editor,7,5201,4.5108113
991,Designer / Editor,8,5427,4.5092983
991,Designer / Editor,9,5203,4.5051956
991,Designer / Editor,10,5214,4.5025787
992,Designer / Editor,1,5306,4.7652965
992,Designer / Editor,2,5300,4.756451
992,Designer / Editor,3,5303,4.750586
992,Designer / Editor,4,5302,4.740638
992,Designer / Editor,5,5298,4.7267456
992,Designer / Editor,6,5201,4.515174
992,Designer / Editor,7,5427,4.5101495
992,Designer / Editor,8,5203,4.509299
992,Designer / Editor,9,5197,4.5048766
992,Designer / Editor,10,5195,4.490653
997,Designer / Editor,1,5306,4.7661085
997,Designer / Editor,2,5300,4.757283
997,Designer / Editor,3,5303,4.7513633
997,Designer / Editor,4,5302,4.7414756
997,Designer / Editor,5,5298,4.7275085
997,Designer / Editor,6,5194,4.5215483
997,Designer / Editor,7,5201,4.515108
997,Designer / Editor,8,5214,4.507431
997,Designer / Editor,9,5202,4.4958754
997,Designer / Editor,10,5195,4.4905343
1023,Designer / Editor,1,5306,4.767761
1023,Designer / Editor,2,5300,4.7590523
1023,Designer / Editor,3,5303,4.752933
1023,Designer / Editor,4,5302,4.743191
1023,Designer / Editor,5,5298,4.728984
1023,Designer / Editor,6,5194,4.5217996
1023,Designer / Editor,7,5201,4.515106
1023,Designer / Editor,8,5427,4.5121098
1023,Designer / Editor,9,5197,4.5049553
1023,Designer / Editor,10,5199,4.4899664
1030,Designer / Editor,1,5306,4.7688427
1030,Designer / Editor,2,5300,4.7602396
1030,Designer / Editor,3,5303,4.753825
1030,Designer / Editor,4,5302,4.7440205
1030,Designer / Editor,5,5298,4.730221
1030,Designer / Editor,6,5194,4.5227795
1030,Designer / Editor,7,5427,4.514414
1030,Designer / Editor,8,5214,4.508688
1030,Designer / Editor,9,5202,4.497093
1030,Designer / Editor,10,5199,4.4910007
1033,Designer / Editor,1,5306,4.7672453
1033,Designer / Editor,2,5300,4.758275
1033,Designer / Editor,3,5303,4.7525883
1033,Designer / Editor,4,5302,4.742854
1033,Designer / Editor,5,5298,4.7286034
1033,Designer / Editor,6,5194,4.5193634
1033,Designer / Editor,7,5201,4.5135565
1033,Designer / Editor,8,5214,4.5055666
1033,Designer / Editor,9,5197,4.502887
1033,Designer / Editor,10,5202,4.4938207
1063,Designer / Editor,1,5306,4.7704563
1063,Designer / Editor,2,5300,4.7618685
1063,Designer / Editor,3,5303,4.755369
1063,Designer / Editor,4,5302,4.745671
1063,Designer / Editor,5,5298,4.731762
1063,Designer / Editor,6,5194,4.5225387
1063,Designer / Editor,7,5201,4.516094
1063,Designer / Editor,8,5427,4.5159154
1063,Designer / Editor,9,5197,4.505955
1063,Designer / Editor,10,5195,4.49131
1064,Designer / Editor,1,5306,4.7646203
1064,Designer / Editor,2,5300,4.7553177
1064,Designer / Editor,3,5303,4.750374
1064,Designer / Editor,4,5302,4.7407017
1064,Designer / Editor,5,5298,4.725868
1064,Designer / Editor,6,5194,4.5158834
1064,Designer / Editor,7,5201,4.510454
1064,Designer / Editor,8,5427,4.506113
1064,Designer / Editor,9,5214,4.502117
1064,Designer / Editor,10,5197,4.4993873
1065,Designer / Editor,1,5306,4.76614
1065,Designer / Editor,2,5300,4.7571945
1065,Designer / Editor,3,5303,4.751493
1065,Designer / Editor,4,5302,4.741666
1065,Designer / Editor,5,5298,4.727521
1065,Designer / Editor,6,5201,4.514111
1065,Designer / Editor,7,5197,4.5035896
1065,Designer / Editor,8,5202,4.494602
1065,Designer / Editor,9,5195,4.4892044
1065,Designer / Editor,10,5198,4.469587
1085,Designer / Editor,1,5306,4.7657576
1085,Designer / Editor,2,5300,4.756871
1085,Designer / Editor,3,5303,4.751046
1085,Designer / Editor,4,5302,4.74115
1085,Designer / Editor,5,5298,4.7271194
1085,Designer / Editor,6,5427,4.510292
1085,Designer / Editor,7,5203,4.5091963
1085,Designer / Editor,8,5214,4.5073085
1085,Designer / Editor,9,5197,4.5046997
1085,Designer / Editor,10,5195,4.490447
1097,Designer / Editor,1,5306,4.7661715
1097,Designer / Editor,2,5300,4.7570543
1097,Designer / Editor,3,5303,4.7517357
1097,Designer / Editor,4,5302,4.742095
1097,Designer / Editor,5,5298,4.7273693
1097,Designer / Editor,6,5201,4.511738
1097,Designer / Editor,7,5427,4.5083594
1097,Designer / Editor,8,5203,4.506071
1097,Designer / Editor,9,5214,4.503628
1097,Designer / Editor,10,5197,4.5009346
1099,Designer / Editor,1,5306,4.765595
1099,Designer / Editor,2,5300,4.756632
1099,Designer / Editor,3,5303,4.7509384
1099,Designer / Editor,4,5302,4.7410398
1099,Designer / Editor,5,5298,4.727029
1099,Designer / Editor,6,5194,4.5206237
1099,Designer / Editor,7,5427,4.5100765
1099,Designer / Editor,8,5203,4.5087204
1099,Designer / Editor,9,5214,4.5066633
1099,Designer / Editor,10,5202,4.495018
1111,Designer / Editor,1,5306,4.7672625
1111,Designer / Editor,2,5300,4.75836
1111,Designer / Editor,3,5303,4.7525187
1111,Designer / Editor,4,5302,4.742731
1111,Designer / Editor,5,5298,4.728615
1111,Designer / Editor,6,5194,4.520535
1111,Designer / Editor,7,5201,4.514456
1111,Designer / Editor,8,5427,4.511623
1111,Designer / Editor,9,5203,4.508736
1111,Designer / Editor,10,5197,4.503984
1136,Designer / Editor,1,5306,4.7641926
1136,Designer / Editor,2,5300,4.754983
1136,Designer / Editor,3,5303,4.7499104
1136,Designer / Editor,4,5302,4.740175
1136,Designer / Editor,5,5298,4.725484
1136,Designer / Editor,6,5194,4.5169973
1136,Designer / Editor,7,5201,4.5112863
1136,Designer / Editor,8,5203,4.5055285
1136,Designer / Editor,9,5214,4.503081
1136,Designer / Editor,10,5197,4.5003633
1144,Designer / Editor,1,5306,4.7691264
1144,Designer / Editor,2,5300,4.760561
1144,Designer / Editor,3,5303,4.754141
1144,Designer / Editor,4,5302,4.744432
1144,Designer / Editor,5,5298,4.7303247
1144,Designer / Editor,6,5194,4.5227757
1144,Designer / Editor,7,5427,4.513991
1144,Designer / Editor,8,5203,4.5101
1144,Designer / Editor,9,5199,4.4909086
1144,Designer / Editor,10,5219,4.473171
1148,Designer / Editor,1,5306,4.769367
1148,Designer / Editor,2,5300,4.7604957
1148,Designer / Editor,3,5303,4.7546353
1148,Designer / Editor,4,5302,4.7451053
1148,Designer / Editor,5,5298,4.7304993
1148,Designer / Editor,6,5194,4.5191135
1148,Designer / Editor,7,5201,4.513112
1148,Designer / Editor,8,5427,4.5124426
1148,Designer / Editor,9,5203,4.5074916
1148,Designer / Editor,10,5214,4.5052156
1152,Designer / Editor,1,5306,4.7642407
1152,Designer / Editor,2,5300,4.755329
1152,Designer / Editor,3,5303,4.749626
1152,Designer / Editor,4,5302,4.739641
1152,Designer / Editor,5,5298,4.7257075
1152,Designer / Editor,6,5201,4.514826
1152,Designer / Editor,7,5203,4.508923
1152,Designer / Editor,8,5197,4.5044727
1152,Designer / Editor,9,5202,4.4955807
1152,Designer / Editor,10,5200,4.4848995
1184,Designer / Editor,1,5306,4.7653947
1184,Designer / Editor,2,5300,4.756362
1184,Designer / Editor,3,5303,4.7509046
1184,Designer / Editor,4,5302,4.741145
1184,Designer / Editor,5,5298,4.7266655
1184,Designer / Editor,6,5194,4.5190287
1184,Designer / Editor,7,5202,4.4934225
1184,Designer / Editor,8,5195,4.48815
1184,Designer / Editor,9,5199,4.4873714
1184,Designer / Editor,10,5200,4.4827065
1198,Designer / Editor,1,5306,4.766908
1198,Designer / Editor,2,5300,4.758072
1198,Designer / Editor,3,5303,4.752159
1198,Designer / Editor,4,5302,4.742355
1198,Designer / Editor,5,5298,4.7282324
1198,Designer / Editor,6,5194,4.5211034
1198,Designer / Editor,7,5197,4.504401
1198,Designer / Editor,8,5202,4.4954596
1198,Designer / Editor,9,5195,4.4900837
1198,Designer / Editor,10,5219,4.4713054
1211,Designer / Editor,1,5306,4.76814
1211,Designer / Editor,2,5300,4.7592506
1211,Designer / Editor,3,5303,4.7534704
1211,Designer / Editor,4,5302,4.743866
1211,Designer / Editor,5,5298,4.729313
1211,Designer / Editor,6,5201,4.5132
1211,Designer / Editor,7,5214,4.5053253
1211,Designer / Editor,8,5197,4.5026655
1211,Designer / Editor,9,5202,4.493727
1211,Designer / Editor,10,5195,4.488331
1218,Designer / Editor,1,5306,4.768105
1218,Designer / Editor,2,5300,4.7591753
1218,Designer / Editor,3,5303,4.753481
1218,Designer / Editor,4,5302,4.7439113
1218,Designer / Editor,5,5298,4.7292423
1218,Designer / Editor,6,5194,4.5187397
1218,Designer / Editor,7,5203,4.507028
1218,Designer / Editor,8,5214,4.5047674
1218,Designer / Editor,9,5195,4.4877863
1218,Designer / Editor,10,5200,4.482388
1235,Designer / Editor,1,5306,4.767689
1235,Designer / Editor,2,5300,4.758707
1235,Designer / Editor,3,5303,4.7531066
1235,Designer / Editor,4,5302,4.743501
1235,Designer / Editor,5,5298,4.7289248
1235,Designer / Editor,6,5194,4.518257
1235,Designer / Editor,7,5201,4.5124674
1235,Designer / Editor,8,5427,4.5105724
1235,Designer / Editor,9,5203,4.506782
1235,Designer / Editor,10,5197,4.5017204
1254,Designer / Editor,1,5306,4.7675447
1254,Designer / Editor,2,5300,4.7587085
1254,Designer / Editor,3,5303,4.752817
1254,Designer / Editor,4,5302,4.7431
1254,Designer / Editor,5,5298,4.7288136
1254,Designer / Editor,6,5194,4.5204515
1254,Designer / Editor,7,5201,4.5141797
1254,Designer / Editor,8,5427,4.511482
1254,Designer / Editor,9,5214,4.5064077
1254,Designer / Editor,10,5202,4.4948235
1269,Designer / Editor,1,5306,4.7627773
1269,Designer / Editor,2,5300,4.7537637
1269,Designer / Editor,3,5303,4.748312
1269,Designer / Editor,4,5302,4.7382708
1269,Designer / Editor,5,5298,4.7243443
1269,Designer / Editor,6,5203,4.5081625
1269,Designer / Editor,7,5197,4.5035796
1269,Designer / Editor,8,5195,4.489481
1269,Designer / Editor,9,5199,4.488479
1269,Designer / Editor,10,5219,4.4707656
1276,Designer / Editor,1,5306,4.7655363
1276,Designer / Editor,2,5300,4.75642
1276,Designer / Editor,3,5303,4.7510786
1276,Designer / Editor,4,5302,4.741333
1276,Designer / Editor,5,5298,4.72685
1276,Designer / Editor,6,5201,4.5124345
1276,Designer / Editor,7,5214,4.504338
1276,Designer / Editor,8,5202,4.4926567
1276,Designer / Editor,9,5195,4.487278
1276,Designer / Editor,10,5199,4.486692
1283,Designer / Editor,1,5306,4.767212
1283,Designer / Editor,2,5300,4.7582383
1283,Designer / Editor,3,5303,4.7526116
1283,Designer / Editor,4,5302,4.74296
1283,Designer / Editor,5,5298,4.7283993
1283,Designer / Editor,6,5194,4.5190563
1283,Designer / Editor,7,5201,4.5129957
1283,Designer / Editor,8,5203,4.507315
1283,Designer / Editor,9,5214,4.5050783
1283,Designer / Editor,10,5202,4.4934864
1289,Designer / Editor,1,5306,4.7633467
1289,Designer / Editor,2,5300,4.7543087
1289,Designer / Editor,3,5303,4.7488475
1289,Designer / Editor,4,5302,4.73884
1289,Designer / Editor,5,5298,4.724844
1289,Designer / Editor,6,5194,4.520418
1289,Designer / Editor,7,5201,4.5141935
1289,Designer / Editor,8,5214,4.506329
1289,Designer / Editor,9,5197,4.50368
1289,Designer / Editor,10,5195,4.489522
1306,Designer / Editor,1,5306,4.767953
1306,Designer / Editor,2,5300,4.7590494
1306,Designer / Editor,3,5303,4.753227
1306,Designer / Editor,4,5302,4.74353
1306,Designer / Editor,5,5298,4.729244
1306,Designer / Editor,6,5194,4.519868
1306,Designer / Editor,7,5427,4.511856
1306,Designer / Editor,8,5203,4.5081925
1306,Designer / Editor,9,5197,4.5033364
1306,Designer / Editor,10,5199,4.488349
1318,Designer / Editor,1,5306,4.766583
1318,Designer / Editor,2,5300,4.757708
1318,Designer / Editor,3,5303,4.751874
1318,Designer / Editor,4,5302,4.74207
1318,Designer / Editor,5,5298,4.727883
1318,Designer / Editor,6,5194,4.520894
1318,Designer / Editor,7,5427,4.5107307
1318,Designer / Editor,8,5214,4.5068026
1318,Designer / Editor,9,5197,4.50418
1318,Designer / Editor,10,5202,4.4952564
1323,Designer / Editor,1,5306,4.7647886
1323,Designer / Editor,2,5300,4.755726
1323,Designer / Editor,3,5303,4.750285
1323,Designer / Editor,4,5302,4.740441
1323,Designer / Editor,5,5298,4.726112
1323,Designer / Editor,6,5194,4.51956
1323,Designer / Editor,7,5201,4.5134315
1323,Designer / Editor,8,5203,4.5076675
1323,Designer / Editor,9,5214,4.5055203
1323,Designer / Editor,10,5197,4.5028715
1330,Designer / Editor,1,5306,4.767621
1330,Designer / Editor,2,5300,4.7587004
1330,Designer / Editor,3,5303,4.752964
1330,Designer / Editor,4,5302,4.7432985
1330,Designer / Editor,5,5298,4.7288685
1330,Designer / Editor,6,5194,4.5194025
1330,Designer / Editor,7,5427,4.5110526
1330,Designer / Editor,8,5203,4.5076694
1330,Designer / Editor,9,5214,4.5054693
1330,Designer / Editor,10,5195,4.488401
1333,Designer / Editor,1,5306,4.764186
1333,Designer / Editor,2,5300,4.755229
1333,Designer / Editor,3,5303,4.749623
1333,Designer / Editor,4,5302,4.7396913
1333,Designer / Editor,5,5298,4.725531
1333,Designer / Editor,6,5201,4.5144253
1333,Designer / Editor,7,5214,4.5067167
1333,Designer / Editor,8,5202,4.495277
1333,Designer / Editor,9,5195,4.490098
1333,Designer / Editor,10,5199,4.4890594
1347,Designer / Editor,1,5306,4.7703586
1347,Designer / Editor,2,5300,4.761529
1347,Designer / Editor,3,5303,4.7554893
1347,Designer / Editor,4,5302,4.74593
1347,Designer / Editor,5,5298,4.731556
1347,Designer / Editor,6,5194,4.5198793
1347,Designer / Editor,7,5427,4.5142746
1347,Designer / Editor,8,5201,4.5139804
1347,Designer / Editor,9,5214,4.506114
1347,Designer / Editor,10,5197,4.503464
1378,Designer / Editor,1,5306,4.7651234
1378,Designer / Editor,2,5300,4.756138
1378,Designer / Editor,3,5303,4.750622
1378,Designer / Editor,4,5302,4.7408276
1378,Designer / Editor,5,5298,4.726438
1378,Designer / Editor,6,5194,4.519416
1378,Designer / Editor,7,5427,4.5084
1378,Designer / Editor,8,5203,4.507387
1378,Designer / Editor,9,5197,4.502648
1378,Designer / Editor,10,5202,4.4937716
1381,Designer / Editor,1,5306,4.764734
1381,Designer / Editor,2,5300,4.7557755
1381,Designer / Editor,3,5303,4.75015
1381,Designer / Editor,4,5302,4.7402368
1381,Designer / Editor,5,5298,4.7261434
1381,Designer / Editor,6,5201,4.5142784
1381,Designer / Editor,7,5427,4.5088873
1381,Designer / Editor,8,5203,4.5084305
1381,Designer / Editor,9,5197,4.5038304
1381,Designer / Editor,10,5202,4.49492
1389,Designer / Editor,1,5306,4.7674074
1389,Designer / Editor,2,5300,4.758623
1389,Designer / Editor,3,5303,4.752688
1389,Designer / Editor,4,5302,4.7429833
1389,Designer / Editor,5,5298,4.72864
1389,Designer / Editor,6,5201,4.5141954
1389,Designer / Editor,7,5427,4.511203
1389,Designer / Editor,8,5203,4.5083895
1389,Designer / Editor,9,5197,4.5038548
1389,Designer / Editor,10,5198,4.470085
1405,Designer / Editor,1,5306,4.768764
1405,Designer / Editor,2,5300,4.7598386
1405,Designer / Editor,3,5303,4.7540417
1405,Designer / Editor,4,5302,4.7444334
1405,Designer / Editor,5,5298,4.729988
1405,Designer / Editor,6,5194,4.5192122
1405,Designer / Editor,7,5201,4.513359
1405,Designer / Editor,8,5427,4.512256
1405,Designer / Editor,9,5203,4.5077357
1405,Designer / Editor,10,5214,4.50541
1422,Designer / Editor,1,5306,4.7684245
1422,Designer / Editor,2,5300,4.759475
1422,Designer / Editor,3,5303,4.7537794
1422,Designer / Editor,4,5302,4.7442036
1422,Designer / Editor,5,5298,4.7296286
1422,Designer / Editor,6,5201,4.512703
1422,Designer / Editor,7,5427,4.5114126
1422,Designer / Editor,8,5203,4.507056
1422,Designer / Editor,9,5214,4.504695
1422,Designer / Editor,10,5197,4.5020094
1475,Designer / Editor,1,5306,4.7683926
1475,Designer / Editor,2,5300,4.759439
1475,Designer / Editor,3,5303,4.753723
1475,Designer / Editor,4,5302,4.7441177
1475,Designer / Editor,5,5298,4.729624
1475,Designer / Editor,6,5194,4.5187902
1475,Designer / Editor,7,5201,4.512987
1475,Designer / Editor,8,5427,4.5116425
1475,Designer / Editor,9,5203,4.5073466
1475,Designer / Editor,10,5214,4.5049887
1490,Designer / Editor,1,5306,4.7693624
1490,Designer / Editor,2,5300,4.7606535
1490,Designer / Editor,3,5303,4.754424
1490,Designer / Editor,4,5302,4.744746
1490,Designer / Editor,5,5298,4.730543
1490,Designer / Editor,6,5194,4.5218463
1490,Designer / Editor,7,5201,4.5153227
1490,Designer / Editor,8,5427,4.513878
1490,Designer / Editor,9,5203,4.5096507
1490,Designer / Editor,10,5214,4.5077577
1496,Designer / Editor,1,5306,4.7666745
1496,Designer / Editor,2,5300,4.75756
1496,Designer / Editor,3,5303,4.752162
1496,Designer / Editor,4,5302,4.7424717
1496,Designer / Editor,5,5298,4.7280107
1496,Designer / Editor,6,5194,4.5177526
1496,Designer / Editor,7,5201,4.512262
1496,Designer / Editor,8,5427,4.5097046
1496,Designer / Editor,9,5197,4.501361
1496,Designer / Editor,10,5202,4.49227
1504,Designer / Editor,1,5306,4.7620654
1504,Designer / Editor,2,5300,4.7529364
1504,Designer / Editor,3,5303,4.7477427
1504,Designer / Editor,4,5302,4.7377577
1504,Designer / Editor,5,5298,4.723492
1504,Designer / Editor,6,5194,4.5194516
1504,Designer / Editor,7,5203,4.507273
1504,Designer / Editor,8,5427,4.505375
1504,Designer / Editor,9,5214,4.505256
1504,Designer / Editor,10,5197,4.5025945
1510,Designer / Editor,1,5306,4.765356
1510,Designer / Editor,2,5300,4.756262
1510,Designer / Editor,3,5303,4.7508726
1510,Designer / Editor,4,5302,4.741079
1510,Designer / Editor,5,5298,4.726735
1510,Designer / Editor,6,5194,4.5186005
1510,Designer / Editor,7,5427,4.5086927
1510,Designer / Editor,8,5203,4.5070834
1510,Designer / Editor,9,5197,4.50206
1510,Designer / Editor,10,5202,4.493049
1516,Designer / Editor,1,5306,4.767326
1516,Designer / Editor,2,5300,4.7583914
1516,Designer / Editor,3,5303,4.752676
1516,Designer / Editor,4,5302,4.7429824
1516,Designer / Editor,5,5298,4.7285976
1516,Designer / Editor,6,5194,4.51947
1516,Designer / Editor,7,5201,4.5134535
1516,Designer / Editor,8,5202,4.4938927
1516,Designer / Editor,9,5199,4.4879165
1516,Designer / Editor,10,5200,4.483072
1524,Designer / Editor,1,5306,4.7664576
1524,Designer / Editor,2,5300,4.7575674
1524,Designer / Editor,3,5303,4.751789
1524,Designer / Editor,4,5302,4.742004
1524,Designer / Editor,5,5298,4.7277536
1524,Designer / Editor,6,5427,4.5103784
1524,Designer / Editor,7,5214,4.5064206
1524,Designer / Editor,8,5197,4.503784
1524,Designer / Editor,9,5202,4.4948697
1524,Designer / Editor,10,5195,4.489538
1535,Designer / Editor,1,5306,4.765575
1535,Designer / Editor,2,5300,4.756666
1535,Designer / Editor,3,5303,4.7508583
1535,Designer / Editor,4,5302,4.74092
1535,Designer / Editor,5,5298,4.7270064
1535,Designer / Editor,6,5194,4.5214405
1535,Designer / Editor,7,5201,4.5151167
1535,Designer / Editor,8,5427,4.510391
1535,Designer / Editor,9,5203,4.5093203
1535,Designer / Editor,10,5214,4.507393
1541,Designer / Editor,1,5306,4.76965
1541,Designer / Editor,2,5300,4.760928
1541,Designer / Editor,3,5303,4.754744
1541,Designer / Editor,4,5302,4.745091
1541,Designer / Editor,5,5298,4.7309456
1541,Designer / Editor,6,5194,4.5209513
1541,Designer / Editor,7,5201,4.5147963
1541,Designer / Editor,8,5427,4.514261
1541,Designer / Editor,9,5203,4.509082
1541,Designer / Editor,10,5214,4.5070496
1542,Designer / Editor,1,5306,4.7687063
1542,Designer / Editor,2,5300,4.760004
1542,Designer / Editor,3,5303,4.753758
1542,Designer / Editor,4,5302,4.7439632
1542,Designer / Editor,5,5298,4.730133
1542,Designer / Editor,6,5194,4.5218663
1542,Designer / Editor,7,5427,4.514118
1542,Designer / Editor,8,5203,4.5098543
1542,Designer / Editor,9,5214,4.507948
1542,Designer / Editor,10,5197,4.505315
1543,Designer / Editor,1,5306,4.768633
1543,Designer / Editor,2,5300,4.7597494
1543,Designer / Editor,3,5303,4.7538667
1543,Designer / Editor,4,5302,4.7442102
1543,Designer / Editor,5,5298,4.729895
1543,Designer / Editor,6,5203,4.508257
1543,Designer / Editor,7,5202,4.49433
1543,Designer / Editor,8,5199,4.4883995
1543,Designer / Editor,9,5200,4.4834213
1543,Designer / Editor,10,5219,4.469678
1550,Designer / Editor,1,5306,4.765279
1550,Designer / Editor,2,5300,4.7563467
1550,Designer / Editor,3,5303,4.750643
1550,Designer / Editor,4,5302,4.740733
1550,Designer / Editor,5,5298,4.726734
1550,Designer / Editor,6,5194,4.520663
1550,Designer / Editor,7,5201,4.5144734
1550,Designer / Editor,8,5427,4.5097632
1550,Designer / Editor,9,5203,4.5086303
1550,Designer / Editor,10,5214,4.5066447
1555,Designer / Editor,1,5306,4.769084
1555,Designer / Editor,2,5300,4.760185
1555,Designer / Editor,3,5303,4.7543736
1555,Designer / Editor,4,5302,4.7448235
1555,Designer / Editor,5,5298,4.7302465
1555,Designer / Editor,6,5427,4.512196
1555,Designer / Editor,7,5214,4.5051003
1555,Designer / Editor,8,5197,4.5024314
1555,Designer / Editor,9,5202,4.4934244
1555,Designer / Editor,10,5195,4.487924
1561,Designer / Editor,1,5306,4.7661285
1561,Designer / Editor,2,5300,4.7572007
1561,Designer / Editor,3,5303,4.751591
1561,Designer / Editor,4,5302,4.741891
1561,Designer / Editor,5,5298,4.7273583
1561,Designer / Editor,6,5194,4.51928
1561,Designer / Editor,7,5201,4.513022
1561,Designer / Editor,8,5203,4.5072107
1561,Designer / Editor,9,5197,4.50248
1561,Designer / Editor,10,5202,4.4936295
1563,Designer / Editor,1,5306,4.7676625
1563,Designer / Editor,2,5300,4.758718
1563,Designer / Editor,3,5303,4.752934
1563,Designer / Editor,4,5302,4.743182
1563,Designer / Editor,5,5298,4.7290316
1563,Designer / Editor,6,5427,4.511907
1563,Designer / Editor,7,5203,4.5083733
1563,Designer / Editor,8,5197,4.5034504
1563,Designer / Editor,9,5202,4.4943547
1563,Designer / Editor,10,5195,4.4887886
1567,Designer / Editor,1,5306,4.7634444
1567,Designer / Editor,2,5300,4.7542377
1567,Designer / Editor,3,5303,4.749171
1567,Designer / Editor,4,5302,4.7393513
1567,Designer / Editor,5,5298,4.7248273
1567,Designer / Editor,6,5194,4.517455
1567,Designer / Editor,7,5201,4.5117226
1567,Designer / Editor,8,5427,4.505948
1567,Designer / Editor,9,5203,4.5059032
1567,Designer / Editor,10,5214,4.5035286
1571,Designer / Editor,1,5306,4.7699146
1571,Designer / Editor,2,5300,4.761068
1571,Designer / Editor,3,5303,4.755126
1571,Designer / Editor,4,5302,4.745592
1571,Designer / Editor,5,5298,4.7311
1571,Designer / Editor,6,5194,4.5192833
1571,Designer / Editor,7,5427,4.5134087
1571,Designer / Editor,8,5203,4.507785
1571,Designer / Editor,9,5197,4.5028114
1571,Designer / Editor,10,5199,4.487898
1578,Designer / Editor,1,5306,4.7668943
1578,Designer / Editor,2,5300,4.757991
1578,Designer / Editor,3,5303,4.752201
1578,Designer / Editor,4,5302,4.742426
1578,Designer / Editor,5,5298,4.72822
1578,Designer / Editor,6,5194,4.520323
1578,Designer / Editor,7,5201,4.5141706
1578,Designer / Editor,8,5203,4.508421
1578,Designer / Editor,9,5202,4.4947186
1578,Designer / Editor,10,5195,4.489306
1591,Designer / Editor,1,5306,4.7664485
1591,Designer / Editor,2,5300,4.757494
1591,Designer / Editor,3,5303,4.7518806
1591,Designer / Editor,4,5302,4.742176
1591,Designer / Editor,5,5298,4.7276907
1591,Designer / Editor,6,5194,4.519271
1591,Designer / Editor,7,5201,4.5131264
1591,Designer / Editor,8,5427,4.509575
1591,Designer / Editor,9,5203,4.507365
1591,Designer / Editor,10,5197,4.502561
1612,Designer / Editor,1,5306,4.7628837
1612,Designer / Editor,2,5300,4.75381
1612,Designer / Editor,3,5303,4.748445
1612,Designer / Editor,4,5302,4.738434
1612,Designer / Editor,5,5298,4.7243953
1612,Designer / Editor,6,5201,4.513857
1612,Designer / Editor,7,5214,4.5059366
1612,Designer / Editor,8,5197,4.503274
1612,Designer / Editor,9,5202,4.4943614
1612,Designer / Editor,10,5195,4.4891467
1620,Designer / Editor,1,5306,4.768014
1620,Designer / Editor,2,5300,4.759183
1620,Designer / Editor,3,5303,4.7531996
1620,Designer / Editor,4,5302,4.74345
1620,Designer / Editor,5,5298,4.7293096
1620,Designer / Editor,6,5194,4.521023
1620,Designer / Editor,7,5201,4.514786
1620,Designer / Editor,8,5427,4.5124636
1620,Designer / Editor,9,5203,4.50908
1620,Designer / Editor,10,5214,4.5070515
1627,Designer / Editor,1,5306,4.7680497
1627,Designer / Editor,2,5300,4.7592287
1627,Designer / Editor,3,5303,4.7533035
1627,Designer / Editor,4,5302,4.743636
1627,Designer / Editor,5,5298,4.72925
1627,Designer / Editor,6,5427,4.5117664
1627,Designer / Editor,7,5214,4.506353
1627,Designer / Editor,8,5202,4.4948015
1627,Designer / Editor,9,5199,4.4887714
1627,Designer / Editor,10,5200,4.484034
1628,Designer / Editor,1,5306,4.7679753
1628,Designer / Editor,2,5300,4.7589645
1628,Designer / Editor,3,5303,4.7534337
1628,Designer / Editor,4,5302,4.7439146
1628,Designer / Editor,5,5298,4.729072
1628,Designer / Editor,6,5201,4.511774
1628,Designer / Editor,7,5427,4.5100126
1628,Designer / Editor,8,5203,4.5061545
1628,Designer / Editor,9,5214,4.503734
1628,Designer / Editor,10,5197,4.50105
1639,Designer / Editor,1,5306,4.767854
1639,Designer / Editor,2,5300,4.759109
1639,Designer / Editor,3,5303,4.7529564
1639,Designer / Editor,4,5302,4.743132
1639,Designer / Editor,5,5298,4.7292094
1639,Designer / Editor,6,5201,4.515652
1639,Designer / Editor,7,5203,4.509892
1639,Designer / Editor,8,5214,4.508046
1639,Designer / Editor,9,5202,4.4964514
1639,Designer / Editor,10,5200,4.4856157
1661,Designer / Editor,1,5306,4.766348
1661,Designer / Editor,2,5300,4.757492
1661,Designer / Editor,3,5303,4.751644
1661,Designer / Editor,4,5302,4.741814
1661,Designer / Editor,5,5298,4.7277107
1661,Designer / Editor,6,5194,4.5209074
1661,Designer / Editor,7,5427,4.5106897
1661,Designer / Editor,8,5197,4.5041904
1661,Designer / Editor,9,5199,4.4891567
1661,Designer / Editor,10,5219,4.47112
1689,Designer / Editor,1,5306,4.769109
1689,Designer / Editor,2,5300,4.7602887
1689,Designer / Editor,3,5303,4.754376
1689,Designer / Editor,4,5302,4.744835
1689,Designer / Editor,5,5298,4.7302227
1689,Designer / Editor,6,5201,4.513331
1689,Designer / Editor,7,5203,4.507657
1689,Designer / Editor,8,5214,4.5055165
1689,Designer / Editor,9,5202,4.4939423
1689,Designer / Editor,10,5199,4.487991
1697,Designer / Editor,1,5306,4.767703
1697,Designer / Editor,2,5300,4.7586355
1697,Designer / Editor,3,5303,4.753148
1697,Designer / Editor,4,5302,4.743539
1697,Designer / Editor,5,5298,4.7289915
1697,Designer / Editor,6,5194,4.517548
1697,Designer / Editor,7,5427,4.510584
1697,Designer / Editor,8,5214,4.503892
1697,Designer / Editor,9,5197,4.5011735
1697,Designer / Editor,10,5195,4.4865217
1706,Designer / Editor,1,5306,4.7671814
1706,Designer / Editor,2,5300,4.7581606
1706,Designer / Editor,3,5303,4.7526274
1706,Designer / Editor,4,5302,4.7429814
1706,Designer / Editor,5,5298,4.7284636
1706,Designer / Editor,6,5201,4.5124545
1706,Designer / Editor,7,5203,4.506758
1706,Designer / Editor,8,5197,4.501661
1706,Designer / Editor,9,5202,4.492635
1706,Designer / Editor,10,5195,4.487182
1718,Designer / Editor,1,5306,4.7683697
1718,Designer / Editor,2,5300,4.759513
1718,Designer / Editor,3,5303,4.753606
1718,Designer / Editor,4,5302,4.743932
1718,Designer / Editor,5,5298,4.729631
1718,Designer / Editor,6,5194,4.5201488
1718,Designer / Editor,7,5201,4.514065
1718,Designer / Editor,8,5427,4.5123262
1718,Designer / Editor,9,5214,4.5062327
1718,Designer / Editor,10,5195,4.4890823
1723,Designer / Editor,1,5306,4.765539
1723,Designer / Editor,2,5300,4.7566566
1723,Designer / Editor,3,5303,4.750863
1723,Designer / Editor,4,5302,4.740981
1723,Designer / Editor,5,5298,4.7268777
1723,Designer / Editor,6,5201,4.514776
1723,Designer / Editor,7,5214,4.507097
1723,Designer / Editor,8,5197,4.5044847
1723,Designer / Editor,9,5199,4.489436
1723,Designer / Editor,10,5219,4.4716578
1733,Designer / Editor,1,5306,4.7667093
1733,Designer / Editor,2,5300,4.7579665
1733,Designer / Editor,3,5303,4.751866
1733,Designer / Editor,4,5302,4.7419763
1733,Designer / Editor,5,5298,4.7280912
1733,Designer / Editor,6,5194,4.522314
1733,Designer / Editor,7,5203,4.5098667
1733,Designer / Editor,8,5199,4.4904523
1733,Designer / Editor,9,5200,4.485874
1733,Designer / Editor,10,5219,4.472742
1746,Designer / Editor,1,5306,4.767922
1746,Designer / Editor,2,5300,4.7591095
1746,Designer / Editor,3,5303,4.753175
1746,Designer / Editor,4,5302,4.7434835
1746,Designer / Editor,5,5298,4.729182
1746,Designer / Editor,6,5194,4.52043
1746,Designer / Editor,7,5195,4.4894047
1746,Designer / Editor,8,5199,4.4887815
1746,Designer / Editor,9,5200,4.484021
1746,Designer / Editor,10,5198,4.46982
1753,Designer / Editor,1,5306,4.7666492
1753,Designer / Editor,2,5300,4.7579436
1753,Designer / Editor,3,5303,4.7518373
1753,Designer / Editor,4,5302,4.741997
1753,Designer / Editor,5,5298,4.727932
1753,Designer / Editor,6,5194,4.5223446
1753,Designer / Editor,7,5201,4.5155025
1753,Designer / Editor,8,5427,4.511307
1753,Designer / Editor,9,5203,4.5096464
1753,Designer / Editor,10,5197,4.505428
1783,Designer / Editor,1,5306,4.76727
1783,Designer / Editor,2,5300,4.7584496
1783,Designer / Editor,3,5303,4.7525024
1783,Designer / Editor,4,5302,4.742724
1783,Designer / Editor,5,5298,4.728574
1783,Designer / Editor,6,5201,4.5147305
1783,Designer / Editor,7,5427,4.5116134
1783,Designer / Editor,8,5203,4.5089626
1783,Designer / Editor,9,5199,4.48938
1783,Designer / Editor,10,5200,4.4846754
1791,Designer / Editor,1,5306,4.769066
1791,Designer / Editor,2,5300,4.7603197
1791,Designer / Editor,3,5303,4.75418
1791,Designer / Editor,4,5302,4.744494
1791,Designer / Editor,5,5298,4.730321
1791,Designer / Editor,6,5194,4.521238
1791,Designer / Editor,7,5427,4.513553
1791,Designer / Editor,8,5203,4.5092244
1791,Designer / Editor,9,5214,4.5072446
1791,Designer / Editor,10,5202,4.4956264
1807,Designer / Editor,1,5306,4.76444
1807,Designer / Editor,2,5300,4.7552476
1807,Designer / Editor,3,5303,4.7500496
1807,Designer / Editor,4,5302,4.7402124
1807,Designer / Editor,5,5298,4.7258906
1807,Designer / Editor,6,5194,4.5178924
1807,Designer / Editor,7,5427,4.5076666
1807,Designer / Editor,8,5203,4.5065994
1807,Designer / Editor,9,5214,4.5041437
1807,Designer / Editor,10,5202,4.4923725
1815,Designer / Editor,1,5306,4.7685184
1815,Designer / Editor,2,5300,4.75963
1815,Designer / Editor,3,5303,4.7537813
1815,Designer / Editor,4,5302,4.7441416
1815,Designer / Editor,5,5298,4.729756
1815,Designer / Editor,6,5194,4.519663
1815,Designer / Editor,7,5427,4.5121775
1815,Designer / Editor,8,5203,4.508009
1815,Designer / Editor,9,5214,4.5057855
1815,Designer / Editor,10,5197,4.503128
1845,Designer / Editor,1,5306,4.7659006
1845,Designer / Editor,2,5300,4.7567472
1845,Designer / Editor,3,5303,4.7515
1845,Designer / Editor,4,5302,4.74184
1845,Designer / Editor,5,5298,4.7271748
1845,Designer / Editor,6,5194,4.5170655
1845,Designer / Editor,7,5201,4.5114937
1845,Designer / Editor,8,5427,4.5081944
1845,Designer / Editor,9,5203,4.505807
1845,Designer / Editor,10,5214,4.5032797
1858,Designer / Editor,1,5306,4.765621
1858,Designer / Editor,2,5300,4.756612
1858,Designer / Editor,3,5303,4.751083
1858,Designer / Editor,4,5302,4.7413144
1858,Designer / Editor,5,5298,4.7268686
1858,Designer / Editor,6,5194,4.5195374
1858,Designer / Editor,7,5201,4.5133305
1858,Designer / Editor,8,5203,4.507583
1858,Designer / Editor,9,5214,4.505459
1858,Designer / Editor,10,5197,4.5028133
1860,Designer / Editor,1,5306,4.7669325
1860,Designer / Editor,2,5300,4.7578664
1860,Designer / Editor,3,5303,4.752438
1860,Designer / Editor,4,5302,4.7428126
1860,Designer / Editor,5,5298,4.7281995
1860,Designer / Editor,6,5194,4.517545
1860,Designer / Editor,7,5201,4.5119176
1860,Designer / Editor,8,5427,4.509534
1860,Designer / Editor,9,5203,4.5062323
1860,Designer / Editor,10,5214,4.503763
1862,Designer / Editor,1,5306,4.7690315
1862,Designer / Editor,2,5300,4.7601376
1862,Designer / Editor,3,5303,4.754355
1862,Designer / Editor,4,5302,4.7448387
1862,Designer / Editor,5,5298,4.7301493
1862,Designer / Editor,6,5194,4.518675
1862,Designer / Editor,7,5201,4.5126863
1862,Designer / Editor,8,5427,4.5117626
1862,Designer / Editor,9,5203,4.5070515
1862,Designer / Editor,10,5214,4.504754
1876,Designer / Editor,1,5306,4.766882
1876,Designer / Editor,2,5300,4.757803
1876,Designer / Editor,3,5303,4.7524147
1876,Designer / Editor,4,5302,4.7428102
1876,Designer / Editor,5,5298,4.7281303
1876,Designer / Editor,6,5201,4.5116324
1876,Designer / Editor,7,5427,4.5092626
1876,Designer / Editor,8,5203,4.505948
1876,Designer / Editor,9,5202,4.4917226
1876,Designer / Editor,10,5195,4.486304
1878,Designer / Editor,1,5306,4.764364
1878,Designer / Editor,2,5300,4.7552295
1878,Designer / Editor,3,5303,4.749968
1878,Designer / Editor,4,5302,4.740156
1878,Designer / Editor,5,5298,4.7256956
1878,Designer / Editor,6,5194,4.518429
1878,Designer / Editor,7,5427,4.5072355
1878,Designer / Editor,8,5214,4.5044556
1878,Designer / Editor,9,5197,4.5017715
1878,Designer / Editor,10,5202,4.492849
1931,Designer / Editor,1,5306,4.764866
1931,Designer / Editor,2,5300,4.7560186
1931,Designer / Editor,3,5303,4.7501984
1931,Designer / Editor,4,5302,4.7402616
1931,Designer / Editor,5,5298,4.726243
1931,Designer / Editor,6,5194,4.5216956
1931,Designer / Editor,7,5203,4.509155
1931,Designer / Editor,8,5202,4.495977
1931,Designer / Editor,9,5199,4.4897494
1931,Designer / Editor,10,5219,4.472228
1948,Designer / Editor,1,5306,4.7648516
1948,Designer / Editor,2,5300,4.755814
1948,Designer / Editor,3,5303,4.7503424
1948,Designer / Editor,4,5302,4.740494
1948,Designer / Editor,5,5298,4.726224
1948,Designer / Editor,6,5203,4.5076485
1948,Designer / Editor,7,5214,4.5055127
1948,Designer / Editor,8,5197,4.502847
1948,Designer / Editor,9,5195,4.4886093
1948,Designer / Editor,10,5200,4.4831653
1951,Designer / Editor,1,5306,4.766367
1951,Designer / Editor,2,5300,4.757395
1951,Designer / Editor,3,5303,4.751693
1951,Designer / Editor,4,5302,4.7418556
1951,Designer / Editor,5,5298,4.727765
1951,Designer / Editor,6,5194,4.5202417
1951,Designer / Editor,7,5201,4.5142527
1951,Designer / Editor,8,5427,4.5106797
1951,Designer / Editor,9,5203,4.508521
1951,Designer / Editor,10,5197,4.5037107
1964,Designer / Editor,1,5306,4.7656913
1964,Designer / Editor,2,5300,4.7568536
1964,Designer / Editor,3,5303,4.750972
1964,Designer / Editor,4,5302,4.7410536
1964,Designer / Editor,5,5298,4.727145
1964,Designer / Editor,6,5194,4.521428
1964,Designer / Editor,7,5427,4.510535
1964,Designer / Editor,8,5203,4.5091734
1964,Designer / Editor,9,5214,4.507332
1964,Designer / Editor,10,5202,4.4957495
1965,Designer / Editor,1,5306,4.7670746
1965,Designer / Editor,2,5300,4.758164
1965,Designer / Editor,3,5303,4.7523956
1965,Designer / Editor,4,5302,4.742659
1965,Designer / Editor,5,5298,4.728347
1965,Designer / Editor,6,5427,4.5108385
1965,Designer / Editor,7,5203,4.5082016
1965,Designer / Editor,8,5202,4.494504
1965,Designer / Editor,9,5199,4.4884753
1965,Designer / Editor,10,5200,4.483707
1984,Designer / Editor,1,5306,4.76642
1984,Designer / Editor,2,5300,4.7575426
1984,Designer / Editor,3,5303,4.7516966
1984,Designer / Editor,4,5302,4.7418547
1984,Designer / Editor,5,5298,4.727771
1984,Designer / Editor,6,5427,4.5108385
1984,Designer / Editor,7,5203,4.5089636
1984,Designer / Editor,8,5214,4.507006
1984,Designer / Editor,9,5197,4.504382
1984,Designer / Editor,10,5195,4.490052
1992,Designer / Editor,1,5306,4.7636867
1992,Designer / Editor,2,5300,4.754624
1992,Designer / Editor,3,5303,4.7492094
1992,Designer / Editor,4,5302,4.739253
1992,Designer / Editor,5,5298,4.725148
1992,Designer / Editor,6,5194,4.5199146
1992,Designer / Editor,7,5203,4.5079403
1992,Designer / Editor,8,5197,4.503214
1992,Designer / Editor,9,5202,4.4942827
1992,Designer / Editor,10,5195,4.4890184
1995,Designer / Editor,1,5306,4.7674503
1995,Designer / Editor,2,5300,4.758643
1995,Designer / Editor,3,5303,4.75268
1995,Designer / Editor,4,5302,4.7429028
1995,Designer / Editor,5,5298,4.728821
1995,Designer / Editor,6,5427,4.511964
1995,Designer / Editor,7,5214,4.5068507
1995,Designer / Editor,8,5197,4.5042
1995,Designer / Editor,9,5195,4.489775
1995,Designer / Editor,10,5200,4.4843946
1997,Designer / Editor,1,5306,4.767084
1997,Designer / Editor,2,5300,4.7581987
1997,Designer / Editor,3,5303,4.7523274
1997,Designer / Editor,4,5302,4.7425156
1997,Designer / Editor,5,5298,4.728441
1997,Designer / Editor,6,5201,4.5147038
1997,Designer / Editor,7,5214,4.5069222
1997,Designer / Editor,8,5195,4.489813
1997,Designer / Editor,9,5199,4.4892344
1997,Designer / Editor,10,5200,4.4844217
1999,Designer / Editor,1,5306,4.7669096
1999,Designer / Editor,2,5300,4.758052
1999,Designer / Editor,3,5303,4.752129
1999,Designer / Editor,4,5302,4.7422705
1999,Designer / Editor,5,5298,4.728347
1999,Designer / Editor,6,5194,4.521143
1999,Designer / Editor,7,5201,4.5149956
1999,Designer / Editor,8,5427,4.51182
1999,Designer / Editor,9,5214,4.5072145
1999,Designer / Editor,10,5202,4.495532
200,Gamer,1,5306,4.7776465
200,Gamer,2,5300,4.7696123
200,Gamer,3,5303,4.7620926
200,Gamer,4,5302,4.752835
200,Gamer,5,5298,4.7386637
200,Gamer,6,5194,4.524087
200,Gamer,7,5427,4.5234375
200,Gamer,8,5203,4.511459
200,Gamer,9,5214,4.5099454
200,Gamer,10,5197,4.507374
201,Gamer,1,5306,4.77758
201,Gamer,2,5300,4.7698708
201,Gamer,3,5303,4.7617755
201,Gamer,4,5302,4.752393
201,Gamer,5,5298,4.73862
201,Gamer,6,5427,4.524597
201,Gamer,7,5201,4.5190315
201,Gamer,8,5203,4.513241
201,Gamer,9,5214,4.512328
201,Gamer,10,5200,4.4902625
202,Gamer,1,5306,4.779076
202,Gamer,2,5300,4.771313
202,Gamer,3,5303,4.7632465
202,Gamer,4,5302,4.7539387
202,Gamer,5,5298,4.740205
202,Gamer,6,5427,4.526244
202,Gamer,7,5203,4.5129356
202,Gamer,8,5214,4.5117373
202,Gamer,9,5197,4.5091934
202,Gamer,10,5195,4.494407
203,Gamer,1,5306,4.778311
203,Gamer,2,5300,4.7703238
203,Gamer,3,5303,4.7626476
203,Gamer,4,5302,4.753351
203,Gamer,5,5298,4.7394342
203,Gamer,6,5427,4.524846
203,Gamer,7,5194,4.524532
203,Gamer,8,5201,4.5176897
203,Gamer,9,5203,4.512042
203,Gamer,10,5214,4.51052
204,Gamer,1,5306,4.7764235
204,Gamer,2,5300,4.768422
204,Gamer,3,5303,4.760833
204,Gamer,4,5302,4.751421
204,Gamer,5,5298,4.7375827
204,Gamer,6,5427,4.522967
204,Gamer,7,5201,4.5178194
204,Gamer,8,5203,4.512078
204,Gamer,9,5202,4.4991426
204,Gamer,10,5195,4.493468
205,Gamer,1,5306,4.7763247
205,Gamer,2,5300,4.768132
205,Gamer,3,5303,4.760934
205,Gamer,4,5302,4.751649
205,Gamer,5,5298,4.737373
205,Gamer,6,5194,4.5229077
205,Gamer,7,5427,4.521557
205,Gamer,8,5201,4.5162024
205,Gamer,9,5203,4.5105486
205,Gamer,10,5197,4.50625
206,Gamer,1,5306,4.7786875
206,Gamer,2,5300,4.7709436
206,Gamer,3,5303,4.762898
206,Gamer,4,5302,4.753614
206,Gamer,5,5298,4.739703
206,Gamer,6,5194,4.526174
206,Gamer,7,5427,4.525459
206,Gamer,8,5201,4.5186005
206,Gamer,9,5203,4.5128627
206,Gamer,10,5214,4.5117793
207,Gamer,1,5306,4.779402
207,Gamer,2,5300,4.771728
207,Gamer,3,5303,4.7635202
207,Gamer,4,5302,4.7542386
207,Gamer,5,5298,4.740438
207,Gamer,6,5427,4.52652
207,Gamer,7,5197,4.509719
207,Gamer,8,5202,4.5007787
207,Gamer,9,5195,4.4951077
207,Gamer,10,5199,4.494773
208,Gamer,1,5306,4.7798243
208,Gamer,2,5300,4.7721295
208,Gamer,3,5303,4.7639246
208,Gamer,4,5302,4.7546444
208,Gamer,5,5298,4.740941
208,Gamer,6,5427,4.5271597
208,Gamer,7,5201,4.5189104
208,Gamer,8,5203,4.513192
208,Gamer,9,5214,4.5120435
208,Gamer,10,5195,4.4946985
209,Gamer,1,5306,4.775998
209,Gamer,2,5300,4.7677536
209,Gamer,3,5303,4.7606115
209,Gamer,4,5302,4.7512894
209,Gamer,5,5298,4.7370534
209,Gamer,6,5194,4.5229664
209,Gamer,7,5427,4.5212975
209,Gamer,8,5203,4.5106907
209,Gamer,9,5214,4.5089493
209,Gamer,10,5202,4.49732
210,Gamer,1,5306,4.776829
210,Gamer,2,5300,4.768812
210,Gamer,3,5303,4.7612143
210,Gamer,4,5302,4.7518044
210,Gamer,5,5298,4.7380424
210,Gamer,6,5427,4.523568
210,Gamer,7,5203,4.512084
210,Gamer,8,5197,4.508054
210,Gamer,9,5202,4.498966
210,Gamer,10,5199,4.493054
211,Gamer,1,5306,4.7775116
211,Gamer,2,5300,4.7696366
211,Gamer,3,5303,4.761816
211,Gamer,4,5302,4.7524567
211,Gamer,5,5298,4.7386165
211,Gamer,6,5194,4.525549
211,Gamer,7,5427,4.524228
211,Gamer,8,5201,4.5182457
211,Gamer,9,5197,4.5087337
211,Gamer,10,5202,4.4997597
212,Gamer,1,5306,4.779324
212,Gamer,2,5300,4.7716556
212,Gamer,3,5303,4.763428
212,Gamer,4,5302,4.7541327
212,Gamer,5,5298,4.7403564
212,Gamer,6,5194,4.5267906
212,Gamer,7,5427,4.526512
212,Gamer,8,5201,4.519128
212,Gamer,9,5203,4.5134034
212,Gamer,10,5200,4.490134
213,Gamer,1,5306,4.7777185
213,Gamer,2,5300,4.7698636
213,Gamer,3,5303,4.7620134
213,Gamer,4,5302,4.752681
213,Gamer,5,5298,4.7387676
213,Gamer,6,5194,4.525711
213,Gamer,7,5427,4.5243316
213,Gamer,8,5214,4.5113807
213,Gamer,9,5197,4.5088496
213,Gamer,10,5202,4.4999123
214,Gamer,1,5306,4.777199
214,Gamer,2,5300,4.7693543
214,Gamer,3,5303,4.7615385
214,Gamer,4,5302,4.7521915
214,Gamer,5,5298,4.7382717
214,Gamer,6,5427,4.5237193
214,Gamer,7,5203,4.512322
214,Gamer,8,5197,4.508637
214,Gamer,9,5200,4.488965
214,Gamer,10,5219,4.47586
215,Gamer,1,5306,4.776854
215,Gamer,2,5300,4.7690277
215,Gamer,3,5303,4.7612057
215,Gamer,4,5302,4.751854
215,Gamer,5,5298,4.737879
215,Gamer,6,5194,4.5258164
215,Gamer,7,5427,4.52326
215,Gamer,8,5201,4.5181866
215,Gamer,9,5202,4.499957
215,Gamer,10,5195,4.494461
216,Gamer,1,5306,4.7785425
216,Gamer,2,5300,4.770663
216,Gamer,3,5303,4.7627726
216,Gamer,4,5302,4.753421
216,Gamer,5,5298,4.7397556
216,Gamer,6,5427,4.525736
216,Gamer,7,5194,4.525295
216,Gamer,8,5203,4.5126452
216,Gamer,9,5197,4.5086937
216,Gamer,10,5202,4.4995685
217,Gamer,1,5306,4.776951
217,Gamer,2,5300,4.768764
217,Gamer,3,5303,4.7614765
217,Gamer,4,5302,4.7521772
217,Gamer,5,5298,4.738021
217,Gamer,6,5194,4.523299
217,Gamer,7,5427,4.522601
217,Gamer,8,5201,4.5166655
217,Gamer,9,5203,4.51107
217,Gamer,10,5214,4.509335
218,Gamer,1,5306,4.7784185
218,Gamer,2,5300,4.7706213
218,Gamer,3,5303,4.762664
218,Gamer,4,5302,4.753376
218,Gamer,5,5298,4.7394133
218,Gamer,6,5427,4.5250297
218,Gamer,7,5201,4.518462
218,Gamer,8,5203,4.5127497
218,Gamer,9,5202,4.500181
218,Gamer,10,5195,4.494554
219,Gamer,1,5306,4.7817516
219,Gamer,2,5300,4.774137
219,Gamer,3,5303,4.765747
219,Gamer,4,5302,4.756582
219,Gamer,5,5298,4.742783
219,Gamer,6,5427,4.529121
219,Gamer,7,5194,4.5265107
219,Gamer,8,5203,4.513481
219,Gamer,9,5197,4.5097914
219,Gamer,10,5199,4.494851
220,Gamer,1,5306,4.7755904
220,Gamer,2,5300,4.7673063
220,Gamer,3,5303,4.760261
220,Gamer,4,5302,4.750925
220,Gamer,5,5298,4.736713
220,Gamer,6,5427,4.520851
220,Gamer,7,5201,4.515934
220,Gamer,8,5203,4.5102816
220,Gamer,9,5214,4.5084667
220,Gamer,10,5197,4.505842
221,Gamer,1,5306,4.7756243
221,Gamer,2,5300,4.76748
221,Gamer,3,5303,4.7602253
221,Gamer,4,5302,4.7508774
221,Gamer,5,5298,4.736702
221,Gamer,6,5427,4.521122
221,Gamer,7,5201,4.5166016
221,Gamer,8,5203,4.510877
221,Gamer,9,5214,4.509342
221,Gamer,10,5197,4.50675
222,Gamer,1,5306,4.779682
222,Gamer,2,5300,4.771895
222,Gamer,3,5303,4.763877
222,Gamer,4,5302,4.7546535
222,Gamer,5,5298,4.7407017
222,Gamer,6,5427,4.5263996
222,Gamer,7,5194,4.525658
222,Gamer,8,5203,4.5126987
222,Gamer,9,5202,4.499896
222,Gamer,10,5199,4.493974
223,Gamer,1,5306,4.7773943
223,Gamer,2,5300,4.769594
223,Gamer,3,5303,4.761652
223,Gamer,4,5302,4.752263
223,Gamer,5,5298,4.738509
223,Gamer,6,5427,4.5243573
223,Gamer,7,5214,4.5117407
223,Gamer,8,5197,4.5092106
223,Gamer,9,5195,4.4946632
223,Gamer,10,5199,4.494239
224,Gamer,1,5306,4.776107
224,Gamer,2,5300,4.7679462
224,Gamer,3,5303,4.760682
224,Gamer,4,5302,4.7513695
224,Gamer,5,5298,4.7371087
224,Gamer,6,5194,4.5236006
224,Gamer,7,5427,4.521446
224,Gamer,8,5214,4.509427
224,Gamer,9,5197,4.506855
224,Gamer,10,5202,4.4979
225,Gamer,1,5306,4.7773786
225,Gamer,2,5300,4.7695847
225,Gamer,3,5303,4.761599
225,Gamer,4,5302,4.7521734
225,Gamer,5,5298,4.7385454
225,Gamer,6,5194,4.5262756
225,Gamer,7,5427,4.524599
225,Gamer,8,5203,4.513036
225,Gamer,9,5197,4.5094223
225,Gamer,10,5202,4.500449
226,Gamer,1,5306,4.7759867
226,Gamer,2,5300,4.767624
226,Gamer,3,5303,4.7606735
226,Gamer,4,5302,4.751361
226,Gamer,5,5298,4.7371535
226,Gamer,6,5194,4.5216436
226,Gamer,7,5427,4.5212326
226,Gamer,8,5201,4.515536
226,Gamer,9,5203,4.509947
226,Gamer,10,5214,4.5079145
227,Gamer,1,5306,4.776455
227,Gamer,2,5300,4.7683735
227,Gamer,3,5303,4.760947
227,Gamer,4,5302,4.7516103
227,Gamer,5,5298,4.737487
227,Gamer,6,5427,4.5222635
227,Gamer,7,5197,4.507525
227,Gamer,8,5202,4.498563
227,Gamer,9,5200,4.487707
227,Gamer,10,5423,4.4736476
228,Gamer,1,5306,4.776735
228,Gamer,2,5300,4.7684793
228,Gamer,3,5303,4.761377
228,Gamer,4,5302,4.7521477
228,Gamer,5,5298,4.737748
228,Gamer,6,5194,4.5222006
228,Gamer,7,5427,4.5216036
228,Gamer,8,5201,4.515689
228,Gamer,9,5214,4.508246
228,Gamer,10,5197,4.5056314
229,Gamer,1,5306,4.777174
229,Gamer,2,5300,4.769062
229,Gamer,3,5303,4.7616673
229,Gamer,4,5302,4.7523756
229,Gamer,5,5298,4.7382536
229,Gamer,6,5427,4.522976
229,Gamer,7,5201,4.51686
229,Gamer,8,5214,4.5095844
229,Gamer,9,5202,4.497938
229,Gamer,10,5199,4.492076
230,Gamer,1,5306,4.7772613
230,Gamer,2,5300,4.769305
230,Gamer,3,5303,4.761631
230,Gamer,4,5302,4.752284
230,Gamer,5,5298,4.738347
230,Gamer,6,5194,4.5250387
230,Gamer,7,5427,4.5236917
230,Gamer,8,5203,4.5121627
230,Gamer,9,5214,4.5108237
230,Gamer,10,5197,4.5082707
231,Gamer,1,5306,4.776102
231,Gamer,2,5300,4.768006
231,Gamer,3,5303,4.7606206
231,Gamer,4,5302,4.751259
231,Gamer,5,5298,4.7371883
231,Gamer,6,5194,4.5240936
231,Gamer,7,5427,4.521978
231,Gamer,8,5203,4.5114074
231,Gamer,9,5214,4.509925
231,Gamer,10,5197,4.50735
232,Gamer,1,5306,4.777791
232,Gamer,2,5300,4.770039
232,Gamer,3,5303,4.7620087
232,Gamer,4,5302,4.7526407
232,Gamer,5,5298,4.7388716
232,Gamer,6,5427,4.524783
232,Gamer,7,5214,4.5119767
232,Gamer,8,5197,4.5094595
232,Gamer,9,5195,4.494951
232,Gamer,10,5199,4.494498
233,Gamer,1,5306,4.7771835
233,Gamer,2,5300,4.7690153
233,Gamer,3,5303,4.7617383
233,Gamer,4,5302,4.7524834
233,Gamer,5,5298,4.7382674
233,Gamer,6,5194,4.5228386
233,Gamer,7,5427,4.522668
233,Gamer,8,5203,4.510654
233,Gamer,9,5214,4.5088954
233,Gamer,10,5197,4.5062795
234,Gamer,1,5306,4.7779603
234,Gamer,2,5300,4.7703114
234,Gamer,3,5303,4.762187
234,Gamer,4,5302,4.752874
234,Gamer,5,5298,4.738986
234,Gamer,6,5427,4.524745
234,Gamer,7,5201,4.5186687
234,Gamer,8,5203,4.512815
234,Gamer,9,5197,4.509425
234,Gamer,10,5202,4.50061
235,Gamer,1,5306,4.7781153
235,Gamer,2,5300,4.7701125
235,Gamer,3,5303,4.7625093
235,Gamer,4,5302,4.75326
235,Gamer,5,5298,4.739127
235,Gamer,6,5427,4.5240974
235,Gamer,7,5201,4.517372
235,Gamer,8,5203,4.5117383
235,Gamer,9,5214,4.5102434
235,Gamer,10,5202,4.4986706
236,Gamer,1,5306,4.776826
236,Gamer,2,5300,4.7686014
236,Gamer,3,5303,4.761369
236,Gamer,4,5302,4.752063
236,Gamer,5,5298,4.7379103
236,Gamer,6,5194,4.5230722
236,Gamer,7,5427,4.5224347
236,Gamer,8,5203,4.510956
236,Gamer,9,5214,4.509159
236,Gamer,10,5197,4.5065627
237,Gamer,1,5306,4.7754664
237,Gamer,2,5300,4.7671556
237,Gamer,3,5303,4.760197
237,Gamer,4,5302,4.750911
237,Gamer,5,5298,4.7365026
237,Gamer,6,5427,4.520154
237,Gamer,7,5201,4.515456
237,Gamer,8,5214,4.507987
237,Gamer,9,5197,4.5053663
237,Gamer,10,5202,4.4963555
238,Gamer,1,5306,4.778488
238,Gamer,2,5300,4.770778
238,Gamer,3,5303,4.7626495
238,Gamer,4,5302,4.753322
238,Gamer,5,5298,4.739501
238,Gamer,6,5427,4.525496
238,Gamer,7,5201,4.51902
238,Gamer,8,5202,4.500905
238,Gamer,9,5200,4.4901276
238,Gamer,10,5219,4.477192
239,Gamer,1,5306,4.776427
239,Gamer,2,5300,4.7682023
239,Gamer,3,5303,4.760991
239,Gamer,4,5302,4.751659
239,Gamer,5,5298,4.737546
239,Gamer,6,5194,4.523054
239,Gamer,7,5427,4.5221024
239,Gamer,8,5203,4.5109024
239,Gamer,9,5214,4.509132
239,Gamer,10,5197,4.5065274
240,Gamer,1,5306,4.7792544
240,Gamer,2,5300,4.771529
240,Gamer,3,5303,4.763407
240,Gamer,4,5302,4.754134
240,Gamer,5,5298,4.740261
240,Gamer,6,5427,4.526203
240,Gamer,7,5214,4.512054
240,Gamer,8,5195,4.494927
240,Gamer,9,5200,4.489768
240,Gamer,10,5423,4.4767404
241,Gamer,1,5306,4.7784576
241,Gamer,2,5300,4.7706113
241,Gamer,3,5303,4.762678
241,Gamer,4,5302,4.753343
241,Gamer,5,5298,4.7395573
241,Gamer,6,5427,4.5254397
241,Gamer,7,5201,4.5185585
241,Gamer,8,5202,4.500056
241,Gamer,9,5199,4.494101
241,Gamer,10,5423,4.476447
242,Gamer,1,5306,4.778843
242,Gamer,2,5300,4.7709446
242,Gamer,3,5303,4.7630844
242,Gamer,4,5302,4.7537913
242,Gamer,5,5298,4.739913
242,Gamer,6,5427,4.5256023
242,Gamer,7,5201,4.518284
242,Gamer,8,5214,4.51127
242,Gamer,9,5202,4.499674
242,Gamer,10,5423,4.476409
243,Gamer,1,5306,4.779159
243,Gamer,2,5300,4.7714987
243,Gamer,3,5303,4.7633204
243,Gamer,4,5302,4.754073
243,Gamer,5,5298,4.7400985
243,Gamer,6,5427,4.525904
243,Gamer,7,5203,4.513112
243,Gamer,8,5195,4.495246
243,Gamer,9,5199,4.4947567
243,Gamer,10,5423,4.4761443
244,Gamer,1,5306,4.7755814
244,Gamer,2,5300,4.7673945
244,Gamer,3,5303,4.7602277
244,Gamer,4,5302,4.750922
244,Gamer,5,5298,4.7365627
244,Gamer,6,5427,4.5205846
244,Gamer,7,5201,4.5162687
244,Gamer,8,5203,4.5105906
244,Gamer,9,5197,4.5064363
244,Gamer,10,5202,4.497522
245,Gamer,1,5306,4.779067
245,Gamer,2,5300,4.7714252
245,Gamer,3,5303,4.763279
245,Gamer,4,5302,4.754073
245,Gamer,5,5298,4.7399645
245,Gamer,6,5194,4.526439
245,Gamer,7,5427,4.5254946
245,Gamer,8,5202,4.5005455
245,Gamer,9,5199,4.4944773
245,Gamer,10,5200,4.48988
246,Gamer,1,5306,4.778679
246,Gamer,2,5300,4.770929
246,Gamer,3,5303,4.7628884
246,Gamer,4,5302,4.753586
246,Gamer,5,5298,4.73977
246,Gamer,6,5194,4.5259604
246,Gamer,7,5427,4.525628
246,Gamer,8,5201,4.518538
246,Gamer,9,5203,4.512778
246,Gamer,10,5214,4.51165
247,Gamer,1,5306,4.7777386
247,Gamer,2,5300,4.769842
247,Gamer,3,5303,4.762026
247,Gamer,4,5302,4.7526636
247,Gamer,5,5298,4.738868
247,Gamer,6,5194,4.525469
247,Gamer,7,5427,4.524581
247,Gamer,8,5201,4.518283
247,Gamer,9,5214,4.511278
247,Gamer,10,5197,4.5087295
248,Gamer,1,5306,4.776002
248,Gamer,2,5300,4.7678227
248,Gamer,3,5303,4.760581
248,Gamer,4,5302,4.751236
248,Gamer,5,5298,4.7371054
248,Gamer,6,5194,4.5233393
248,Gamer,7,5427,4.521623
248,Gamer,8,5201,4.5166044
248,Gamer,9,5203,4.510928
248,Gamer,10,5197,4.506689
249,Gamer,1,5306,4.7792225
249,Gamer,2,5300,4.77149
249,Gamer,3,5303,4.763422
249,Gamer,4,5302,4.754191
249,Gamer,5,5298,4.740169
249,Gamer,6,5427,4.525812
249,Gamer,7,5201,4.5185575
249,Gamer,8,5214,4.5117617
249,Gamer,9,5197,4.5092516
249,Gamer,10,5199,4.4943514
250,Gamer,1,5306,4.77741
250,Gamer,2,5300,4.769326
250,Gamer,3,5303,4.761898
250,Gamer,4,5302,4.752643
250,Gamer,5,5298,4.73842
250,Gamer,6,5194,4.523732
250,Gamer,7,5427,4.522988
250,Gamer,8,5201,4.516836
250,Gamer,9,5197,4.507042
250,Gamer,10,5202,4.4980407
251,Gamer,1,5306,4.7770634
251,Gamer,2,5300,4.7688775
251,Gamer,3,5303,4.7616444
251,Gamer,4,5302,4.752407
251,Gamer,5,5298,4.7380877
251,Gamer,6,5194,4.5227456
251,Gamer,7,5427,4.522232
251,Gamer,8,5201,4.5161147
251,Gamer,9,5203,4.510503
251,Gamer,10,5197,4.50614
252,Gamer,1,5306,4.777459
252,Gamer,2,5300,4.7694936
252,Gamer,3,5303,4.7618546
252,Gamer,4,5302,4.752554
252,Gamer,5,5298,4.7384887
252,Gamer,6,5194,4.524802
252,Gamer,7,5427,4.5235786
252,Gamer,8,5203,4.5119257
252,Gamer,9,5214,4.510563
252,Gamer,10,5197,4.50801
253,Gamer,1,5306,4.777836
253,Gamer,2,5300,4.7700596
253,Gamer,3,5303,4.762082
253,Gamer,4,5302,4.7527514
253,Gamer,5,5298,4.7388315
253,Gamer,6,5427,4.52452
253,Gamer,7,5201,4.518653
253,Gamer,8,5202,4.5004964
253,Gamer,9,5200,4.4897437
253,Gamer,10,5219,4.4767675
254,Gamer,1,5306,4.7773027
254,Gamer,2,5300,4.7691708
254,Gamer,3,5303,4.7618318
254,Gamer,4,5302,4.752577
254,Gamer,5,5298,4.738373
254,Gamer,6,5427,4.5228543
254,Gamer,7,5203,4.510833
254,Gamer,8,5199,4.4916387
254,Gamer,9,5200,4.4865203
254,Gamer,10,5219,4.4728885
255,Gamer,1,5306,4.776128
255,Gamer,2,5300,4.7678547
255,Gamer,3,5303,4.760804
255,Gamer,4,5302,4.7515492
255,Gamer,5,5298,4.737126
255,Gamer,6,5427,4.5208983
255,Gamer,7,5203,4.5100756
255,Gamer,8,5214,4.5082636
255,Gamer,9,5197,4.5056562
255,Gamer,10,5195,4.49097
256,Gamer,1,5306,4.775879
256,Gamer,2,5300,4.7676077
256,Gamer,3,5303,4.760582
256,Gamer,4,5302,4.7513323
256,Gamer,5,5298,4.7368517
256,Gamer,6,5194,4.5222325
256,Gamer,7,5427,4.5204515
256,Gamer,8,5203,4.5099297
256,Gamer,9,5214,4.50815
256,Gamer,10,5202,4.4965773
257,Gamer,1,5306,4.777112
257,Gamer,2,5300,4.7692633
257,Gamer,3,5303,4.761401
257,Gamer,4,5302,4.7520037
257,Gamer,5,5298,4.738217
257,Gamer,6,5194,4.525957
257,Gamer,7,5427,4.5239563
257,Gamer,8,5201,4.518503
257,Gamer,9,5202,4.50014
257,Gamer,10,5200,4.4893336
258,Gamer,1,5306,4.7773304
258,Gamer,2,5300,4.76931
258,Gamer,3,5303,4.7617626
258,Gamer,4,5302,4.752453
258,Gamer,5,5298,4.738427
258,Gamer,6,5427,4.5234575
258,Gamer,7,5201,4.517311
258,Gamer,8,5195,4.492814
258,Gamer,9,5199,4.4926248
258,Gamer,10,5200,4.4876213
259,Gamer,1,5306,4.776939
259,Gamer,2,5300,4.768794
259,Gamer,3,5303,4.7615156
259,Gamer,4,5302,4.7522774
259,Gamer,5,5298,4.737943
259,Gamer,6,5427,4.522113
259,Gamer,7,5214,4.5089407
259,Gamer,8,5197,4.506343
259,Gamer,9,5202,4.4973507
259,Gamer,10,5195,4.491681
260,Gamer,1,5306,4.7773113
260,Gamer,2,5300,4.76945
260,Gamer,3,5303,4.761644
260,Gamer,4,5302,4.752303
260,Gamer,5,5298,4.7383556
260,Gamer,6,5427,4.5237875
260,Gamer,7,5203,4.5124025
260,Gamer,8,5214,4.51124
260,Gamer,9,5197,4.508706
260,Gamer,10,5202,4.499798
261,Gamer,1,5306,4.7771177
261,Gamer,2,5300,4.7692327
261,Gamer,3,5303,4.761447
261,Gamer,4,5302,4.752052
261,Gamer,5,5298,4.7383137
261,Gamer,6,5427,4.5239887
261,Gamer,7,5197,4.508498
261,Gamer,8,5202,4.499483
261,Gamer,9,5200,4.488625
261,Gamer,10,5219,4.4754353
262,Gamer,1,5306,4.777301
262,Gamer,2,5300,4.769156
262,Gamer,3,5303,4.7617645
262,Gamer,4,5302,4.7524567
262,Gamer,5,5298,4.7383685
262,Gamer,6,5427,4.523218
262,Gamer,7,5214,4.509802
262,Gamer,8,5195,4.4923377
262,Gamer,9,5200,4.487141
262,Gamer,10,5423,4.474437
263,Gamer,1,5306,4.7761455
263,Gamer,2,5300,4.7678976
263,Gamer,3,5303,4.760712
263,Gamer,4,5302,4.751342
263,Gamer,5,5298,4.7373176
263,Gamer,6,5427,4.5220256
263,Gamer,7,5201,4.516605
263,Gamer,8,5203,4.5109806
263,Gamer,9,5214,4.5091834
263,Gamer,10,5197,4.5065727
264,Gamer,1,5306,4.7790265
264,Gamer,2,5300,4.771112
264,Gamer,3,5303,4.763321
264,Gamer,4,5302,4.7540894
264,Gamer,5,5298,4.7400484
264,Gamer,6,5427,4.5253778
264,Gamer,7,5201,4.5178213
264,Gamer,8,5203,4.5121894
264,Gamer,9,5214,4.5107613
264,Gamer,10,5197,4.5082073
265,Gamer,1,5306,4.77681
265,Gamer,2,5300,4.7689056
265,Gamer,3,5303,4.7611647
265,Gamer,4,5302,4.751787
265,Gamer,5,5298,4.7378674
265,Gamer,6,5194,4.5256095
265,Gamer,7,5427,4.523299
265,Gamer,8,5203,4.512429
265,Gamer,9,5214,4.5112457
265,Gamer,10,5197,4.5087156
266,Gamer,1,5306,4.7772408
266,Gamer,2,5300,4.769275
266,Gamer,3,5303,4.7616415
266,Gamer,4,5302,4.75233
266,Gamer,5,5298,4.7382607
266,Gamer,6,5427,4.5233374
266,Gamer,7,5201,4.517663
266,Gamer,8,5203,4.5119634
266,Gamer,9,5199,4.493166
266,Gamer,10,5423,4.4742417
267,Gamer,1,5306,4.7767863
267,Gamer,2,5300,4.7685738
267,Gamer,3,5303,4.761386
267,Gamer,4,5302,4.7521505
267,Gamer,5,5298,4.7377367
267,Gamer,6,5194,4.522875
267,Gamer,7,5427,4.521714
267,Gamer,8,5201,4.5161133
267,Gamer,9,5203,4.510535
267,Gamer,10,5214,4.508798
268,Gamer,1,5306,4.7775817
268,Gamer,2,5300,4.7696924
268,Gamer,3,5303,4.761898
268,Gamer,4,5302,4.752556
268,Gamer,5,5298,4.738659
268,Gamer,6,5194,4.5254593
268,Gamer,7,5427,4.5241766
268,Gamer,8,5214,4.5111866
268,Gamer,9,5202,4.499677
268,Gamer,10,5200,4.488832
269,Gamer,1,5306,4.7791433
269,Gamer,2,5300,4.771482
269,Gamer,3,5303,4.7633047
269,Gamer,4,5302,4.7540426
269,Gamer,5,5298,4.7401514
269,Gamer,6,5194,4.52649
269,Gamer,7,5427,4.5260463
269,Gamer,8,5201,4.518792
269,Gamer,9,5214,4.5120363
269,Gamer,10,5199,4.494605
270,Gamer,1,5306,4.7773204
270,Gamer,2,5300,4.7692204
270,Gamer,3,5303,4.7617664
270,Gamer,4,5302,4.752431
270,Gamer,5,5298,4.738509
270,Gamer,6,5427,4.523649
270,Gamer,7,5201,4.5171337
270,Gamer,8,5214,4.5098104
270,Gamer,9,5202,4.4980607
270,Gamer,10,5199,4.492236
271,Gamer,1,5306,4.779055
271,Gamer,2,5300,4.7712603
271,Gamer,3,5303,4.763196
271,Gamer,4,5302,4.753838
271,Gamer,5,5298,4.740283
271,Gamer,6,5427,4.5265827
271,Gamer,7,5194,4.525856
271,Gamer,8,5203,4.513074
271,Gamer,9,5202,4.500108
271,Gamer,10,5195,4.494253
272,Gamer,1,5306,4.7764454
272,Gamer,2,5300,4.7683735
272,Gamer,3,5303,4.7609572
272,Gamer,4,5302,4.751627
272,Gamer,5,5298,4.737517
272,Gamer,6,5194,4.5240245
272,Gamer,7,5427,4.5222597
272,Gamer,8,5201,4.517038
272,Gamer,9,5197,4.50727
272,Gamer,10,5202,4.4982924
273,Gamer,1,5306,4.778097
273,Gamer,2,5300,4.770327
273,Gamer,3,5303,4.762362
273,Gamer,4,5302,4.7530913
273,Gamer,5,5298,4.7389765
273,Gamer,6,5427,4.524406
273,Gamer,7,5201,4.518531
273,Gamer,8,5214,4.5118027
273,Gamer,9,5197,4.5093164
273,Gamer,10,5195,4.4950085
274,Gamer,1,5306,4.779046
274,Gamer,2,5300,4.771211
274,Gamer,3,5303,4.7632484
274,Gamer,4,5302,4.753965
274,Gamer,5,5298,4.740083
274,Gamer,6,5427,4.525879
274,Gamer,7,5194,4.52583
274,Gamer,8,5197,4.5090885
274,Gamer,9,5200,4.4891596
274,Gamer,10,5423,4.47669
275,Gamer,1,5306,4.775249
275,Gamer,2,5300,4.766844
275,Gamer,3,5303,4.75998
275,Gamer,4,5302,4.7506247
275,Gamer,5,5298,4.7364388
275,Gamer,6,5194,4.521554
275,Gamer,7,5427,4.5204544
275,Gamer,8,5203,4.509852
275,Gamer,9,5214,4.5078154
275,Gamer,10,5197,4.505163
276,Gamer,1,5306,4.77745
276,Gamer,2,5300,4.769545
276,Gamer,3,5303,4.7617636
276,Gamer,4,5302,4.7523923
276,Gamer,5,5298,4.7385855
276,Gamer,6,5427,4.524223
276,Gamer,7,5203,4.512454
276,Gamer,8,5197,4.5086184
276,Gamer,9,5195,4.493911
276,Gamer,10,5199,4.493644
277,Gamer,1,5306,4.7751956
277,Gamer,2,5300,4.7668467
277,Gamer,3,5303,4.759898
277,Gamer,4,5302,4.750533
277,Gamer,5,5298,4.736353
277,Gamer,6,5194,4.5221143
277,Gamer,7,5427,4.520458
277,Gamer,8,5201,4.5157895
277,Gamer,9,5197,4.5056214
277,Gamer,10,5202,4.4965076
278,Gamer,1,5306,4.7781396
278,Gamer,2,5300,4.770338
278,Gamer,3,5303,4.762351
278,Gamer,4,5302,4.752981
278,Gamer,5,5298,4.7392945
278,Gamer,6,5194,4.5259743
278,Gamer,7,5427,4.5253005
278,Gamer,8,5195,4.4944654
278,Gamer,9,5219,4.4761915
278,Gamer,10,5423,4.4761267
279,Gamer,1,5306,4.7769585
279,Gamer,2,5300,4.769078
279,Gamer,3,5303,4.761319
279,Gamer,4,5302,4.7519627
279,Gamer,5,5298,4.738019
279,Gamer,6,5194,4.5254903
279,Gamer,7,5427,4.523395
279,Gamer,8,5201,4.5180607
279,Gamer,9,5203,4.5122895
279,Gamer,10,5197,4.5085783
280,Gamer,1,5306,4.7793183
280,Gamer,2,5300,4.7717056
280,Gamer,3,5303,4.763402
280,Gamer,4,5302,4.7541084
280,Gamer,5,5298,4.7403326
280,Gamer,6,5194,4.527085
280,Gamer,7,5427,4.526537
280,Gamer,8,5203,4.5135107
280,Gamer,9,5214,4.512597
280,Gamer,10,5197,4.510104
281,Gamer,1,5306,4.7770348
281,Gamer,2,5300,4.7692327
281,Gamer,3,5303,4.7613325
281,Gamer,4,5302,4.751954
281,Gamer,5,5298,4.738096
281,Gamer,6,5194,4.5261126
281,Gamer,7,5427,4.523741
281,Gamer,8,5203,4.5126867
281,Gamer,9,5214,4.5116515
281,Gamer,10,5197,4.5091295
282,Gamer,1,5306,4.77792
282,Gamer,2,5300,4.770097
282,Gamer,3,5303,4.762141
282,Gamer,4,5302,4.752763
282,Gamer,5,5298,4.7390423
282,Gamer,6,5427,4.5249963
282,Gamer,7,5201,4.5187006
282,Gamer,8,5203,4.512971
282,Gamer,9,5214,4.5118017
282,Gamer,10,5202,4.5002794
283,Gamer,1,5306,4.7780533
283,Gamer,2,5300,4.770293
283,Gamer,3,5303,4.762291
283,Gamer,4,5302,4.7529836
283,Gamer,5,5298,4.739005
283,Gamer,6,5194,4.5264516
283,Gamer,7,5427,4.5246587
283,Gamer,8,5201,4.5186887
283,Gamer,9,5203,4.5129566
283,Gamer,10,5214,4.5119414
284,Gamer,1,5306,4.7780943
284,Gamer,2,5300,4.77028
284,Gamer,3,5303,4.7623005
284,Gamer,4,5302,4.7529235
284,Gamer,5,5298,4.739235
284,Gamer,6,5194,4.5260663
284,Gamer,7,5427,4.52526
284,Gamer,8,5201,4.518733
284,Gamer,9,5214,4.5118227
284,Gamer,10,5197,4.5092907
285,Gamer,1,5306,4.777692
285,Gamer,2,5300,4.7698493
285,Gamer,3,5303,4.7620544
285,Gamer,4,5302,4.752795
285,Gamer,5,5298,4.738624
285,Gamer,6,5194,4.5254545
285,Gamer,7,5427,4.5236974
285,Gamer,8,5214,4.5109844
285,Gamer,9,5195,4.4941077
285,Gamer,10,5199,4.493587
286,Gamer,1,5306,4.7782993
286,Gamer,2,5300,4.7704563
286,Gamer,3,5303,4.7625346
286,Gamer,4,5302,4.7531857
286,Gamer,5,5298,4.7394595
286,Gamer,6,5194,4.5256057
286,Gamer,7,5427,4.525372
286,Gamer,8,5203,4.5127134
286,Gamer,9,5195,4.4940825
286,Gamer,10,5200,4.4889197
287,Gamer,1,5306,4.7773356
287,Gamer,2,5300,4.769103
287,Gamer,3,5303,4.761919
287,Gamer,4,5302,4.7526913
287,Gamer,5,5298,4.738397
287,Gamer,6,5427,4.5225534
287,Gamer,7,5194,4.522323
287,Gamer,8,5201,4.5159235
287,Gamer,9,5203,4.51035
287,Gamer,10,5214,4.50846
288,Gamer,1,5306,4.7751193
288,Gamer,2,5300,4.766909
288,Gamer,3,5303,4.7597876
288,Gamer,4,5302,4.7504234
288,Gamer,5,5298,4.736253
288,Gamer,6,5194,4.522894
288,Gamer,7,5427,4.5204988
288,Gamer,8,5201,4.516186
288,Gamer,9,5203,4.5104475
288,Gamer,10,5197,4.5061917
289,Gamer,1,5306,4.7782845
289,Gamer,2,5300,4.7705903
289,Gamer,3,5303,4.7625165
289,Gamer,4,5302,4.753246
289,Gamer,5,5298,4.7392015
289,Gamer,6,5427,4.52479
289,Gamer,7,5214,4.511964
289,Gamer,8,5202,4.500679
289,Gamer,9,5423,4.4753475
289,Gamer,10,5419,4.471665
290,Gamer,1,5306,4.776982
290,Gamer,2,5300,4.7688723
290,Gamer,3,5303,4.761499
290,Gamer,4,5302,4.752226
290,Gamer,5,5298,4.7379866
290,Gamer,6,5194,4.523694
290,Gamer,7,5427,4.522485
290,Gamer,8,5201,4.516779
290,Gamer,9,5203,4.511138
290,Gamer,10,5214,4.5095606
291,Gamer,1,5306,4.7787457
291,Gamer,2,5300,4.770854
291,Gamer,3,5303,4.762981
291,Gamer,4,5302,4.753663
291,Gamer,5,5298,4.7398806
291,Gamer,6,5427,4.5257096
291,Gamer,7,5201,4.5183153
291,Gamer,8,5203,4.5126543
291,Gamer,9,5197,4.5087137
291,Gamer,10,5202,4.499623
292,Gamer,1,5306,4.776207
292,Gamer,2,5300,4.7679214
292,Gamer,3,5303,4.760888
292,Gamer,4,5302,4.751623
292,Gamer,5,5298,4.7372913
292,Gamer,6,5427,4.521169
292,Gamer,7,5201,4.5155377
292,Gamer,8,5203,4.5099134
292,Gamer,9,5214,4.508023
292,Gamer,10,5202,4.4963055
293,Gamer,1,5306,4.7801294
293,Gamer,2,5300,4.7723994
293,Gamer,3,5303,4.7642136
293,Gamer,4,5302,4.7549477
293,Gamer,5,5298,4.741205
293,Gamer,6,5427,4.5274343
293,Gamer,7,5203,4.513337
293,Gamer,8,5214,4.512126
293,Gamer,9,5195,4.494729
293,Gamer,10,5423,4.4777236
294,Gamer,1,5306,4.7788787
294,Gamer,2,5300,4.7711177
294,Gamer,3,5303,4.763004
294,Gamer,4,5302,4.7536407
294,Gamer,5,5298,4.74004
294,Gamer,6,5427,4.526328
294,Gamer,7,5214,4.5121326
294,Gamer,8,5197,4.509604
294,Gamer,9,5195,4.4947715
294,Gamer,10,5199,4.4945936
295,Gamer,1,5306,4.7758684
295,Gamer,2,5300,4.7677984
295,Gamer,3,5303,4.76034
295,Gamer,4,5302,4.7509046
295,Gamer,5,5298,4.737069
295,Gamer,6,5194,4.5244293
295,Gamer,7,5427,4.522306
295,Gamer,8,5197,4.5077357
295,Gamer,9,5195,4.493007
295,Gamer,10,5199,4.492749
296,Gamer,1,5306,4.7784863
296,Gamer,2,5300,4.770887
296,Gamer,3,5303,4.762686
296,Gamer,4,5302,4.753435
296,Gamer,5,5298,4.739378
296,Gamer,6,5194,4.52694
296,Gamer,7,5427,4.5250516
296,Gamer,8,5201,4.5188227
296,Gamer,9,5199,4.4948683
296,Gamer,10,5200,4.4904013
297,Gamer,1,5306,4.7787814
297,Gamer,2,5300,4.771114
297,Gamer,3,5303,4.7629404
297,Gamer,4,5302,4.753652
297,Gamer,5,5298,4.7397556
297,Gamer,6,5194,4.5267925
297,Gamer,7,5427,4.525668
297,Gamer,8,5214,4.512272
297,Gamer,9,5197,4.509777
297,Gamer,10,5199,4.494855
298,Gamer,1,5306,4.776705
298,Gamer,2,5300,4.7685103
298,Gamer,3,5303,4.7613
298,Gamer,4,5302,4.752027
298,Gamer,5,5298,4.7377987
298,Gamer,6,5194,4.5226717
298,Gamer,7,5427,4.5220857
298,Gamer,8,5203,4.510483
298,Gamer,9,5197,4.5060964
298,Gamer,10,5202,4.497024
299,Gamer,1,5306,4.7764897
299,Gamer,2,5300,4.768287
299,Gamer,3,5303,4.76104
299,Gamer,4,5302,4.7517033
299,Gamer,5,5298,4.7376275
299,Gamer,6,5427,4.52228
299,Gamer,7,5201,4.5166116
299,Gamer,8,5214,4.5092316
299,Gamer,9,5197,4.506624
299,Gamer,10,5202,4.4975176
501,Gamer,1,5306,4.778391
501,Gamer,2,5300,4.7704926
501,Gamer,3,5303,4.762661
501,Gamer,4,5302,4.7533455
501,Gamer,5,5298,4.7394876
501,Gamer,6,5427,4.5251393
501,Gamer,7,5201,4.518209
501,Gamer,8,5203,4.5125365
501,Gamer,9,5214,4.511186
501,Gamer,10,5197,4.5086384
509,Gamer,1,5306,4.776578
509,Gamer,2,5300,4.7688503
509,Gamer,3,5303,4.7608743
509,Gamer,4,5302,4.75148
509,Gamer,5,5298,4.737604
509,Gamer,6,5194,4.526578
509,Gamer,7,5427,4.5232573
509,Gamer,8,5201,4.518655
509,Gamer,9,5214,4.511939
509,Gamer,10,5197,4.5094337
514,Gamer,1,5306,4.7778225
514,Gamer,2,5300,4.7699738
514,Gamer,3,5303,4.7620716
514,Gamer,4,5302,4.7526917
514,Gamer,5,5298,4.738985
514,Gamer,6,5427,4.524886
514,Gamer,7,5201,4.5184913
514,Gamer,8,5203,4.5127487
514,Gamer,9,5197,4.5089726
514,Gamer,10,5195,4.4942274
516,Gamer,1,5306,4.7775316
516,Gamer,2,5300,4.769498
516,Gamer,3,5303,4.7619457
516,Gamer,4,5302,4.7526426
516,Gamer,5,5298,4.7386026
516,Gamer,6,5194,4.524331
516,Gamer,7,5427,4.5236516
516,Gamer,8,5201,4.517396
516,Gamer,9,5203,4.5117407
516,Gamer,10,5214,4.5102324
526,Gamer,1,5306,4.7770214
526,Gamer,2,5300,4.7691092
526,Gamer,3,5303,4.7614326
526,Gamer,4,5302,4.75213
526,Gamer,5,5298,4.738
526,Gamer,6,5194,4.5251536
526,Gamer,7,5427,4.5229964
526,Gamer,8,5201,4.5176964
526,Gamer,9,5203,4.5119514
526,Gamer,10,5202,4.499342
534,Gamer,1,5306,4.775442
534,Gamer,2,5300,4.767201
534,Gamer,3,5303,4.7601213
534,Gamer,4,5302,4.7508125
534,Gamer,5,5298,4.7364526
534,Gamer,6,5427,4.5203524
534,Gamer,7,5201,4.5159903
534,Gamer,8,5203,4.5103283
534,Gamer,9,5214,4.5086527
534,Gamer,10,5197,4.5060577
537,Gamer,1,5306,4.7772527
537,Gamer,2,5300,4.769097
537,Gamer,3,5303,4.7618074
537,Gamer,4,5302,4.7525764
537,Gamer,5,5298,4.7382593
537,Gamer,6,5194,4.5230064
537,Gamer,7,5427,4.522492
537,Gamer,8,5201,4.516292
537,Gamer,9,5214,4.50897
537,Gamer,10,5197,4.5063734
540,Gamer,1,5306,4.776959
540,Gamer,2,5300,4.7686305
540,Gamer,3,5303,4.761583
540,Gamer,4,5302,4.752318
540,Gamer,5,5298,4.7381005
540,Gamer,6,5427,4.5222836
540,Gamer,7,5194,4.5217314
540,Gamer,8,5201,4.5156546
540,Gamer,9,5203,4.51011
540,Gamer,10,5197,4.5054016
556,Gamer,1,5306,4.7765517
556,Gamer,2,5300,4.76866
556,Gamer,3,5303,4.760945
556,Gamer,4,5302,4.751587
556,Gamer,5,5298,4.7375584
556,Gamer,6,5427,4.5227757
556,Gamer,7,5203,4.5122395
556,Gamer,8,5214,4.5111136
556,Gamer,9,5197,4.5085874
556,Gamer,10,5200,4.4890194
557,Gamer,1,5306,4.7763433
557,Gamer,2,5300,4.768143
557,Gamer,3,5303,4.760914
557,Gamer,4,5302,4.751587
557,Gamer,5,5298,4.737453
557,Gamer,6,5194,4.5231333
557,Gamer,7,5427,4.521981
557,Gamer,8,5201,4.516521
557,Gamer,9,5203,4.510876
557,Gamer,10,5214,4.509158
561,Gamer,1,5306,4.778285
561,Gamer,2,5300,4.770499
561,Gamer,3,5303,4.762463
561,Gamer,4,5302,4.7530937
561,Gamer,5,5298,4.7393947
561,Gamer,6,5194,4.526332
561,Gamer,7,5427,4.5254736
561,Gamer,8,5214,4.5120425
561,Gamer,9,5202,4.5005336
561,Gamer,10,5200,4.489661
562,Gamer,1,5306,4.779529
562,Gamer,2,5300,4.771725
562,Gamer,3,5303,4.763708
562,Gamer,4,5302,4.7544475
562,Gamer,5,5298,4.740595
562,Gamer,6,5427,4.5264587
562,Gamer,7,5194,4.5257306
562,Gamer,8,5202,4.499982
562,Gamer,9,5423,4.4765654
562,Gamer,10,5198,4.4750113
565,Gamer,1,5306,4.7762594
565,Gamer,2,5300,4.7681193
565,Gamer,3,5303,4.7608175
565,Gamer,4,5302,4.75148
565,Gamer,5,5298,4.7373934
565,Gamer,6,5194,4.5233808
565,Gamer,7,5427,4.522036
565,Gamer,8,5203,4.510958
565,Gamer,9,5197,4.5067334
565,Gamer,10,5195,4.491987
566,Gamer,1,5306,4.7766232
566,Gamer,2,5300,4.768718
566,Gamer,3,5303,4.760997
566,Gamer,4,5302,4.751626
566,Gamer,5,5298,4.737644
566,Gamer,6,5427,4.5229683
566,Gamer,7,5201,4.5181265
566,Gamer,8,5203,4.512375
566,Gamer,9,5214,4.511221
566,Gamer,10,5202,4.4998217
569,Gamer,1,5306,4.7773714
569,Gamer,2,5300,4.7694607
569,Gamer,3,5303,4.761718
569,Gamer,4,5302,4.7523804
569,Gamer,5,5298,4.7384253
569,Gamer,6,5427,4.523811
569,Gamer,7,5201,4.5180326
569,Gamer,8,5197,4.5085135
569,Gamer,9,5195,4.4939313
569,Gamer,10,5200,4.488738
571,Gamer,1,5306,4.778064
571,Gamer,2,5300,4.770285
571,Gamer,3,5303,4.7623224
571,Gamer,4,5302,4.753025
571,Gamer,5,5298,4.7390285
571,Gamer,6,5427,4.5245914
571,Gamer,7,5201,4.518511
571,Gamer,8,5203,4.512776
571,Gamer,9,5197,4.50921
571,Gamer,10,5202,4.500351
578,Gamer,1,5306,4.778688
578,Gamer,2,5300,4.770961
578,Gamer,3,5303,4.762889
578,Gamer,4,5302,4.7536054
578,Gamer,5,5298,4.7396874
578,Gamer,6,5194,4.5263243
578,Gamer,7,5427,4.5254655
578,Gamer,8,5201,4.5186806
578,Gamer,9,5203,4.5129385
578,Gamer,10,5200,4.4897075
581,Gamer,1,5306,4.777071
581,Gamer,2,5300,4.769094
581,Gamer,3,5303,4.7614975
581,Gamer,4,5302,4.7521706
581,Gamer,5,5298,4.7381687
581,Gamer,6,5194,4.5245476
581,Gamer,7,5427,4.523266
581,Gamer,8,5201,4.5174675
581,Gamer,9,5214,4.51035
581,Gamer,10,5197,4.5077753
587,Gamer,1,5306,4.7748833
587,Gamer,2,5300,4.766656
587,Gamer,3,5303,4.759529
587,Gamer,4,5302,4.750113
587,Gamer,5,5298,4.736064
587,Gamer,6,5427,4.5205755
587,Gamer,7,5201,4.516475
587,Gamer,8,5214,4.509101
587,Gamer,9,5202,4.497447
587,Gamer,10,5195,4.491788
589,Gamer,1,5306,4.7760324
589,Gamer,2,5300,4.767833
589,Gamer,3,5303,4.760664
589,Gamer,4,5302,4.751381
589,Gamer,5,5298,4.737024
589,Gamer,6,5427,4.5210466
589,Gamer,7,5201,4.5161734
589,Gamer,8,5203,4.510525
589,Gamer,9,5214,4.508874
589,Gamer,10,5197,4.506286
592,Gamer,1,5306,4.7784557
592,Gamer,2,5300,4.770701
592,Gamer,3,5303,4.7626414
592,Gamer,4,5302,4.7532988
592,Gamer,5,5298,4.7395663
592,Gamer,6,5194,4.5262175
592,Gamer,7,5427,4.5255837
592,Gamer,8,5214,4.5119085
592,Gamer,9,5197,4.5093794
592,Gamer,10,5195,4.4947195
606,Gamer,1,5306,4.7784867
606,Gamer,2,5300,4.7705646
606,Gamer,3,5303,4.7628255
606,Gamer,4,5302,4.7535853
606,Gamer,5,5298,4.7394834
606,Gamer,6,5194,4.524869
606,Gamer,7,5427,4.52464
606,Gamer,8,5203,4.5120373
606,Gamer,9,5214,4.5106573
606,Gamer,10,5197,4.508107
610,Gamer,1,5306,4.7763686
610,Gamer,2,5300,4.7682776
610,Gamer,3,5303,4.7609124
610,Gamer,4,5302,4.751603
610,Gamer,5,5298,4.7374077
610,Gamer,6,5194,4.523794
610,Gamer,7,5427,4.521928
610,Gamer,8,5201,4.5168037
610,Gamer,9,5203,4.5111003
610,Gamer,10,5214,4.5096006
613,Gamer,1,5306,4.778425
613,Gamer,2,5300,4.7707014
613,Gamer,3,5303,4.7626286
613,Gamer,4,5302,4.753314
613,Gamer,5,5298,4.739482
613,Gamer,6,5427,4.5253477
613,Gamer,7,5201,4.518693
613,Gamer,8,5214,4.5118804
613,Gamer,9,5202,4.5004416
613,Gamer,10,5195,4.494831
618,Gamer,1,5306,4.779045
618,Gamer,2,5300,4.771349
618,Gamer,3,5303,4.763161
618,Gamer,4,5302,4.7538357
618,Gamer,5,5298,4.7401233
618,Gamer,6,5427,4.526318
618,Gamer,7,5203,4.5133677
618,Gamer,8,5214,4.5123186
618,Gamer,9,5195,4.4951525
618,Gamer,10,5200,4.489998
620,Gamer,1,5306,4.777037
620,Gamer,2,5300,4.7690725
620,Gamer,3,5303,4.7614555
620,Gamer,4,5302,4.7521324
620,Gamer,5,5298,4.7380867
620,Gamer,6,5427,4.523153
620,Gamer,7,5202,4.4990253
620,Gamer,8,5200,4.488205
620,Gamer,9,5219,4.474943
620,Gamer,10,5423,4.473826
623,Gamer,1,5306,4.779187
623,Gamer,2,5300,4.771626
623,Gamer,3,5303,4.763279
623,Gamer,4,5302,4.7540135
623,Gamer,5,5298,4.7400923
623,Gamer,6,5427,4.5261593
623,Gamer,7,5203,4.5135794
623,Gamer,8,5214,4.512804
623,Gamer,9,5199,4.4954348
623,Gamer,10,5423,4.4768896
625,Gamer,1,5306,4.7773485
625,Gamer,2,5300,4.7693615
625,Gamer,3,5303,4.7617373
625,Gamer,4,5302,4.7524157
625,Gamer,5,5298,4.738388
625,Gamer,6,5194,4.524873
625,Gamer,7,5427,4.523553
625,Gamer,8,5203,4.5120425
625,Gamer,9,5214,4.5106583
625,Gamer,10,5195,4.4934564
629,Gamer,1,5306,4.7778325
629,Gamer,2,5300,4.7699394
629,Gamer,3,5303,4.7621393
629,Gamer,4,5302,4.7528057
629,Gamer,5,5298,4.73893
629,Gamer,6,5194,4.5253396
629,Gamer,7,5427,4.5244966
629,Gamer,8,5201,4.5181284
629,Gamer,9,5203,4.512411
629,Gamer,10,5197,4.508571
632,Gamer,1,5306,4.778901
632,Gamer,2,5300,4.77104
632,Gamer,3,5303,4.763099
632,Gamer,4,5302,4.7537694
632,Gamer,5,5298,4.7400613
632,Gamer,6,5427,4.5260754
632,Gamer,7,5201,4.518514
632,Gamer,8,5202,4.499832
632,Gamer,9,5195,4.49399
632,Gamer,10,5199,4.4939384
634,Gamer,1,5306,4.777475
634,Gamer,2,5300,4.76954
634,Gamer,3,5303,4.7618947
634,Gamer,4,5302,4.7526145
634,Gamer,5,5298,4.7385273
634,Gamer,6,5427,4.523508
634,Gamer,7,5203,4.5116415
634,Gamer,8,5214,4.5103006
634,Gamer,9,5197,4.5077276
634,Gamer,10,5202,4.4987783
637,Gamer,1,5306,4.776773
637,Gamer,2,5300,4.7687626
637,Gamer,3,5303,4.761217
637,Gamer,4,5302,4.7518716
637,Gamer,5,5298,4.737871
637,Gamer,6,5194,4.524505
637,Gamer,7,5427,4.522936
637,Gamer,8,5203,4.5117197
637,Gamer,9,5214,4.510317
637,Gamer,10,5202,4.4987574
640,Gamer,1,5306,4.776728
640,Gamer,2,5300,4.76873
640,Gamer,3,5303,4.7610836
640,Gamer,4,5302,4.7516575
640,Gamer,5,5298,4.737891
640,Gamer,6,5194,4.5252056
640,Gamer,7,5427,4.523505
640,Gamer,8,5203,4.5124307
640,Gamer,9,5195,4.4937406
640,Gamer,10,5423,4.4755177
641,Gamer,1,5306,4.7784824
641,Gamer,2,5300,4.7707276
641,Gamer,3,5303,4.762666
641,Gamer,4,5302,4.7533364
641,Gamer,5,5298,4.7395353
641,Gamer,6,5194,4.526387
641,Gamer,7,5427,4.525489
641,Gamer,8,5203,4.5131063
641,Gamer,9,5195,4.494912
641,Gamer,10,5200,4.4897428
643,Gamer,1,5306,4.7761426
643,Gamer,2,5300,4.767857
643,Gamer,3,5303,4.7608333
643,Gamer,4,5302,4.751582
643,Gamer,5,5298,4.7371697
643,Gamer,6,5194,4.5219965
643,Gamer,7,5427,4.5208807
643,Gamer,8,5203,4.5098844
643,Gamer,9,5214,4.5080256
643,Gamer,10,5197,4.5054035
644,Gamer,1,5306,4.7765527
644,Gamer,2,5300,4.768359
644,Gamer,3,5303,4.761139
644,Gamer,4,5302,4.751845
644,Gamer,5,5298,4.7376547
644,Gamer,6,5194,4.522844
644,Gamer,7,5427,4.5220194
644,Gamer,8,5201,4.51627
644,Gamer,9,5197,4.5062613
644,Gamer,10,5202,4.4971914
647,Gamer,1,5306,4.777071
647,Gamer,2,5300,4.7692184
647,Gamer,3,5303,4.761339
647,Gamer,4,5302,4.7519126
647,Gamer,5,5298,4.7382245
647,Gamer,6,5194,4.526008
647,Gamer,7,5427,4.5241227
647,Gamer,8,5201,4.5186214
647,Gamer,9,5203,4.5128574
647,Gamer,10,5195,4.494548
648,Gamer,1,5306,4.777727
648,Gamer,2,5300,4.769576
648,Gamer,3,5303,4.7622533
648,Gamer,4,5302,4.7530456
648,Gamer,5,5298,4.73872
648,Gamer,6,5194,4.523012
648,Gamer,7,5427,4.522994
648,Gamer,8,5197,4.506417
648,Gamer,9,5202,4.4973717
648,Gamer,10,5199,4.491548
653,Gamer,1,5306,4.7771835
653,Gamer,2,5300,4.769111
653,Gamer,3,5303,4.761679
653,Gamer,4,5302,4.752393
653,Gamer,5,5298,4.738291
653,Gamer,6,5427,4.523036
653,Gamer,7,5201,4.516814
653,Gamer,8,5203,4.511121
653,Gamer,9,5214,4.5095367
653,Gamer,10,5197,4.5069323
664,Gamer,1,5306,4.777916
664,Gamer,2,5300,4.7699814
664,Gamer,3,5303,4.7622504
664,Gamer,4,5302,4.7529383
664,Gamer,5,5298,4.739002
664,Gamer,6,5194,4.524995
664,Gamer,7,5427,4.5244126
664,Gamer,8,5201,4.517891
664,Gamer,9,5214,4.510829
664,Gamer,10,5195,4.49353
671,Gamer,1,5306,4.778157
671,Gamer,2,5300,4.770278
671,Gamer,3,5303,4.7624106
671,Gamer,4,5302,4.753066
671,Gamer,5,5298,4.7392673
671,Gamer,6,5194,4.525615
671,Gamer,7,5427,4.525059
671,Gamer,8,5201,4.518411
671,Gamer,9,5214,4.51143
671,Gamer,10,5202,4.499861
676,Gamer,1,5306,4.7749
676,Gamer,2,5300,4.7665915
676,Gamer,3,5303,4.7595897
676,Gamer,4,5302,4.750197
676,Gamer,5,5298,4.736058
676,Gamer,6,5194,4.522564
676,Gamer,7,5427,4.5202985
676,Gamer,8,5201,4.516073
676,Gamer,9,5203,4.5104
676,Gamer,10,5214,4.5086117
682,Gamer,1,5306,4.7767806
682,Gamer,2,5300,4.7688437
682,Gamer,3,5303,4.761179
682,Gamer,4,5302,4.751831
682,Gamer,5,5298,4.7378054
682,Gamer,6,5427,4.5229907
682,Gamer,7,5214,4.5109043
682,Gamer,8,5197,4.508368
682,Gamer,9,5199,4.4934425
682,Gamer,10,5200,4.4886856
696,Gamer,1,5306,4.7786746
696,Gamer,2,5300,4.7709155
696,Gamer,3,5303,4.7628713
696,Gamer,4,5302,4.753571
696,Gamer,5,5298,4.7397003
696,Gamer,6,5427,4.5255446
696,Gamer,7,5201,4.5187044
696,Gamer,8,5203,4.5129848
696,Gamer,9,5197,4.5093646
696,Gamer,10,5199,4.494422
702,Gamer,1,5306,4.7769365
702,Gamer,2,5300,4.768818
702,Gamer,3,5303,4.76145
702,Gamer,4,5302,4.7521634
702,Gamer,5,5298,4.7379584
702,Gamer,6,5427,4.5225167
702,Gamer,7,5214,4.509598
702,Gamer,8,5202,4.498019
702,Gamer,9,5200,4.487116
702,Gamer,10,5423,4.473281
709,Gamer,1,5306,4.7771363
709,Gamer,2,5300,4.7689724
709,Gamer,3,5303,4.761656
709,Gamer,4,5302,4.752369
709,Gamer,5,5298,4.738227
709,Gamer,6,5194,4.523233
709,Gamer,7,5427,4.5228515
709,Gamer,8,5201,4.51663
709,Gamer,9,5214,4.509284
709,Gamer,10,5197,4.506683
711,Gamer,1,5306,4.7758346
711,Gamer,2,5300,4.7674646
711,Gamer,3,5303,4.7605667
711,Gamer,4,5302,4.7512813
711,Gamer,5,5298,4.7369695
711,Gamer,6,5427,4.5207267
711,Gamer,7,5201,4.5151734
711,Gamer,8,5203,4.509571
711,Gamer,9,5214,4.507536
711,Gamer,10,5197,4.50488
721,Gamer,1,5306,4.777569
721,Gamer,2,5300,4.7696238
721,Gamer,3,5303,4.761937
721,Gamer,4,5302,4.7526045
721,Gamer,5,5298,4.738723
721,Gamer,6,5194,4.524687
721,Gamer,7,5427,4.524117
721,Gamer,8,5201,4.5176954
721,Gamer,9,5203,4.511958
721,Gamer,10,5214,4.5105658
727,Gamer,1,5306,4.7782965
727,Gamer,2,5300,4.7705126
727,Gamer,3,5303,4.762532
727,Gamer,4,5302,4.7532253
727,Gamer,5,5298,4.7393155
727,Gamer,6,5194,4.5260973
727,Gamer,7,5427,4.5250225
727,Gamer,8,5203,4.512823
727,Gamer,9,5214,4.5117126
727,Gamer,10,5197,4.5091944
731,Gamer,1,5306,4.775674
731,Gamer,2,5300,4.7674093
731,Gamer,3,5303,4.7603397
731,Gamer,4,5302,4.7510266
731,Gamer,5,5298,4.7367287
731,Gamer,6,5194,4.522608
731,Gamer,7,5427,4.520751
731,Gamer,8,5203,4.510338
731,Gamer,9,5214,4.5085797
731,Gamer,10,5197,4.5059733
733,Gamer,1,5306,4.777236
733,Gamer,2,5300,4.769099
733,Gamer,3,5303,4.761718
733,Gamer,4,5302,4.7524357
733,Gamer,5,5298,4.7382336
733,Gamer,6,5194,4.52383
733,Gamer,7,5427,4.52286
733,Gamer,8,5423,4.4741554
733,Gamer,9,5198,4.473151
733,Gamer,10,5196,4.469542
736,Gamer,1,5306,4.775976
736,Gamer,2,5300,4.7679243
736,Gamer,3,5303,4.760494
736,Gamer,4,5302,4.751134
736,Gamer,5,5298,4.737044
736,Gamer,6,5194,4.524318
736,Gamer,7,5427,4.5218296
736,Gamer,8,5201,4.51719
736,Gamer,9,5203,4.511445
736,Gamer,10,5195,4.492976
743,Gamer,1,5306,4.7774343
743,Gamer,2,5300,4.7694416
743,Gamer,3,5303,4.761794
743,Gamer,4,5302,4.752436
743,Gamer,5,5298,4.738572
743,Gamer,6,5194,4.524814
743,Gamer,7,5427,4.524022
743,Gamer,8,5201,4.517844
743,Gamer,9,5197,4.5081563
743,Gamer,10,5195,4.4933357
747,Gamer,1,5306,4.7773447
747,Gamer,2,5300,4.7695265
747,Gamer,3,5303,4.761656
747,Gamer,4,5302,4.7523203
747,Gamer,5,5298,4.738348
747,Gamer,6,5427,4.5238266
747,Gamer,7,5201,4.5183463
747,Gamer,8,5203,4.512582
747,Gamer,9,5214,4.511509
747,Gamer,10,5197,4.5089912
749,Gamer,1,5306,4.7761374
749,Gamer,2,5300,4.768049
749,Gamer,3,5303,4.7606263
749,Gamer,4,5302,4.751226
749,Gamer,5,5298,4.7373238
749,Gamer,6,5194,4.5241017
749,Gamer,7,5427,4.522422
749,Gamer,8,5203,4.5115433
749,Gamer,9,5197,4.5074406
749,Gamer,10,5202,4.4983854
752,Gamer,1,5306,4.775804
752,Gamer,2,5300,4.767538
752,Gamer,3,5303,4.760442
752,Gamer,4,5302,4.751115
752,Gamer,5,5298,4.7368717
752,Gamer,6,5194,4.5227838
752,Gamer,7,5427,4.521056
752,Gamer,8,5201,4.516176
752,Gamer,9,5203,4.5105543
752,Gamer,10,5214,4.508786
759,Gamer,1,5306,4.77803
759,Gamer,2,5300,4.770188
759,Gamer,3,5303,4.762252
759,Gamer,4,5302,4.7528763
759,Gamer,5,5298,4.739164
759,Gamer,6,5427,4.5251293
759,Gamer,7,5201,4.518659
759,Gamer,8,5214,4.511728
759,Gamer,9,5195,4.4944444
759,Gamer,10,5423,4.4764643
773,Gamer,1,5306,4.77576
773,Gamer,2,5300,4.767555
773,Gamer,3,5303,4.760407
773,Gamer,4,5302,4.7511053
773,Gamer,5,5298,4.7367835
773,Gamer,6,5194,4.5229597
773,Gamer,7,5427,4.5208335
773,Gamer,8,5197,4.506233
773,Gamer,9,5195,4.491657
773,Gamer,10,5200,4.4864197
777,Gamer,1,5306,4.7759557
777,Gamer,2,5300,4.7676773
777,Gamer,3,5303,4.7605658
777,Gamer,4,5302,4.75121
777,Gamer,5,5298,4.7371097
777,Gamer,6,5194,4.52272
777,Gamer,7,5427,4.5215936
777,Gamer,8,5201,4.5163093
777,Gamer,9,5203,4.5106893
777,Gamer,10,5214,4.508852
784,Gamer,1,5306,4.7767696
784,Gamer,2,5300,4.768546
784,Gamer,3,5303,4.761364
784,Gamer,4,5302,4.752097
784,Gamer,5,5298,4.737832
784,Gamer,6,5194,4.5226383
784,Gamer,7,5427,4.52204
784,Gamer,8,5201,4.516105
784,Gamer,9,5203,4.5104985
784,Gamer,10,5214,4.5086946
785,Gamer,1,5306,4.778182
785,Gamer,2,5300,4.7700853
785,Gamer,3,5303,4.7626796
785,Gamer,4,5302,4.753502
785,Gamer,5,5298,4.739159
785,Gamer,6,5427,4.5234737
785,Gamer,7,5201,4.516408
785,Gamer,8,5203,4.5108128
785,Gamer,9,5214,4.509121
785,Gamer,10,5197,4.5065284
788,Gamer,1,5306,4.777813
788,Gamer,2,5300,4.7700973
788,Gamer,3,5303,4.762051
788,Gamer,4,5302,4.752715
788,Gamer,5,5298,4.738857
788,Gamer,6,5427,4.524628
788,Gamer,7,5201,4.518653
788,Gamer,8,5203,4.512842
788,Gamer,9,5195,4.494965
788,Gamer,10,5199,4.4944286
802,Gamer,1,5306,4.778531
802,Gamer,2,5300,4.770705
802,Gamer,3,5303,4.7627783
802,Gamer,4,5302,4.753479
802,Gamer,5,5298,4.739601
802,Gamer,6,5427,4.525299
802,Gamer,7,5201,4.5183477
802,Gamer,8,5203,4.512635
802,Gamer,9,5214,4.511404
802,Gamer,10,5197,4.5088634
803,Gamer,1,5306,4.778225
803,Gamer,2,5300,4.7704735
803,Gamer,3,5303,4.7624702
803,Gamer,4,5302,4.7531605
803,Gamer,5,5298,4.73929
803,Gamer,6,5427,4.5250044
803,Gamer,7,5201,4.5184474
803,Gamer,8,5214,4.5115843
803,Gamer,9,5197,4.5090475
803,Gamer,10,5195,4.494527
805,Gamer,1,5306,4.775705
805,Gamer,2,5300,4.767496
805,Gamer,3,5303,4.7603245
805,Gamer,4,5302,4.750976
805,Gamer,5,5298,4.736822
805,Gamer,6,5194,4.523036
805,Gamer,7,5427,4.521209
805,Gamer,8,5201,4.51637
805,Gamer,9,5214,4.5090046
805,Gamer,10,5197,4.506396
810,Gamer,1,5306,4.777147
810,Gamer,2,5300,4.769127
810,Gamer,3,5303,4.7615347
810,Gamer,4,5302,4.752167
810,Gamer,5,5298,4.73829
810,Gamer,6,5194,4.524655
810,Gamer,7,5427,4.5236373
810,Gamer,8,5203,4.5120296
810,Gamer,9,5195,4.493191
810,Gamer,10,5199,4.4930253
811,Gamer,1,5306,4.7784605
811,Gamer,2,5300,4.770696
811,Gamer,3,5303,4.762668
811,Gamer,4,5302,4.753342
811,Gamer,5,5298,4.739558
811,Gamer,6,5194,4.526047
811,Gamer,7,5427,4.525458
811,Gamer,8,5201,4.5186176
811,Gamer,9,5214,4.511738
811,Gamer,10,5197,4.5092025
821,Gamer,1,5306,4.778697
821,Gamer,2,5300,4.7709804
821,Gamer,3,5303,4.762866
821,Gamer,4,5302,4.7535496
821,Gamer,5,5298,4.7397575
821,Gamer,6,5427,4.5257483
821,Gamer,7,5201,4.5188494
821,Gamer,8,5214,4.5120497
821,Gamer,9,5199,4.49458
821,Gamer,10,5200,4.489786
823,Gamer,1,5306,4.775551
823,Gamer,2,5300,4.7671866
823,Gamer,3,5303,4.760281
823,Gamer,4,5302,4.750984
823,Gamer,5,5298,4.7366195
823,Gamer,6,5194,4.52173
823,Gamer,7,5427,4.5203214
823,Gamer,8,5201,4.5153804
823,Gamer,9,5203,4.5097885
823,Gamer,10,5214,4.507839
827,Gamer,1,5306,4.7766047
827,Gamer,2,5300,4.7686653
827,Gamer,3,5303,4.761015
827,Gamer,4,5302,4.751653
827,Gamer,5,5298,4.737665
827,Gamer,6,5194,4.5251603
827,Gamer,7,5427,4.5228744
827,Gamer,8,5201,4.517819
827,Gamer,9,5203,4.512059
827,Gamer,10,5214,4.510822
843,Gamer,1,5306,4.7778907
843,Gamer,2,5300,4.7701864
843,Gamer,3,5303,4.762162
843,Gamer,4,5302,4.7528963
843,Gamer,5,5298,4.7387543
843,Gamer,6,5194,4.5265737
843,Gamer,7,5427,4.5241547
843,Gamer,8,5203,4.512774
843,Gamer,9,5197,4.5094023
843,Gamer,10,5202,4.5006695
848,Gamer,1,5306,4.778627
848,Gamer,2,5300,4.770965
848,Gamer,3,5303,4.7628236
848,Gamer,4,5302,4.7535696
848,Gamer,5,5298,4.7395124
848,Gamer,6,5427,4.525193
848,Gamer,7,5203,4.5130787
848,Gamer,8,5214,4.5121913
848,Gamer,9,5197,4.5097094
848,Gamer,10,5202,4.5009327
852,Gamer,1,5306,4.777359
852,Gamer,2,5300,4.7694287
852,Gamer,3,5303,4.761787
852,Gamer,4,5302,4.7525196
852,Gamer,5,5298,4.7383423
852,Gamer,6,5427,4.523216
852,Gamer,7,5201,4.5174284
852,Gamer,8,5203,4.511695
852,Gamer,9,5214,4.510407
852,Gamer,10,5202,4.498961
853,Gamer,1,5306,4.7786818
853,Gamer,2,5300,4.7708807
853,Gamer,3,5303,4.762878
853,Gamer,4,5302,4.7535424
853,Gamer,5,5298,4.7398314
853,Gamer,6,5427,4.5258374
853,Gamer,7,5194,4.525825
853,Gamer,8,5195,4.49429
853,Gamer,9,5199,4.4941115
853,Gamer,10,5423,4.4762435
854,Gamer,1,5306,4.776761
854,Gamer,2,5300,4.7685223
854,Gamer,3,5303,4.7613726
854,Gamer,4,5302,4.7521005
854,Gamer,5,5298,4.7378902
854,Gamer,6,5427,4.522138
854,Gamer,7,5201,4.5159144
854,Gamer,8,5203,4.510288
854,Gamer,9,5214,4.508416
854,Gamer,10,5197,4.505779
855,Gamer,1,5306,4.776972
855,Gamer,2,5300,4.7691875
855,Gamer,3,5303,4.7612534
855,Gamer,4,5302,4.7518535
855,Gamer,5,5298,4.7380686
855,Gamer,6,5427,4.523831
855,Gamer,7,5214,4.5117598
855,Gamer,8,5197,4.5092354
855,Gamer,9,5195,4.494808
855,Gamer,10,5200,4.489613
858,Gamer,1,5306,4.779238
858,Gamer,2,5300,4.771531
858,Gamer,3,5303,4.763383
858,Gamer,4,5302,4.7541003
858,Gamer,5,5298,4.740275
858,Gamer,6,5194,4.526433
858,Gamer,7,5427,4.526284
858,Gamer,8,5201,4.518875
858,Gamer,9,5214,4.5120764
858,Gamer,10,5200,4.4897785
859,Gamer,1,5306,4.7771807
859,Gamer,2,5300,4.7692266
859,Gamer,3,5303,4.7615695
859,Gamer,4,5302,4.7522383
859,Gamer,5,5298,4.7382326
859,Gamer,6,5194,4.5250006
859,Gamer,7,5427,4.5234337
859,Gamer,8,5201,4.51777
859,Gamer,9,5203,4.5120544
859,Gamer,10,5202,4.4992332
865,Gamer,1,5306,4.776806
865,Gamer,2,5300,4.768945
865,Gamer,3,5303,4.761133
865,Gamer,4,5302,4.75175
865,Gamer,5,5298,4.7378364
865,Gamer,6,5427,4.523354
865,Gamer,7,5201,4.5184026
865,Gamer,8,5197,4.509037
865,Gamer,9,5202,4.500164
865,Gamer,10,5198,4.4753637
877,Gamer,1,5306,4.7761354
877,Gamer,2,5300,4.76791
877,Gamer,3,5303,4.7606926
877,Gamer,4,5302,4.7513113
877,Gamer,5,5298,4.737344
877,Gamer,6,5194,4.523097
877,Gamer,7,5427,4.5221543
877,Gamer,8,5201,4.5166636
877,Gamer,9,5203,4.511011
877,Gamer,10,5202,4.497468
880,Gamer,1,5306,4.7774124
880,Gamer,2,5300,4.769245
880,Gamer,3,5303,4.761921
880,Gamer,4,5302,4.752654
880,Gamer,5,5298,4.7384734
880,Gamer,6,5427,4.5230455
880,Gamer,7,5201,4.5166144
880,Gamer,8,5203,4.511027
880,Gamer,9,5197,4.506681
880,Gamer,10,5202,4.4975896
883,Gamer,1,5306,4.777358
883,Gamer,2,5300,4.7696066
883,Gamer,3,5303,4.761638
883,Gamer,4,5302,4.7523026
883,Gamer,5,5298,4.7383323
883,Gamer,6,5427,4.5239077
883,Gamer,7,5197,4.509333
883,Gamer,8,5195,4.495052
883,Gamer,9,5199,4.49442
883,Gamer,10,5423,4.4750376
892,Gamer,1,5306,4.7764072
892,Gamer,2,5300,4.7684774
892,Gamer,3,5303,4.760813
892,Gamer,4,5302,4.7514353
892,Gamer,5,5298,4.7374625
892,Gamer,6,5427,4.5227013
892,Gamer,7,5203,4.512157
892,Gamer,8,5197,4.5084233
892,Gamer,9,5199,4.493489
892,Gamer,10,5200,4.4887686
895,Gamer,1,5306,4.777317
895,Gamer,2,5300,4.769311
895,Gamer,3,5303,4.7617292
895,Gamer,4,5302,4.752408
895,Gamer,5,5298,4.73841
895,Gamer,6,5427,4.523539
895,Gamer,7,5201,4.517489
895,Gamer,8,5203,4.5117955
895,Gamer,9,5214,4.5103483
895,Gamer,10,5202,4.498757
898,Gamer,1,5306,4.777049
898,Gamer,2,5300,4.768957
898,Gamer,3,5303,4.7614827
898,Gamer,4,5302,4.7521133
898,Gamer,5,5298,4.738257
898,Gamer,6,5427,4.5235324
898,Gamer,7,5201,4.5173383
898,Gamer,8,5203,4.511664
898,Gamer,9,5214,4.510047
898,Gamer,10,5197,4.507447
899,Gamer,1,5306,4.779193
899,Gamer,2,5300,4.77145
899,Gamer,3,5303,4.7634096
899,Gamer,4,5302,4.754179
899,Gamer,5,5298,4.740174
899,Gamer,6,5194,4.5259304
899,Gamer,7,5427,4.52578
899,Gamer,8,5203,4.5126815
899,Gamer,9,5214,4.5115542
899,Gamer,10,5199,4.494128
937,Gamer,1,5306,4.779397
937,Gamer,2,5300,4.771776
937,Gamer,3,5303,4.763489
937,Gamer,4,5302,4.75421
937,Gamer,5,5298,4.7403846
937,Gamer,6,5427,4.52652
937,Gamer,7,5202,4.5011854
937,Gamer,8,5199,4.495131
937,Gamer,9,5200,4.490418
937,Gamer,10,5423,4.477079
957,Gamer,1,5306,4.7788334
957,Gamer,2,5300,4.7709
957,Gamer,3,5303,4.7631116
957,Gamer,4,5302,4.7538233
957,Gamer,5,5298,4.739972
957,Gamer,6,5427,4.5256023
957,Gamer,7,5201,4.517945
957,Gamer,8,5203,4.512295
957,Gamer,9,5214,4.510811
957,Gamer,10,5197,4.5082374
960,Gamer,1,5306,4.7784367
960,Gamer,2,5300,4.7706504
960,Gamer,3,5303,4.7626543
960,Gamer,4,5302,4.753325
960,Gamer,5,5298,4.7395525
960,Gamer,6,5194,4.525895
960,Gamer,7,5427,4.525443
960,Gamer,8,5214,4.51163
960,Gamer,9,5197,4.5090876
960,Gamer,10,5202,4.5000954
964,Gamer,1,5306,4.7769146
964,Gamer,2,5300,4.7689486
964,Gamer,3,5303,4.7613745
964,Gamer,4,5302,4.7520905
964,Gamer,5,5298,4.7378755
964,Gamer,6,5427,4.5226316
964,Gamer,7,5201,4.5173635
964,Gamer,8,5203,4.51164
964,Gamer,9,5214,4.5103474
964,Gamer,10,5202,4.4989314
969,Gamer,1,5306,4.778112
969,Gamer,2,5300,4.7703137
969,Gamer,3,5303,4.7623262
969,Gamer,4,5302,4.752971
969,Gamer,5,5298,4.7392015
969,Gamer,6,5427,4.5251245
969,Gamer,7,5203,4.5129833
969,Gamer,8,5214,4.5118475
969,Gamer,9,5202,4.5003567
969,Gamer,10,5219,4.4764524
970,Gamer,1,5306,4.7752175
970,Gamer,2,5300,4.7670927
970,Gamer,3,5303,4.7597957
970,Gamer,4,5302,4.7504063
970,Gamer,5,5298,4.736261
970,Gamer,6,5194,4.524149
970,Gamer,7,5427,4.520829
970,Gamer,8,5203,4.5112915
970,Gamer,9,5214,4.509868
970,Gamer,10,5197,4.507306
971,Gamer,1,5306,4.775089
971,Gamer,2,5300,4.766984
971,Gamer,3,5303,4.7597275
971,Gamer,4,5302,4.7504015
971,Gamer,5,5298,4.736018
971,Gamer,6,5194,4.523959
971,Gamer,7,5427,4.5201006
971,Gamer,8,5203,4.510873
971,Gamer,9,5214,4.5095196
971,Gamer,10,5197,4.5069656
976,Gamer,1,5306,4.776773
976,Gamer,2,5300,4.768668
976,Gamer,3,5303,4.7612915
976,Gamer,4,5302,4.7519994
976,Gamer,5,5298,4.73779
976,Gamer,6,5194,4.523805
976,Gamer,7,5427,4.522343
976,Gamer,8,5201,4.5168595
976,Gamer,9,5214,4.509654
976,Gamer,10,5197,4.5070806
979,Gamer,1,5306,4.7761135
979,Gamer,2,5300,4.7682953
979,Gamer,3,5303,4.7605195
979,Gamer,4,5302,4.75117
979,Gamer,5,5298,4.737027
979,Gamer,6,5427,4.522137
979,Gamer,7,5201,4.5181417
979,Gamer,8,5197,4.508891
979,Gamer,9,5202,4.5001764
979,Gamer,10,5195,4.494829
980,Gamer,1,5306,4.7770844
980,Gamer,2,5300,4.769043
980,Gamer,3,5303,4.761553
980,Gamer,4,5302,4.7522545
980,Gamer,5,5298,4.738135
980,Gamer,6,5194,4.5241394
980,Gamer,7,5427,4.522948
980,Gamer,8,5203,4.5114574
980,Gamer,9,5202,4.498415
980,Gamer,10,5199,4.492495
982,Gamer,1,5306,4.7782435
982,Gamer,2,5300,4.7703567
982,Gamer,3,5303,4.7625675
982,Gamer,4,5302,4.753298
982,Gamer,5,5298,4.7392693
982,Gamer,6,5194,4.5251427
982,Gamer,7,5427,4.524577
982,Gamer,8,5201,4.5178895
982,Gamer,9,5203,4.512191
982,Gamer,10,5214,4.5108886
985,Gamer,1,5306,4.776108
985,Gamer,2,5300,4.767966
985,Gamer,3,5303,4.7606955
985,Gamer,4,5302,4.7513857
985,Gamer,5,5298,4.737151
985,Gamer,6,5194,4.523423
985,Gamer,7,5427,4.5215073
985,Gamer,8,5203,4.510842
985,Gamer,9,5214,4.5092716
985,Gamer,10,5197,4.506682
986,Gamer,1,5306,4.7778
986,Gamer,2,5300,4.7695894
986,Gamer,3,5303,4.762373
986,Gamer,4,5302,4.7531877
986,Gamer,5,5298,4.7388325
986,Gamer,6,5427,4.5228977
986,Gamer,7,5194,4.522216
986,Gamer,8,5201,4.51581
986,Gamer,9,5203,4.5102463
986,Gamer,10,5214,4.5083485
988,Gamer,1,5306,4.7783394
988,Gamer,2,5300,4.7705126
988,Gamer,3,5303,4.762645
988,Gamer,4,5302,4.75338
988,Gamer,5,5298,4.7393713
988,Gamer,6,5427,4.5247593
988,Gamer,7,5214,4.5110354
988,Gamer,8,5195,4.493916
988,Gamer,9,5199,4.4935803
988,Gamer,10,5200,4.488738
989,Gamer,1,5306,4.7756495
989,Gamer,2,5300,4.767475
989,Gamer,3,5303,4.7601924
989,Gamer,4,5302,4.750787
989,Gamer,5,5298,4.7367716
989,Gamer,6,5427,4.521578
989,Gamer,7,5201,4.5170717
989,Gamer,8,5203,4.5113983
989,Gamer,9,5214,4.509821
989,Gamer,10,5197,4.507244
995,Gamer,1,5306,4.7760067
995,Gamer,2,5300,4.7678328
995,Gamer,3,5303,4.760597
995,Gamer,4,5302,4.751264
995,Gamer,5,5298,4.7370996
995,Gamer,6,5427,4.5215387
995,Gamer,7,5197,4.5065923
995,Gamer,8,5202,4.4975734
995,Gamer,9,5195,4.4919004
995,Gamer,10,5199,4.491682
996,Gamer,1,5306,4.778694
996,Gamer,2,5300,4.7709656
996,Gamer,3,5303,4.76284
996,Gamer,4,5302,4.7534914
996,Gamer,5,5298,4.739815
996,Gamer,6,5194,4.5264254
996,Gamer,7,5427,4.525976
996,Gamer,8,5203,4.5132113
996,Gamer,9,5214,4.512121
996,Gamer,10,5197,4.509598
999,Gamer,1,5306,4.778438
999,Gamer,2,5300,4.770667
999,Gamer,3,5303,4.76269
999,Gamer,4,5302,4.753419
999,Gamer,5,5298,4.7394137
999,Gamer,6,5427,4.5249634
999,Gamer,7,5201,4.518414
999,Gamer,8,5197,4.5090694
999,Gamer,9,5200,4.489419
999,Gamer,10,5219,4.4763427
1003,Gamer,1,5306,4.777757
1003,Gamer,2,5300,4.769998
1003,Gamer,3,5303,4.762003
1003,Gamer,4,5302,4.7526617
1003,Gamer,5,5298,4.738793
1003,Gamer,6,5194,4.5262976
1003,Gamer,7,5427,4.5245376
1003,Gamer,8,5214,4.511838
1003,Gamer,9,5197,4.509323
1003,Gamer,10,5199,4.494385
1004,Gamer,1,5306,4.7746224
1004,Gamer,2,5300,4.7661705
1004,Gamer,3,5303,4.759405
1004,Gamer,4,5302,4.7500224
1004,Gamer,5,5298,4.7358284
1004,Gamer,6,5194,4.521312
1004,Gamer,7,5427,4.5197105
1004,Gamer,8,5201,4.5152617
1004,Gamer,9,5203,4.5096455
1004,Gamer,10,5214,4.50758
1008,Gamer,1,5306,4.7775445
1008,Gamer,2,5300,4.769663
1008,Gamer,3,5303,4.7618685
1008,Gamer,4,5302,4.752533
1008,Gamer,5,5298,4.7386107
1008,Gamer,6,5194,4.5254607
1008,Gamer,7,5427,4.524089
1008,Gamer,8,5201,4.518126
1008,Gamer,9,5214,4.5111623
1008,Gamer,10,5197,4.5086207
1036,Gamer,1,5306,4.7769403
1036,Gamer,2,5300,4.7688346
1036,Gamer,3,5303,4.7613735
1036,Gamer,4,5302,4.751993
1036,Gamer,5,5298,4.738137
1036,Gamer,6,5194,4.5240583
1036,Gamer,7,5427,4.5234137
1036,Gamer,8,5203,4.511738
1036,Gamer,9,5197,4.5075274
1036,Gamer,10,5199,4.4925356
1041,Gamer,1,5306,4.77915
1041,Gamer,2,5300,4.771296
1041,Gamer,3,5303,4.763341
1041,Gamer,4,5302,4.7540445
1041,Gamer,5,5298,4.7402263
1041,Gamer,6,5427,4.526125
1041,Gamer,7,5201,4.518558
1041,Gamer,8,5203,4.5129213
1041,Gamer,9,5214,4.511593
1041,Gamer,10,5423,4.476976
1045,Gamer,1,5306,4.7779226
1045,Gamer,2,5300,4.769745
1045,Gamer,3,5303,4.762413
1045,Gamer,4,5302,4.7531686
1045,Gamer,5,5298,4.739006
1045,Gamer,6,5427,4.523622
1045,Gamer,7,5194,4.5229673
1045,Gamer,8,5214,4.5091248
1045,Gamer,9,5197,4.506518
1045,Gamer,10,5202,4.49737
1049,Gamer,1,5306,4.7767572
1049,Gamer,2,5300,4.7686434
1049,Gamer,3,5303,4.7612147
1049,Gamer,4,5302,4.7518454
1049,Gamer,5,5298,4.7379065
1049,Gamer,6,5427,4.5230026
1049,Gamer,7,5203,4.5116453
1049,Gamer,8,5214,4.5100493
1049,Gamer,9,5197,4.5074663
1049,Gamer,10,5202,4.498376
1050,Gamer,1,5306,4.7782507
1050,Gamer,2,5300,4.7703733
1050,Gamer,3,5303,4.762473
1050,Gamer,4,5302,4.75311
1050,Gamer,5,5298,4.7393756
1050,Gamer,6,5427,4.525323
1050,Gamer,7,5201,4.518606
1050,Gamer,8,5203,4.512933
1050,Gamer,9,5214,4.5116396
1050,Gamer,10,5197,4.509106
1057,Gamer,1,5306,4.7755895
1057,Gamer,2,5300,4.767398
1057,Gamer,3,5303,4.760202
1057,Gamer,4,5302,4.7508416
1057,Gamer,5,5298,4.736706
1057,Gamer,6,5427,4.5211473
1057,Gamer,7,5201,4.5164914
1057,Gamer,8,5202,4.4975376
1057,Gamer,9,5195,4.4918776
1057,Gamer,10,5199,4.491636
1058,Gamer,1,5306,4.7771997
1058,Gamer,2,5300,4.769003
1058,Gamer,3,5303,4.761753
1058,Gamer,4,5302,4.7524924
1058,Gamer,5,5298,4.7382784
1058,Gamer,6,5427,4.5226755
1058,Gamer,7,5201,4.5162888
1058,Gamer,8,5214,4.5088854
1058,Gamer,9,5200,4.48617
1058,Gamer,10,5423,4.472764
1059,Gamer,1,5306,4.7773485
1059,Gamer,2,5300,4.769426
1059,Gamer,3,5303,4.761667
1059,Gamer,4,5302,4.7522855
1059,Gamer,5,5298,4.738493
1059,Gamer,6,5427,4.524145
1059,Gamer,7,5203,4.5124607
1059,Gamer,8,5195,4.493873
1059,Gamer,9,5200,4.48869
1059,Gamer,10,5219,4.475492
1069,Gamer,1,5306,4.7767773
1069,Gamer,2,5300,4.7686005
1069,Gamer,3,5303,4.761303
1069,Gamer,4,5302,4.751991
1069,Gamer,5,5298,4.737849
1069,Gamer,6,5194,4.523433
1069,Gamer,7,5427,4.5224633
1069,Gamer,8,5197,4.5068483
1069,Gamer,9,5195,4.492023
1069,Gamer,10,5423,4.4734917
1072,Gamer,1,5306,4.7758965
1072,Gamer,2,5300,4.7676907
1072,Gamer,3,5303,4.760474
1072,Gamer,4,5302,4.7511005
1072,Gamer,5,5298,4.7370634
1072,Gamer,6,5194,4.523203
1072,Gamer,7,5427,4.521723
1072,Gamer,8,5201,4.5166197
1072,Gamer,9,5203,4.510944
1072,Gamer,10,5214,4.5092425
1075,Gamer,1,5306,4.777605
1075,Gamer,2,5300,4.769815
1075,Gamer,3,5303,4.7618933
1075,Gamer,4,5302,4.752565
1075,Gamer,5,5298,4.738629
1075,Gamer,6,5427,4.524191
1075,Gamer,7,5201,4.5183945
1075,Gamer,8,5195,4.494609
1075,Gamer,9,5199,4.494109
1075,Gamer,10,5219,4.476389
1077,Gamer,1,5306,4.778325
1077,Gamer,2,5300,4.770475
1077,Gamer,3,5303,4.7625694
1077,Gamer,4,5302,4.753246
1077,Gamer,5,5298,4.7393966
1077,Gamer,6,5194,4.5257564
1077,Gamer,7,5427,4.5251446
1077,Gamer,8,5201,4.51845
1077,Gamer,9,5197,4.5089808
1077,Gamer,10,5202,4.499986
1080,Gamer,1,5306,4.776685
1080,Gamer,2,5300,4.7688503
1080,Gamer,3,5303,4.7610245
1080,Gamer,4,5302,4.7516446
1080,Gamer,5,5298,4.7377243
1080,Gamer,6,5194,4.5259705
1080,Gamer,7,5427,4.5232077
1080,Gamer,8,5201,4.5183334
1080,Gamer,9,5214,4.511488
1080,Gamer,10,5197,4.5089664
1081,Gamer,1,5306,4.7780123
1081,Gamer,2,5300,4.770135
1081,Gamer,3,5303,4.7623653
1081,Gamer,4,5302,4.7530994
1081,Gamer,5,5298,4.7390323
1081,Gamer,6,5427,4.5242248
1081,Gamer,7,5201,4.5177507
1081,Gamer,8,5203,4.512021
1081,Gamer,9,5214,4.5107517
1081,Gamer,10,5195,4.4936385
1091,Gamer,1,5306,4.7773232
1091,Gamer,2,5300,4.769439
1091,Gamer,3,5303,4.7617054
1091,Gamer,4,5302,4.752403
1091,Gamer,5,5298,4.738344
1091,Gamer,6,5427,4.5235033
1091,Gamer,7,5201,4.5177827
1091,Gamer,8,5203,4.5120225
1091,Gamer,9,5214,4.5108128
1091,Gamer,10,5202,4.499369
1093,Gamer,1,5306,4.7762995
1093,Gamer,2,5300,4.7681417
1093,Gamer,3,5303,4.760886
1093,Gamer,4,5302,4.751595
1093,Gamer,5,5298,4.7373195
1093,Gamer,6,5427,4.5216
1093,Gamer,7,5201,4.5164537
1093,Gamer,8,5214,4.509181
1093,Gamer,9,5202,4.4976187
1093,Gamer,10,5195,4.491979
1100,Gamer,1,5306,4.777529
1100,Gamer,2,5300,4.7694387
1100,Gamer,3,5303,4.7619734
1100,Gamer,4,5302,4.752679
1100,Gamer,5,5298,4.7386117
1100,Gamer,6,5427,4.523535
1100,Gamer,7,5201,4.5171285
1100,Gamer,8,5203,4.511503
1100,Gamer,9,5214,4.5098834
1100,Gamer,10,5197,4.5073013
1109,Gamer,1,5306,4.7776766
1109,Gamer,2,5300,4.7695255
1109,Gamer,3,5303,4.762205
1109,Gamer,4,5302,4.752985
1109,Gamer,5,5298,4.738714
1109,Gamer,6,5427,4.5230656
1109,Gamer,7,5194,4.5229144
1109,Gamer,8,5201,4.5163145
1109,Gamer,9,5214,4.5089555
1109,Gamer,10,5197,4.50635
1110,Gamer,1,5306,4.778793
1110,Gamer,2,5300,4.771086
1110,Gamer,3,5303,4.7629776
1110,Gamer,4,5302,4.753681
1110,Gamer,5,5298,4.7398562
1110,Gamer,6,5427,4.525766
1110,Gamer,7,5203,4.512928
1110,Gamer,8,5197,4.509347
1110,Gamer,9,5202,4.500416
1110,Gamer,10,5219,4.4765587
1121,Gamer,1,5306,4.7771916
1121,Gamer,2,5300,4.7692785
1121,Gamer,3,5303,4.7616057
1121,Gamer,4,5302,4.7523146
1121,Gamer,5,5298,4.7381873
1121,Gamer,6,5427,4.52316
1121,Gamer,7,5203,4.511843
1121,Gamer,8,5202,4.499171
1121,Gamer,9,5199,4.4931664
1121,Gamer,10,5423,4.4734836
1123,Gamer,1,5306,4.7778096
1123,Gamer,2,5300,4.7697587
1123,Gamer,3,5303,4.7622514
1123,Gamer,4,5302,4.7529974
1123,Gamer,5,5298,4.738842
1123,Gamer,6,5427,4.523637
1123,Gamer,7,5201,4.517064
1123,Gamer,8,5214,4.509862
1123,Gamer,9,5197,4.507284
1123,Gamer,10,5202,4.4982557
1125,Gamer,1,5306,4.778547
1125,Gamer,2,5300,4.770544
1125,Gamer,3,5303,4.762886
1125,Gamer,4,5302,4.753623
1125,Gamer,5,5298,4.7395945
1125,Gamer,6,5427,4.524829
1125,Gamer,7,5194,4.5245285
1125,Gamer,8,5203,4.512026
1125,Gamer,9,5214,4.5104847
1125,Gamer,10,5197,4.5079236
1128,Gamer,1,5306,4.776045
1128,Gamer,2,5300,4.767827
1128,Gamer,3,5303,4.76062
1128,Gamer,4,5302,4.7512574
1128,Gamer,5,5298,4.7371955
1128,Gamer,6,5427,4.521821
1128,Gamer,7,5201,4.51659
1128,Gamer,8,5203,4.5109386
1128,Gamer,9,5214,4.5092072
1128,Gamer,10,5202,4.497504
1147,Gamer,1,5306,4.777651
1147,Gamer,2,5300,4.7698507
1147,Gamer,3,5303,4.7618937
1147,Gamer,4,5302,4.7525225
1147,Gamer,5,5298,4.73873
1147,Gamer,6,5427,4.5245667
1147,Gamer,7,5195,4.494754
1147,Gamer,8,5200,4.4895706
1147,Gamer,9,5219,4.4765587
1147,Gamer,10,5423,4.4759026
1150,Gamer,1,5306,4.776616
1150,Gamer,2,5300,4.7685237
1150,Gamer,3,5303,4.761125
1150,Gamer,4,5302,4.75181
1150,Gamer,5,5298,4.7376547
1150,Gamer,6,5427,4.522307
1150,Gamer,7,5201,4.516992
1150,Gamer,8,5202,4.4982533
1150,Gamer,9,5195,4.4926004
1150,Gamer,10,5198,4.473297
1158,Gamer,1,5306,4.7790465
1158,Gamer,2,5300,4.7711706
1158,Gamer,3,5303,4.7632647
1158,Gamer,4,5302,4.7539606
1158,Gamer,5,5298,4.740193
1158,Gamer,6,5427,4.5260744
1158,Gamer,7,5194,4.5253096
1158,Gamer,8,5201,4.5183206
1158,Gamer,9,5214,4.511262
1158,Gamer,10,5200,4.488596
1169,Gamer,1,5306,4.7777834
1169,Gamer,2,5300,4.769867
1169,Gamer,3,5303,4.762134
1169,Gamer,4,5302,4.752832
1169,Gamer,5,5298,4.738843
1169,Gamer,6,5194,4.5250306
1169,Gamer,7,5427,4.5241446
1169,Gamer,8,5201,4.517829
1169,Gamer,9,5203,4.5121164
1169,Gamer,10,5197,4.508241
1171,Gamer,1,5306,4.776562
1171,Gamer,2,5300,4.7686405
1171,Gamer,3,5303,4.7609735
1171,Gamer,4,5302,4.7516155
1171,Gamer,5,5298,4.7376103
1171,Gamer,6,5427,4.5227942
1171,Gamer,7,5203,4.512056
1171,Gamer,8,5197,4.508312
1171,Gamer,9,5202,4.49942
1171,Gamer,10,5195,4.493876
1174,Gamer,1,5306,4.7762403
1174,Gamer,2,5300,4.7680817
1174,Gamer,3,5303,4.7608147
1174,Gamer,4,5302,4.7514963
1174,Gamer,5,5298,4.737315
1174,Gamer,6,5194,4.5233407
1174,Gamer,7,5427,4.521762
1174,Gamer,8,5197,4.5066633
1174,Gamer,9,5195,4.4919777
1174,Gamer,10,5199,4.4917593
1177,Gamer,1,5306,4.7793055
1177,Gamer,2,5300,4.7715974
1177,Gamer,3,5303,4.763432
1177,Gamer,4,5302,4.7541485
1177,Gamer,5,5298,4.7403107
1177,Gamer,6,5427,4.526354
1177,Gamer,7,5203,4.5133195
1177,Gamer,8,5214,4.512255
1177,Gamer,9,5423,4.477157
1177,Gamer,10,5196,4.472656
1183,Gamer,1,5306,4.7787995
1183,Gamer,2,5300,4.77091
1183,Gamer,3,5303,4.763085
1183,Gamer,4,5302,4.7538295
1183,Gamer,5,5298,4.739833
1183,Gamer,6,5427,4.5252514
1183,Gamer,7,5201,4.5179787
1183,Gamer,8,5203,4.51232
1183,Gamer,9,5214,4.5109587
1183,Gamer,10,5197,4.5084095
1186,Gamer,1,5306,4.7779074
1186,Gamer,2,5300,4.770027
1186,Gamer,3,5303,4.7621984
1186,Gamer,4,5302,4.752874
1186,Gamer,5,5298,4.738948
1186,Gamer,6,5427,4.5244975
1186,Gamer,7,5201,4.5182734
1186,Gamer,8,5203,4.5125766
1186,Gamer,9,5214,4.511333
1186,Gamer,10,5197,4.508803
1189,Gamer,1,5306,4.776109
1189,Gamer,2,5300,4.767956
1189,Gamer,3,5303,4.760668
1189,Gamer,4,5302,4.751317
1189,Gamer,5,5298,4.7372284
1189,Gamer,6,5427,4.521857
1189,Gamer,7,5201,4.5167317
1189,Gamer,8,5214,4.509431
1189,Gamer,9,5202,4.4977975
1189,Gamer,10,5199,4.4919043
1195,Gamer,1,5306,4.778539
1195,Gamer,2,5300,4.77052
1195,Gamer,3,5303,4.762939
1195,Gamer,4,5302,4.7537193
1195,Gamer,5,5298,4.7395806
1195,Gamer,6,5427,4.524477
1195,Gamer,7,5194,4.523921
1195,Gamer,8,5203,4.511485
1195,Gamer,9,5197,4.507307
1195,Gamer,10,5202,4.498245
1197,Gamer,1,5306,4.777096
1197,Gamer,2,5300,4.769268
1197,Gamer,3,5303,4.761384
1197,Gamer,4,5302,4.7519817
1197,Gamer,5,5298,4.738231
1197,Gamer,6,5194,4.5259137
1197,Gamer,7,5427,4.524004
1197,Gamer,8,5197,4.509029
1197,Gamer,9,5202,4.500085
1197,Gamer,10,5195,4.4944763
1205,Gamer,1,5306,4.7769156
1205,Gamer,2,5300,4.76889
1205,Gamer,3,5303,4.761383
1205,Gamer,4,5302,4.7520604
1205,Gamer,5,5298,4.738027
1205,Gamer,6,5427,4.5229692
1205,Gamer,7,5201,4.517181
1205,Gamer,8,5214,4.50999
1205,Gamer,9,5197,4.507402
1205,Gamer,10,5202,4.498393
1208,Gamer,1,5306,4.7787004
1208,Gamer,2,5300,4.7710285
1208,Gamer,3,5303,4.7628474
1208,Gamer,4,5302,4.753546
1208,Gamer,5,5298,4.7396593
1208,Gamer,6,5427,4.525628
1208,Gamer,7,5197,4.5099506
1208,Gamer,8,5200,4.4903655
1208,Gamer,9,5423,4.476776
1208,Gamer,10,5198,4.4763446
1209,Gamer,1,5306,4.7763424
1209,Gamer,2,5300,4.768278
1209,Gamer,3,5303,4.760781
1209,Gamer,4,5302,4.751372
1209,Gamer,5,5298,4.7374954
1209,Gamer,6,5427,4.522759
1209,Gamer,7,5201,4.517634
1209,Gamer,8,5203,4.5119324
1209,Gamer,9,5197,4.507907
1209,Gamer,10,5202,4.4988675
1216,Gamer,1,5306,4.7766438
1216,Gamer,2,5300,4.768807
1216,Gamer,3,5303,4.760947
1216,Gamer,4,5302,4.751526
1216,Gamer,5,5298,4.737738
1216,Gamer,6,5194,4.52614
1216,Gamer,7,5427,4.523459
1216,Gamer,8,5203,4.5127716
1216,Gamer,9,5197,4.509192
1216,Gamer,10,5202,4.500296
1220,Gamer,1,5306,4.7765303
1220,Gamer,2,5300,4.7685986
1220,Gamer,3,5303,4.7609406
1220,Gamer,4,5302,4.751572
1220,Gamer,5,5298,4.7375965
1220,Gamer,6,5427,4.522815
1220,Gamer,7,5203,4.5120707
1220,Gamer,8,5214,4.510851
1220,Gamer,9,5202,4.4993954
1220,Gamer,10,5195,4.493832
1221,Gamer,1,5306,4.7763367
1221,Gamer,2,5300,4.7681713
1221,Gamer,3,5303,4.7608957
1221,Gamer,4,5302,4.7515583
1221,Gamer,5,5298,4.7374787
1221,Gamer,6,5427,4.522121
1221,Gamer,7,5201,4.5166125
1221,Gamer,8,5203,4.510931
1221,Gamer,9,5195,4.4918385
1221,Gamer,10,5199,4.4917173
1228,Gamer,1,5306,4.777137
1228,Gamer,2,5300,4.769238
1228,Gamer,3,5303,4.7614927
1228,Gamer,4,5302,4.752127
1228,Gamer,5,5298,4.7382793
1228,Gamer,6,5194,4.5251665
1228,Gamer,7,5427,4.5237684
1228,Gamer,8,5201,4.5179577
1228,Gamer,9,5214,4.5109234
1228,Gamer,10,5202,4.4993744
1229,Gamer,1,5306,4.7781687
1229,Gamer,2,5300,4.770464
1229,Gamer,3,5303,4.762354
1229,Gamer,4,5302,4.753031
1229,Gamer,5,5298,4.7391214
1229,Gamer,6,5427,4.5249925
1229,Gamer,7,5201,4.5190196
1229,Gamer,8,5214,4.51235
1229,Gamer,9,5423,4.4765277
1229,Gamer,10,5198,4.4762993
1239,Gamer,1,5306,4.7756233
1239,Gamer,2,5300,4.767366
1239,Gamer,3,5303,4.7602587
1239,Gamer,4,5302,4.7509036
1239,Gamer,5,5298,4.736751
1239,Gamer,6,5194,4.522808
1239,Gamer,7,5427,4.521102
1239,Gamer,8,5201,4.5162582
1239,Gamer,9,5203,4.5106015
1239,Gamer,10,5214,4.508843
1244,Gamer,1,5306,4.778576
1244,Gamer,2,5300,4.7707834
1244,Gamer,3,5303,4.762759
1244,Gamer,4,5302,4.7534113
1244,Gamer,5,5298,4.7397103
1244,Gamer,6,5427,4.5257654
1244,Gamer,7,5197,4.5092916
1244,Gamer,8,5202,4.500266
1244,Gamer,9,5195,4.494523
1244,Gamer,10,5199,4.4943037
1245,Gamer,1,5306,4.7793527
1245,Gamer,2,5300,4.7717323
1245,Gamer,3,5303,4.763463
1245,Gamer,4,5302,4.754203
1245,Gamer,5,5298,4.7402973
1245,Gamer,6,5194,4.527049
1245,Gamer,7,5427,4.5263176
1245,Gamer,8,5214,4.5125036
1245,Gamer,9,5195,4.4955997
1245,Gamer,10,5199,4.495104
1247,Gamer,1,5306,4.7760496
1247,Gamer,2,5300,4.767897
1247,Gamer,3,5303,4.7606406
1247,Gamer,4,5302,4.7513156
1247,Gamer,5,5298,4.7371454
1247,Gamer,6,5194,4.523265
1247,Gamer,7,5427,4.5215774
1247,Gamer,8,5201,4.5164895
1247,Gamer,9,5203,4.5107846
1247,Gamer,10,5202,4.4975643
1253,Gamer,1,5306,4.7754545
1253,Gamer,2,5300,4.7672596
1253,Gamer,3,5303,4.7600765
1253,Gamer,4,5302,4.7507153
1253,Gamer,5,5298,4.7365475
1253,Gamer,6,5194,4.5232863
1253,Gamer,7,5427,4.5209217
1253,Gamer,8,5197,4.5065823
1253,Gamer,9,5202,4.497588
1253,Gamer,10,5195,4.491954
1259,Gamer,1,5306,4.7782598
1259,Gamer,2,5300,4.770129
1259,Gamer,3,5303,4.7627525
1259,Gamer,4,5302,4.7535615
1259,Gamer,5,5298,4.739283
1259,Gamer,6,5427,4.5236874
1259,Gamer,7,5203,4.5107985
1259,Gamer,8,5214,4.5090203
1259,Gamer,9,5202,4.4973273
1259,Gamer,10,5199,4.4915414
1271,Gamer,1,5306,4.7777057
1271,Gamer,2,5300,4.7697616
1271,Gamer,3,5303,4.762037
1271,Gamer,4,5302,4.7526937
1271,Gamer,5,5298,4.7388334
1271,Gamer,6,5427,4.5243382
1271,Gamer,7,5203,4.5122557
1271,Gamer,8,5214,4.510876
1271,Gamer,9,5197,4.508314
1271,Gamer,10,5202,4.4992733
1272,Gamer,1,5306,4.7789555
1272,Gamer,2,5300,4.7713175
1272,Gamer,3,5303,4.7631073
1272,Gamer,4,5302,4.7538395
1272,Gamer,5,5298,4.739902
1272,Gamer,6,5194,4.5268874
1272,Gamer,7,5427,4.525795
1272,Gamer,8,5201,4.5189843
1272,Gamer,9,5214,4.5123215
1272,Gamer,10,5423,4.4762287
1282,Gamer,1,5306,4.7768965
1282,Gamer,2,5300,4.7690177
1282,Gamer,3,5303,4.761192
1282,Gamer,4,5302,4.7517643
1282,Gamer,5,5298,4.7380524
1282,Gamer,6,5194,4.5258307
1282,Gamer,7,5427,4.5238647
1282,Gamer,8,5203,4.512726
1282,Gamer,9,5197,4.5090103
1282,Gamer,10,5202,4.50003
1291,Gamer,1,5306,4.7765317
1291,Gamer,2,5300,4.768483
1291,Gamer,3,5303,4.7610426
1291,Gamer,4,5302,4.751731
1291,Gamer,5,5298,4.737573
1291,Gamer,6,5194,4.5240993
1291,Gamer,7,5427,4.522257
1291,Gamer,8,5214,4.509873
1291,Gamer,9,5197,4.5072975
1291,Gamer,10,5195,4.4927464
1303,Gamer,1,5306,4.7782817
1303,Gamer,2,5300,4.7706113
1303,Gamer,3,5303,4.762446
1303,Gamer,4,5302,4.7531104
1303,Gamer,5,5298,4.7393003
1303,Gamer,6,5427,4.525297
1303,Gamer,7,5203,4.51326
1303,Gamer,8,5202,4.5009933
1303,Gamer,9,5195,4.495441
1303,Gamer,10,5199,4.4949083
1308,Gamer,1,5306,4.779276
1308,Gamer,2,5300,4.771623
1308,Gamer,3,5303,4.7634163
1308,Gamer,4,5302,4.7541504
1308,Gamer,5,5298,4.7402873
1308,Gamer,6,5427,4.5262527
1308,Gamer,7,5214,4.5121474
1308,Gamer,8,5202,4.500738
1308,Gamer,9,5200,4.489964
1308,Gamer,10,5423,4.476206
1313,Gamer,1,5306,4.777175
1313,Gamer,2,5300,4.769414
1313,Gamer,3,5303,4.7614775
1313,Gamer,4,5302,4.752135
1313,Gamer,5,5298,4.7381783
1313,Gamer,6,5427,4.523716
1313,Gamer,7,5201,4.5184526
1313,Gamer,8,5203,4.5126386
1313,Gamer,9,5202,4.5003433
1313,Gamer,10,5195,4.4948688
1317,Gamer,1,5306,4.780569
1317,Gamer,2,5300,4.772791
1317,Gamer,3,5303,4.7646875
1317,Gamer,4,5302,4.7554803
1317,Gamer,5,5298,4.7416067
1317,Gamer,6,5427,4.5275755
1317,Gamer,7,5194,4.5257964
1317,Gamer,8,5203,4.5130153
1317,Gamer,9,5214,4.511682
1317,Gamer,10,5200,4.4890814
1321,Gamer,1,5306,4.775119
1321,Gamer,2,5300,4.767102
1321,Gamer,3,5303,4.7595897
1321,Gamer,4,5302,4.7501063
1321,Gamer,5,5298,4.7362976
1321,Gamer,6,5194,4.5250444
1321,Gamer,7,5427,4.521604
1321,Gamer,8,5203,4.512015
1321,Gamer,9,5197,4.508196
1321,Gamer,10,5195,4.493679
1326,Gamer,1,5306,4.776757
1326,Gamer,2,5300,4.768571
1326,Gamer,3,5303,4.7613616
1326,Gamer,4,5302,4.752118
1326,Gamer,5,5298,4.7377768
1326,Gamer,6,5194,4.5227346
1326,Gamer,7,5427,4.521849
1326,Gamer,8,5201,4.516053
1326,Gamer,9,5203,4.51042
1326,Gamer,10,5214,4.508693
1331,Gamer,1,5306,4.7789865
1331,Gamer,2,5300,4.771303
1331,Gamer,3,5303,4.7631044
1331,Gamer,4,5302,4.753792
1331,Gamer,5,5298,4.740006
1331,Gamer,6,5427,4.526129
1331,Gamer,7,5203,4.51343
1331,Gamer,8,5214,4.5124345
1331,Gamer,9,5197,4.50994
1331,Gamer,10,5423,4.477196
1335,Gamer,1,5306,4.777338
1335,Gamer,2,5300,4.769333
1335,Gamer,3,5303,4.7617407
1335,Gamer,4,5302,4.752399
1335,Gamer,5,5298,4.7385035
1335,Gamer,6,5194,4.524364
1335,Gamer,7,5427,4.5237865
1335,Gamer,8,5214,4.5103064
1335,Gamer,9,5202,4.4986463
1335,Gamer,10,5195,4.4928927
1338,Gamer,1,5306,4.7774463
1338,Gamer,2,5300,4.7697124
1338,Gamer,3,5303,4.761687
1338,Gamer,4,5302,4.752324
1338,Gamer,5,5298,4.738468
1338,Gamer,6,5427,4.524257
1338,Gamer,7,5201,4.5187845
1338,Gamer,8,5203,4.512987
1338,Gamer,9,5214,4.512047
1338,Gamer,10,5197,4.509544
1339,Gamer,1,5306,4.7777376
1339,Gamer,2,5300,4.7699857
1339,Gamer,3,5303,4.762005
1339,Gamer,4,5302,4.752684
1339,Gamer,5,5298,4.738739
1339,Gamer,6,5194,4.5262403
1339,Gamer,7,5427,4.5243473
1339,Gamer,8,5197,4.50922
1339,Gamer,9,5202,4.5003743
1339,Gamer,10,5195,4.49485
1342,Gamer,1,5306,4.7794294
1342,Gamer,2,5300,4.7717996
1342,Gamer,3,5303,4.7635565
1342,Gamer,4,5302,4.754313
1342,Gamer,5,5298,4.740371
1342,Gamer,6,5194,4.526865
1342,Gamer,7,5427,4.526306
1342,Gamer,8,5203,4.513267
1342,Gamer,9,5214,4.5123363
1342,Gamer,10,5199,4.494939
1343,Gamer,1,5306,4.7777143
1343,Gamer,2,5300,4.7697763
1343,Gamer,3,5303,4.7620974
1343,Gamer,4,5302,4.7528152
1343,Gamer,5,5298,4.7387433
1343,Gamer,6,5194,4.5248103
1343,Gamer,7,5427,4.5238457
1343,Gamer,8,5201,4.5176144
1343,Gamer,9,5214,4.5105643
1343,Gamer,10,5197,4.5080075
1355,Gamer,1,5306,4.779419
1355,Gamer,2,5300,4.7717466
1355,Gamer,3,5303,4.7635164
1355,Gamer,4,5302,4.754229
1355,Gamer,5,5298,4.740424
1355,Gamer,6,5194,4.5268703
1355,Gamer,7,5427,4.5265694
1355,Gamer,8,5201,4.5191765
1355,Gamer,9,5203,4.5134726
1355,Gamer,10,5200,4.4902163
1359,Gamer,1,5306,4.7783203
1359,Gamer,2,5300,4.7706957
1359,Gamer,3,5303,4.762483
1359,Gamer,4,5302,4.7531767
1359,Gamer,5,5298,4.739257
1359,Gamer,6,5427,4.5251703
1359,Gamer,7,5203,4.5133214
1359,Gamer,8,5214,4.512511
1359,Gamer,9,5197,4.5100336
1359,Gamer,10,5195,4.495784
1363,Gamer,1,5306,4.7773185
1363,Gamer,2,5300,4.7692413
1363,Gamer,3,5303,4.761734
1363,Gamer,4,5302,4.7523966
1363,Gamer,5,5298,4.738432
1363,Gamer,6,5194,4.5242615
1363,Gamer,7,5427,4.523594
1363,Gamer,8,5197,4.5076666
1363,Gamer,9,5202,4.4985847
1363,Gamer,10,5195,4.4927945
1379,Gamer,1,5306,4.778205
1379,Gamer,2,5300,4.7703724
1379,Gamer,3,5303,4.762495
1379,Gamer,4,5302,4.7532005
1379,Gamer,5,5298,4.739269
1379,Gamer,6,5427,4.5247946
1379,Gamer,7,5201,4.518135
1379,Gamer,8,5203,4.512395
1379,Gamer,9,5195,4.494014
1379,Gamer,10,5200,4.4888372
1380,Gamer,1,5306,4.7775345
1380,Gamer,2,5300,4.769624
1380,Gamer,3,5303,4.7618275
1380,Gamer,4,5302,4.752447
1380,Gamer,5,5298,4.7386713
1380,Gamer,6,5427,4.5243993
1380,Gamer,7,5203,4.5126004
1380,Gamer,8,5214,4.5113077
1380,Gamer,9,5195,4.494015
1380,Gamer,10,5423,4.4757266
1383,Gamer,1,5306,4.7791815
1383,Gamer,2,5300,4.771446
1383,Gamer,3,5303,4.7633114
1383,Gamer,4,5302,4.7539916
1383,Gamer,5,5298,4.7402964
1383,Gamer,6,5427,4.5264726
1383,Gamer,7,5214,4.512063
1383,Gamer,8,5202,4.5005164
1383,Gamer,9,5200,4.489618
1383,Gamer,10,5423,4.4769793
1399,Gamer,1,5306,4.777651
1399,Gamer,2,5300,4.7696943
1399,Gamer,3,5303,4.7619724
1399,Gamer,4,5302,4.752628
1399,Gamer,5,5298,4.7387147
1399,Gamer,6,5194,4.5253053
1399,Gamer,7,5427,4.5242066
1399,Gamer,8,5201,4.5181274
1399,Gamer,9,5214,4.511112
1399,Gamer,10,5197,4.5085764
1400,Gamer,1,5306,4.7766447
1400,Gamer,2,5300,4.768697
1400,Gamer,3,5303,4.7610054
1400,Gamer,4,5302,4.7515955
1400,Gamer,5,5298,4.737767
1400,Gamer,6,5194,4.525406
1400,Gamer,7,5427,4.523302
1400,Gamer,8,5201,4.5181494
1400,Gamer,9,5214,4.5111465
1400,Gamer,10,5202,4.499628
1403,Gamer,1,5306,4.7806973
1403,Gamer,2,5300,4.7730575
1403,Gamer,3,5303,4.7647176
1403,Gamer,4,5302,4.7554755
1403,Gamer,5,5298,4.741755
1403,Gamer,6,5427,4.5281363
1403,Gamer,7,5201,4.5192537
1403,Gamer,8,5203,4.5135827
1403,Gamer,9,5202,4.5009394
1403,Gamer,10,5195,4.49514
1406,Gamer,1,5306,4.7767344
1406,Gamer,2,5300,4.7687306
1406,Gamer,3,5303,4.761159
1406,Gamer,4,5302,4.7517977
1406,Gamer,5,5298,4.7378273
1406,Gamer,6,5194,4.524743
1406,Gamer,7,5427,4.522991
1406,Gamer,8,5214,4.5105352
1406,Gamer,9,5197,4.5079746
1406,Gamer,10,5195,4.4933367
1419,Gamer,1,5306,4.775551
1419,Gamer,2,5300,4.767258
1419,Gamer,3,5303,4.7602477
1419,Gamer,4,5302,4.75094
1419,Gamer,5,5298,4.736615
1419,Gamer,6,5194,4.522272
1419,Gamer,7,5427,4.5204935
1419,Gamer,8,5201,4.515728
1419,Gamer,9,5197,4.5056605
1419,Gamer,10,5202,4.4966307
1423,Gamer,1,5306,4.777395
1423,Gamer,2,5300,4.769351
1423,Gamer,3,5303,4.761842
1423,Gamer,4,5302,4.752551
1423,Gamer,5,5298,4.738457
1423,Gamer,6,5194,4.5241117
1423,Gamer,7,5427,4.5233603
1423,Gamer,8,5201,4.517189
1423,Gamer,9,5214,4.510003
1423,Gamer,10,5195,4.492691
1428,Gamer,1,5306,4.776841
1428,Gamer,2,5300,4.769132
1428,Gamer,3,5303,4.7611322
1428,Gamer,4,5302,4.75177
1428,Gamer,5,5298,4.737816
1428,Gamer,6,5427,4.523406
1428,Gamer,7,5214,4.5119753
1428,Gamer,8,5202,4.5007296
1428,Gamer,9,5195,4.4953375
1428,Gamer,10,5200,4.4901276
1432,Gamer,1,5306,4.777548
1432,Gamer,2,5300,4.7695594
1432,Gamer,3,5303,4.761991
1432,Gamer,4,5302,4.7527466
1432,Gamer,5,5298,4.738494
1432,Gamer,6,5427,4.5231895
1432,Gamer,7,5203,4.511567
1432,Gamer,8,5214,4.510174
1432,Gamer,9,5199,4.4927535
1432,Gamer,10,5200,4.4878974
1443,Gamer,1,5306,4.777854
1443,Gamer,2,5300,4.770028
1443,Gamer,3,5303,4.762067
1443,Gamer,4,5302,4.7526712
1443,Gamer,5,5298,4.7390013
1443,Gamer,6,5194,4.526103
1443,Gamer,7,5427,4.5250316
1443,Gamer,8,5197,4.509323
1443,Gamer,9,5195,4.494601
1443,Gamer,10,5199,4.4943204
1444,Gamer,1,5306,4.778295
1444,Gamer,2,5300,4.7702465
1444,Gamer,3,5303,4.7626967
1444,Gamer,4,5302,4.753438
1444,Gamer,5,5298,4.7394047
1444,Gamer,6,5427,4.5244627
1444,Gamer,7,5194,4.523822
1444,Gamer,8,5201,4.5171475
1444,Gamer,9,5203,4.5115204
1444,Gamer,10,5214,4.5098767
1450,Gamer,1,5306,4.778491
1450,Gamer,2,5300,4.7704773
1450,Gamer,3,5303,4.762851
1450,Gamer,4,5302,4.7535777
1450,Gamer,5,5298,4.7396345
1450,Gamer,6,5427,4.52493
1450,Gamer,7,5194,4.5240836
1450,Gamer,8,5203,4.5117607
1450,Gamer,9,5214,4.5101514
1450,Gamer,10,5202,4.498419
1457,Gamer,1,5306,4.7781134
1457,Gamer,2,5300,4.7701254
1457,Gamer,3,5303,4.762501
1457,Gamer,4,5302,4.7532225
1457,Gamer,5,5298,4.739247
1457,Gamer,6,5427,4.5244293
1457,Gamer,7,5201,4.5173316
1457,Gamer,8,5197,4.507519
1457,Gamer,9,5202,4.498435
1457,Gamer,10,5195,4.4926505
1458,Gamer,1,5306,4.779325
1458,Gamer,2,5300,4.7713966
1458,Gamer,3,5303,4.763608
1458,Gamer,4,5302,4.7543917
1458,Gamer,5,5298,4.74034
1458,Gamer,6,5427,4.525668
1458,Gamer,7,5201,4.5177975
1458,Gamer,8,5214,4.5107174
1458,Gamer,9,5197,4.508164
1458,Gamer,10,5199,4.493244
1459,Gamer,1,5306,4.7778573
1459,Gamer,2,5300,4.7699976
1459,Gamer,3,5303,4.7621765
1459,Gamer,4,5302,4.752876
1459,Gamer,5,5298,4.738882
1459,Gamer,6,5427,4.524276
1459,Gamer,7,5201,4.5180817
1459,Gamer,8,5203,4.512353
1459,Gamer,9,5214,4.5111427
1459,Gamer,10,5195,4.4940586
1460,Gamer,1,5306,4.7766013
1460,Gamer,2,5300,4.7684064
1460,Gamer,3,5303,4.761191
1460,Gamer,4,5302,4.751928
1460,Gamer,5,5298,4.7375855
1460,Gamer,6,5427,4.52172
1460,Gamer,7,5201,4.5162897
1460,Gamer,8,5203,4.5106826
1460,Gamer,9,5214,4.5089884
1460,Gamer,10,5197,4.506405
1461,Gamer,1,5306,4.7777786
1461,Gamer,2,5300,4.769993
1461,Gamer,3,5303,4.762057
1461,Gamer,4,5302,4.752738
1461,Gamer,5,5298,4.7387915
1461,Gamer,6,5194,4.5260344
1461,Gamer,7,5427,4.52436
1461,Gamer,8,5201,4.5184183
1461,Gamer,9,5197,4.5090656
1461,Gamer,10,5195,4.494632
1465,Gamer,1,5306,4.7775393
1465,Gamer,2,5300,4.7694645
1465,Gamer,3,5303,4.7619834
1465,Gamer,4,5302,4.7526917
1465,Gamer,5,5298,4.7386265
1465,Gamer,6,5427,4.523565
1465,Gamer,7,5201,4.517131
1465,Gamer,8,5197,4.5073075
1465,Gamer,9,5202,4.4982395
1465,Gamer,10,5199,4.4923773
1468,Gamer,1,5306,4.7782993
1468,Gamer,2,5300,4.7705207
1468,Gamer,3,5303,4.7625084
1468,Gamer,4,5302,4.7531805
1468,Gamer,5,5298,4.739335
1468,Gamer,6,5194,4.5262914
1468,Gamer,7,5427,4.5251894
1468,Gamer,8,5201,4.5187397
1468,Gamer,9,5203,4.513018
1468,Gamer,10,5214,4.5119176
1476,Gamer,1,5306,4.778242
1476,Gamer,2,5300,4.770404
1476,Gamer,3,5303,4.7625237
1476,Gamer,4,5302,4.7532334
1476,Gamer,5,5298,4.739262
1476,Gamer,6,5194,4.5256376
1476,Gamer,7,5427,4.52477
1476,Gamer,8,5203,4.5125203
1476,Gamer,9,5214,4.5113153
1476,Gamer,10,5202,4.499844
1477,Gamer,1,5306,4.7776246
1477,Gamer,2,5300,4.7697797
1477,Gamer,3,5303,4.7619104
1477,Gamer,4,5302,4.752578
1477,Gamer,5,5298,4.738611
1477,Gamer,6,5194,4.5260367
1477,Gamer,7,5427,4.52415
1477,Gamer,8,5197,4.5091114
1477,Gamer,9,5195,4.4946337
1477,Gamer,10,5200,4.48944
1478,Gamer,1,5306,4.777361
1478,Gamer,2,5300,4.7693787
1478,Gamer,3,5303,4.761764
1478,Gamer,4,5302,4.7524724
1478,Gamer,5,5298,4.7383204
1478,Gamer,6,5427,4.5232844
1478,Gamer,7,5201,4.5176487
1478,Gamer,8,5203,4.5119886
1478,Gamer,9,5214,4.510642
1478,Gamer,10,5197,4.5081096
1483,Gamer,1,5306,4.7785735
1483,Gamer,2,5300,4.7708464
1483,Gamer,3,5303,4.7627773
1483,Gamer,4,5302,4.7534914
1483,Gamer,5,5298,4.73955
1483,Gamer,6,5427,4.5253096
1483,Gamer,7,5201,4.5187244
1483,Gamer,8,5203,4.512986
1483,Gamer,9,5214,4.511963
1483,Gamer,10,5197,4.509458
1495,Gamer,1,5306,4.7766347
1495,Gamer,2,5300,4.768734
1495,Gamer,3,5303,4.7610455
1495,Gamer,4,5302,4.7517033
1495,Gamer,5,5298,4.7376537
1495,Gamer,6,5427,4.5227757
1495,Gamer,7,5203,4.5120406
1495,Gamer,8,5197,4.508337
1495,Gamer,9,5202,4.4994755
1495,Gamer,10,5195,4.4939623
1501,Gamer,1,5306,4.775935
1501,Gamer,2,5300,4.767648
1501,Gamer,3,5303,4.760599
1501,Gamer,4,5302,4.7513065
1501,Gamer,5,5298,4.736974
1501,Gamer,6,5194,4.5224195
1501,Gamer,7,5427,4.5209203
1501,Gamer,8,5201,4.515861
1501,Gamer,9,5214,4.5084352
1501,Gamer,10,5197,4.5058284
1509,Gamer,1,5306,4.779889
1509,Gamer,2,5300,4.772152
1509,Gamer,3,5303,4.764012
1509,Gamer,4,5302,4.754758
1509,Gamer,5,5298,4.7409315
1509,Gamer,6,5427,4.5269675
1509,Gamer,7,5201,4.5188227
1509,Gamer,8,5203,4.513157
1509,Gamer,9,5214,4.511965
1509,Gamer,10,5197,4.509443
1511,Gamer,1,5306,4.7782116
1511,Gamer,2,5300,4.770256
1511,Gamer,3,5303,4.762578
1511,Gamer,4,5302,4.753325
1511,Gamer,5,5298,4.7392254
1511,Gamer,6,5427,4.524315
1511,Gamer,7,5201,4.5175624
1511,Gamer,8,5214,4.510483
1511,Gamer,9,5202,4.4989347
1511,Gamer,10,5195,4.493229
1512,Gamer,1,5306,4.7793903
1512,Gamer,2,5300,4.771608
1512,Gamer,3,5303,4.763558
1512,Gamer,4,5302,4.7542734
1512,Gamer,5,5298,4.740496
1512,Gamer,6,5427,4.526485
1512,Gamer,7,5194,4.5258346
1512,Gamer,8,5201,4.518605
1512,Gamer,9,5203,4.512915
1512,Gamer,10,5214,4.5116625
1519,Gamer,1,5306,4.77472
1519,Gamer,2,5300,4.7664685
1519,Gamer,3,5303,4.759395
1519,Gamer,4,5302,4.74999
1519,Gamer,5,5298,4.7358603
1519,Gamer,6,5194,4.5230074
1519,Gamer,7,5427,4.520162
1519,Gamer,8,5201,4.5163093
1519,Gamer,9,5197,4.5063286
1519,Gamer,10,5202,4.497317
1523,Gamer,1,5306,4.775468
1523,Gamer,2,5300,4.767236
1523,Gamer,3,5303,4.7600737
1523,Gamer,4,5302,4.750679
1523,Gamer,5,5298,4.7366366
1523,Gamer,6,5194,4.5231647
1523,Gamer,7,5427,4.521241
1523,Gamer,8,5201,4.516571
1523,Gamer,9,5214,4.509189
1523,Gamer,10,5202,4.497503
1529,Gamer,1,5306,4.775573
1529,Gamer,2,5300,4.767628
1529,Gamer,3,5303,4.759976
1529,Gamer,4,5302,4.7504997
1529,Gamer,5,5298,4.7367415
1529,Gamer,6,5194,4.525513
1529,Gamer,7,5427,4.522273
1529,Gamer,8,5197,4.5086284
1529,Gamer,9,5195,4.49413
1529,Gamer,10,5200,4.4889135
1530,Gamer,1,5306,4.7781444
1530,Gamer,2,5300,4.770254
1530,Gamer,3,5303,4.7624216
1530,Gamer,4,5302,4.7530994
1530,Gamer,5,5298,4.7392125
1530,Gamer,6,5427,4.524831
1530,Gamer,7,5203,4.512587
1530,Gamer,8,5197,4.5087547
1530,Gamer,9,5202,4.4997535
1530,Gamer,10,5199,4.493797
1532,Gamer,1,5306,4.777401
1532,Gamer,2,5300,4.769304
1532,Gamer,3,5303,4.7618203
1532,Gamer,4,5302,4.7524905
1532,Gamer,5,5298,4.7385077
1532,Gamer,6,5194,4.524149
1532,Gamer,7,5427,4.523638
1532,Gamer,8,5201,4.517386
1532,Gamer,9,5203,4.51177
1532,Gamer,10,5214,4.5101576
1534,Gamer,1,5306,4.775173
1534,Gamer,2,5300,4.7668505
1534,Gamer,3,5303,4.7599125
1534,Gamer,4,5302,4.750608
1534,Gamer,5,5298,4.7362003
1534,Gamer,6,5427,4.5198474
1534,Gamer,7,5201,4.5155234
1534,Gamer,8,5203,4.5098896
1534,Gamer,9,5214,4.5080757
1534,Gamer,10,5197,4.505463
1537,Gamer,1,5306,4.775398
1537,Gamer,2,5300,4.7670584
1537,Gamer,3,5303,4.7600665
1537,Gamer,4,5302,4.7507014
1537,Gamer,5,5298,4.736523
1537,Gamer,6,5194,4.522439
1537,Gamer,7,5427,4.5207353
1537,Gamer,8,5201,4.516037
1537,Gamer,9,5203,4.5104327
1537,Gamer,10,5202,4.496835
1538,Gamer,1,5306,4.77734
1538,Gamer,2,5300,4.7695847
1538,Gamer,3,5303,4.761627
1538,Gamer,4,5302,4.752281
1538,Gamer,5,5298,4.7383766
1538,Gamer,6,5427,4.523989
1538,Gamer,7,5201,4.5184693
1538,Gamer,8,5203,4.5126514
1538,Gamer,9,5202,4.5002995
1538,Gamer,10,5199,4.494221
1558,Gamer,1,5306,4.7751827
1558,Gamer,2,5300,4.767022
1558,Gamer,3,5303,4.759764
1558,Gamer,4,5302,4.750351
1558,Gamer,5,5298,4.7363005
1558,Gamer,6,5194,4.5238733
1558,Gamer,7,5427,4.520977
1558,Gamer,8,5201,4.516947
1558,Gamer,9,5203,4.5112247
1558,Gamer,10,5197,4.5071316
1569,Gamer,1,5306,4.776154
1569,Gamer,2,5300,4.7681274
1569,Gamer,3,5303,4.7606487
1569,Gamer,4,5302,4.7513103
1569,Gamer,5,5298,4.737136
1569,Gamer,6,5194,4.5246887
1569,Gamer,7,5427,4.5218663
1569,Gamer,8,5214,4.5103264
1569,Gamer,9,5197,4.507784
1569,Gamer,10,5202,4.49891
1572,Gamer,1,5306,4.778498
1572,Gamer,2,5300,4.7707086
1572,Gamer,3,5303,4.762696
1572,Gamer,4,5302,4.7533646
1572,Gamer,5,5298,4.7395735
1572,Gamer,6,5427,4.5255013
1572,Gamer,7,5201,4.5187197
1572,Gamer,8,5203,4.513006
1572,Gamer,9,5214,4.5118504
1572,Gamer,10,5197,4.509328
1576,Gamer,1,5306,4.7760553
1576,Gamer,2,5300,4.7677546
1576,Gamer,3,5303,4.7607565
1576,Gamer,4,5302,4.751492
1576,Gamer,5,5298,4.7371316
1576,Gamer,6,5194,4.521801
1576,Gamer,7,5427,4.520904
1576,Gamer,8,5201,4.5154204
1576,Gamer,9,5214,4.507895
1576,Gamer,10,5197,4.5052586
1577,Gamer,1,5306,4.7763753
1577,Gamer,2,5300,4.768255
1577,Gamer,3,5303,4.760872
1577,Gamer,4,5302,4.7514925
1577,Gamer,5,5298,4.7375546
1577,Gamer,6,5194,4.523843
1577,Gamer,7,5427,4.5225844
1577,Gamer,8,5201,4.517124
1577,Gamer,9,5203,4.5114274
1577,Gamer,10,5214,4.509838
1588,Gamer,1,5306,4.7783136
1588,Gamer,2,5300,4.7705283
1588,Gamer,3,5303,4.7626033
1588,Gamer,4,5302,4.7533355
1588,Gamer,5,5298,4.739332
1588,Gamer,6,5427,4.5247755
1588,Gamer,7,5214,4.5112324
1588,Gamer,8,5197,4.5086904
1588,Gamer,9,5200,4.4890146
1588,Gamer,10,5219,4.475862
1589,Gamer,1,5306,4.7773685
1589,Gamer,2,5300,4.769523
1589,Gamer,3,5303,4.7616525
1589,Gamer,4,5302,4.75226
1589,Gamer,5,5298,4.7385364
1589,Gamer,6,5427,4.5243454
1589,Gamer,7,5203,4.512601
1589,Gamer,8,5214,4.5114155
1589,Gamer,9,5202,4.4998693
1589,Gamer,10,5195,4.494204
1594,Gamer,1,5306,4.7785444
1594,Gamer,2,5300,4.770808
1594,Gamer,3,5303,4.7627473
1594,Gamer,4,5302,4.753433
1594,Gamer,5,5298,4.7396317
1594,Gamer,6,5194,4.5261197
1594,Gamer,7,5427,4.525525
1594,Gamer,8,5203,4.5128603
1594,Gamer,9,5202,4.50029
1594,Gamer,10,5195,4.494642
1595,Gamer,1,5306,4.7754955
1595,Gamer,2,5300,4.767213
1595,Gamer,3,5303,4.7601523
1595,Gamer,4,5302,4.7508063
1595,Gamer,5,5298,4.7365813
1595,Gamer,6,5194,4.522718
1595,Gamer,7,5427,4.5207477
1595,Gamer,8,5201,4.5161314
1595,Gamer,9,5197,4.5061207
1595,Gamer,10,5202,4.497076
1611,Gamer,1,5306,4.7777004
1611,Gamer,2,5300,4.7699075
1611,Gamer,3,5303,4.7619715
1611,Gamer,4,5302,4.7526298
1611,Gamer,5,5298,4.7387624
1611,Gamer,6,5194,4.525987
1611,Gamer,7,5427,4.5244317
1611,Gamer,8,5214,4.5115895
1611,Gamer,9,5197,4.50906
1611,Gamer,10,5202,4.500151
1624,Gamer,1,5306,4.7761374
1624,Gamer,2,5300,4.7680373
1624,Gamer,3,5303,4.760671
1624,Gamer,4,5302,4.7513294
1624,Gamer,5,5298,4.737189
1624,Gamer,6,5427,4.5218415
1624,Gamer,7,5203,4.5112953
1624,Gamer,8,5214,4.509812
1624,Gamer,9,5197,4.5072393
1624,Gamer,10,5202,4.4982786
1625,Gamer,1,5306,4.774021
1625,Gamer,2,5300,4.7656007
1625,Gamer,3,5303,4.758876
1625,Gamer,4,5302,4.7495184
1625,Gamer,5,5298,4.7351503
1625,Gamer,6,5194,4.5212474
1625,Gamer,7,5427,4.518573
1625,Gamer,8,5201,4.514929
1625,Gamer,9,5197,4.5046616
1625,Gamer,10,5195,4.4899845
1626,Gamer,1,5306,4.7756605
1626,Gamer,2,5300,4.7673054
1626,Gamer,3,5303,4.7603617
1626,Gamer,4,5302,4.751051
1626,Gamer,5,5298,4.736745
1626,Gamer,6,5194,4.521948
1626,Gamer,7,5427,4.520624
1626,Gamer,8,5203,4.5100145
1626,Gamer,9,5214,4.508074
1626,Gamer,10,5197,4.5054507
1631,Gamer,1,5306,4.7776413
1631,Gamer,2,5300,4.7698517
1631,Gamer,3,5303,4.7618775
1631,Gamer,4,5302,4.7525053
1631,Gamer,5,5298,4.7387123
1631,Gamer,6,5427,4.5245624
1631,Gamer,7,5203,4.5129647
1631,Gamer,8,5214,4.511896
1631,Gamer,9,5197,4.5093813
1631,Gamer,10,5202,4.5004625
1636,Gamer,1,5306,4.7774673
1636,Gamer,2,5300,4.7696514
1636,Gamer,3,5303,4.761788
1636,Gamer,4,5302,4.752473
1636,Gamer,5,5298,4.7384577
1636,Gamer,6,5427,4.5238485
1636,Gamer,7,5201,4.5182314
1636,Gamer,8,5203,4.5124655
1636,Gamer,9,5197,4.5088606
1636,Gamer,10,5202,4.500007
1637,Gamer,1,5306,4.775247
1637,Gamer,2,5300,4.766829
1637,Gamer,3,5303,4.7599735
1637,Gamer,4,5302,4.7506065
1637,Gamer,5,5298,4.736457
1637,Gamer,6,5194,4.521535
1637,Gamer,7,5427,4.5205536
1637,Gamer,8,5201,4.5155
1637,Gamer,9,5203,4.5099025
1637,Gamer,10,5214,4.5078373
1644,Gamer,1,5306,4.778061
1644,Gamer,2,5300,4.77023
1644,Gamer,3,5303,4.762306
1644,Gamer,4,5302,4.752948
1644,Gamer,5,5298,4.739214
1644,Gamer,6,5427,4.5250864
1644,Gamer,7,5201,4.5184484
1644,Gamer,8,5214,4.5114784
1644,Gamer,9,5197,4.508928
1644,Gamer,10,5195,4.494189
1648,Gamer,1,5306,4.7781506
1648,Gamer,2,5300,4.770085
1648,Gamer,3,5303,4.7625213
1648,Gamer,4,5302,4.7532225
1648,Gamer,5,5298,4.7392645
1648,Gamer,6,5427,4.524522
1648,Gamer,7,5194,4.524178
1648,Gamer,8,5201,4.517475
1648,Gamer,9,5214,4.510241
1648,Gamer,10,5197,4.5076632
1654,Gamer,1,5306,4.7776794
1654,Gamer,2,5300,4.769616
1654,Gamer,3,5303,4.762148
1654,Gamer,4,5302,4.752906
1654,Gamer,5,5298,4.738686
1654,Gamer,6,5427,4.523321
1654,Gamer,7,5201,4.516904
1654,Gamer,8,5203,4.511269
1654,Gamer,9,5214,4.5096984
1654,Gamer,10,5197,4.5071216
1658,Gamer,1,5306,4.777404
1658,Gamer,2,5300,4.769271
1658,Gamer,3,5303,4.7619286
1658,Gamer,4,5302,4.7527018
1658,Gamer,5,5298,4.7383666
1658,Gamer,6,5194,4.5233674
1658,Gamer,7,5427,4.5226555
1658,Gamer,8,5203,4.5109262
1658,Gamer,9,5197,4.5066943
1658,Gamer,10,5423,4.473052
1667,Gamer,1,5306,4.7764826
1667,Gamer,2,5300,4.7685285
1667,Gamer,3,5303,4.7608547
1667,Gamer,4,5302,4.7514315
1667,Gamer,5,5298,4.7376375
1667,Gamer,6,5194,4.525293
1667,Gamer,7,5427,4.523178
1667,Gamer,8,5201,4.5180874
1667,Gamer,9,5203,4.512331
1667,Gamer,10,5197,4.508504
1674,Gamer,1,5306,4.7775316
1674,Gamer,2,5300,4.769696
1674,Gamer,3,5303,4.7617683
1674,Gamer,4,5302,4.752356
1674,Gamer,5,5298,4.7387075
1674,Gamer,6,5194,4.525979
1674,Gamer,7,5427,4.5247107
1674,Gamer,8,5201,4.5186653
1674,Gamer,9,5214,4.511734
1674,Gamer,10,5197,4.5091953
1676,Gamer,1,5306,4.7784586
1676,Gamer,2,5300,4.770518
1676,Gamer,3,5303,4.762842
1676,Gamer,4,5302,4.753647
1676,Gamer,5,5298,4.7393713
1676,Gamer,6,5194,4.52464
1676,Gamer,7,5427,4.5241714
1676,Gamer,8,5203,4.5117493
1676,Gamer,9,5214,4.5103617
1676,Gamer,10,5199,4.4929585
1690,Gamer,1,5306,4.776332
1690,Gamer,2,5300,4.768271
1690,Gamer,3,5303,4.760785
1690,Gamer,4,5302,4.7513843
1690,Gamer,5,5298,4.737497
1690,Gamer,6,5427,4.5226955
1690,Gamer,7,5201,4.517502
1690,Gamer,8,5203,4.511782
1690,Gamer,9,5202,4.4987
1690,Gamer,10,5195,4.4929957
1700,Gamer,1,5306,4.777628
1700,Gamer,2,5300,4.7696877
1700,Gamer,3,5303,4.7619724
1700,Gamer,4,5302,4.752639
1700,Gamer,5,5298,4.738727
1700,Gamer,6,5194,4.525035
1700,Gamer,7,5427,4.524151
1700,Gamer,8,5214,4.5108566
1700,Gamer,9,5197,4.508299
1700,Gamer,10,5202,4.4992867
1701,Gamer,1,5306,4.776088
1701,Gamer,2,5300,4.7678823
1701,Gamer,3,5303,4.760662
1701,Gamer,4,5302,4.7513094
1701,Gamer,5,5298,4.7372155
1701,Gamer,6,5194,4.523218
1701,Gamer,7,5427,4.5217896
1701,Gamer,8,5201,4.5165944
1701,Gamer,9,5203,4.5109415
1701,Gamer,10,5214,4.509237
1707,Gamer,1,5306,4.778951
1707,Gamer,2,5300,4.7712717
1707,Gamer,3,5303,4.763078
1707,Gamer,4,5302,4.7537684
1707,Gamer,5,5298,4.7399745
1707,Gamer,6,5194,4.5268035
1707,Gamer,7,5427,4.526062
1707,Gamer,8,5423,4.4769373
1707,Gamer,9,5419,4.472687
1707,Gamer,10,5107,4.3316936
1709,Gamer,1,5306,4.7773843
1709,Gamer,2,5300,4.769369
1709,Gamer,3,5303,4.7618337
1709,Gamer,4,5302,4.7525597
1709,Gamer,5,5298,4.7384033
1709,Gamer,6,5194,4.5242653
1709,Gamer,7,5427,4.523219
1709,Gamer,8,5201,4.517204
1709,Gamer,9,5203,4.5115223
1709,Gamer,10,5214,4.510071
1712,Gamer,1,5306,4.7756476
1712,Gamer,2,5300,4.7673664
1712,Gamer,3,5303,4.7602987
1712,Gamer,4,5302,4.7509565
1712,Gamer,5,5298,4.736762
1712,Gamer,6,5194,4.522591
1712,Gamer,7,5427,4.5209804
1712,Gamer,8,5201,4.516087
1712,Gamer,9,5203,4.5104485
1712,Gamer,10,5202,4.496957
1715,Gamer,1,5306,4.775663
1715,Gamer,2,5300,4.7674
1715,Gamer,3,5303,4.7603564
1715,Gamer,4,5302,4.751067
1715,Gamer,5,5298,4.7367024
1715,Gamer,6,5194,4.5223556
1715,Gamer,7,5427,4.5205293
1715,Gamer,8,5203,4.5100718
1715,Gamer,9,5214,4.5083084
1715,Gamer,10,5202,4.4966946
1717,Gamer,1,5306,4.777094
1717,Gamer,2,5300,4.769257
1717,Gamer,3,5303,4.761433
1717,Gamer,4,5302,4.752096
1717,Gamer,5,5298,4.7380843
1717,Gamer,6,5194,4.5258737
1717,Gamer,7,5427,4.52345
1717,Gamer,8,5202,4.5000286
1717,Gamer,9,5423,4.474615
1717,Gamer,10,5419,4.4706097
1726,Gamer,1,5306,4.7795057
1726,Gamer,2,5300,4.7718415
1726,Gamer,3,5303,4.7636046
1726,Gamer,4,5302,4.7543335
1726,Gamer,5,5298,4.74048
1726,Gamer,6,5194,4.5269117
1726,Gamer,7,5427,4.526572
1726,Gamer,8,5197,4.5099797
1726,Gamer,9,5200,4.4902687
1726,Gamer,10,5423,4.4773717
1727,Gamer,1,5306,4.7801013
1727,Gamer,2,5300,4.772339
1727,Gamer,3,5303,4.7642183
1727,Gamer,4,5302,4.754957
1727,Gamer,5,5298,4.7412233
1727,Gamer,6,5427,4.5273714
1727,Gamer,7,5194,4.525856
1727,Gamer,8,5201,4.518716
1727,Gamer,9,5197,4.509211
1727,Gamer,10,5200,4.4891276
1731,Gamer,1,5306,4.7775507
1731,Gamer,2,5300,4.769678
1731,Gamer,3,5303,4.7618227
1731,Gamer,4,5302,4.7524433
1731,Gamer,5,5298,4.7386537
1731,Gamer,6,5427,4.5244246
1731,Gamer,7,5203,4.5127754
1731,Gamer,8,5197,4.5090337
1731,Gamer,9,5202,4.500051
1731,Gamer,10,5195,4.4943705
1737,Gamer,1,5306,4.7781076
1737,Gamer,2,5300,4.7702003
1737,Gamer,3,5303,4.7624598
1737,Gamer,4,5302,4.7532034
1737,Gamer,5,5298,4.739094
1737,Gamer,6,5194,4.525036
1737,Gamer,7,5427,4.5242295
1737,Gamer,8,5203,4.512062
1737,Gamer,9,5202,4.499269
1737,Gamer,10,5199,4.4933095
1758,Gamer,1,5306,4.776585
1758,Gamer,2,5300,4.768479
1758,Gamer,3,5303,4.7610984
1758,Gamer,4,5302,4.7517824
1758,Gamer,5,5298,4.73762
1758,Gamer,6,5427,4.5222626
1758,Gamer,7,5201,4.5169783
1758,Gamer,8,5203,4.511316
1758,Gamer,9,5202,4.498229
1758,Gamer,10,5200,4.4873524
1761,Gamer,1,5306,4.7769647
1761,Gamer,2,5300,4.7689705
1761,Gamer,3,5303,4.7613945
1761,Gamer,4,5302,4.752056
1761,Gamer,5,5298,4.7380695
1761,Gamer,6,5194,4.5245333
1761,Gamer,7,5427,4.523186
1761,Gamer,8,5201,4.5174813
1761,Gamer,9,5214,4.510354
1761,Gamer,10,5202,4.4987845
1764,Gamer,1,5306,4.7773695
1764,Gamer,2,5300,4.769486
1764,Gamer,3,5303,4.761715
1764,Gamer,4,5302,4.7523737
1764,Gamer,5,5298,4.7384624
1764,Gamer,6,5427,4.5238943
1764,Gamer,7,5203,4.512241
1764,Gamer,8,5214,4.5110073
1764,Gamer,9,5197,4.5084534
1764,Gamer,10,5202,4.499499
1768,Gamer,1,5306,4.7791324
1768,Gamer,2,5300,4.7715015
1768,Gamer,3,5303,4.763243
1768,Gamer,4,5302,4.753959
1768,Gamer,5,5298,4.7401
1768,Gamer,6,5194,4.527075
1768,Gamer,7,5427,4.526169
1768,Gamer,8,5201,4.519191
1768,Gamer,9,5203,4.5134473
1768,Gamer,10,5199,4.4951277
1769,Gamer,1,5306,4.7782054
1769,Gamer,2,5300,4.770205
1769,Gamer,3,5303,4.7625294
1769,Gamer,4,5302,4.753219
1769,Gamer,5,5298,4.7392936
1769,Gamer,6,5427,4.5247307
1769,Gamer,7,5201,4.517867
1769,Gamer,8,5203,4.512251
1769,Gamer,9,5202,4.4991055
1769,Gamer,10,5200,4.4881134
1773,Gamer,1,5306,4.7778
1773,Gamer,2,5300,4.770097
1773,Gamer,3,5303,4.7620163
1773,Gamer,4,5302,4.7526693
1773,Gamer,5,5298,4.7388296
1773,Gamer,6,5427,4.524675
1773,Gamer,7,5199,4.494647
1773,Gamer,8,5200,4.4900255
1773,Gamer,9,5423,4.475611
1773,Gamer,10,5196,4.472781
1779,Gamer,1,5306,4.7759323
1779,Gamer,2,5300,4.7676105
1779,Gamer,3,5303,4.760605
1779,Gamer,4,5302,4.7512984
1779,Gamer,5,5298,4.7370315
1779,Gamer,6,5194,4.5221043
1779,Gamer,7,5427,4.521056
1779,Gamer,8,5201,4.5157466
1779,Gamer,9,5214,4.508235
1779,Gamer,10,5202,4.4965057
1781,Gamer,1,5306,4.777705
1781,Gamer,2,5300,4.7696314
1781,Gamer,3,5303,4.7621436
1781,Gamer,4,5302,4.7528796
1781,Gamer,5,5298,4.7387123
1781,Gamer,6,5194,4.5240617
1781,Gamer,7,5427,4.5235033
1781,Gamer,8,5201,4.51715
1781,Gamer,9,5203,4.5115447
1781,Gamer,10,5214,4.5099688
1782,Gamer,1,5306,4.7759366
1782,Gamer,2,5300,4.7676945
1782,Gamer,3,5303,4.760653
1782,Gamer,4,5302,4.751431
1782,Gamer,5,5298,4.7368736
1782,Gamer,6,5194,4.522201
1782,Gamer,7,5427,4.520313
1782,Gamer,8,5201,4.5154214
1782,Gamer,9,5214,4.50805
1782,Gamer,10,5197,4.505446
1788,Gamer,1,5306,4.776443
1788,Gamer,2,5300,4.7685227
1788,Gamer,3,5303,4.76082
1788,Gamer,4,5302,4.751412
1788,Gamer,5,5298,4.737563
1788,Gamer,6,5194,4.5254145
1788,Gamer,7,5427,4.523025
1788,Gamer,8,5201,4.518079
1788,Gamer,9,5203,4.5122986
1788,Gamer,10,5202,4.499608
1789,Gamer,1,5306,4.7759614
1789,Gamer,2,5300,4.768016
1789,Gamer,3,5303,4.7603254
1789,Gamer,4,5302,4.750844
1789,Gamer,5,5298,4.7371693
1789,Gamer,6,5427,4.5228806
1789,Gamer,7,5195,4.494087
1789,Gamer,8,5200,4.488883
1789,Gamer,9,5219,4.475811
1789,Gamer,10,5423,4.4749737
1790,Gamer,1,5306,4.777736
1790,Gamer,2,5300,4.7698264
1790,Gamer,3,5303,4.7621045
1790,Gamer,4,5302,4.752823
1790,Gamer,5,5298,4.738745
1790,Gamer,6,5194,4.5250444
1790,Gamer,7,5427,4.5238886
1790,Gamer,8,5203,4.512031
1790,Gamer,9,5214,4.5107436
1790,Gamer,10,5197,4.508196
1792,Gamer,1,5306,4.7766857
1792,Gamer,2,5300,4.768611
1792,Gamer,3,5303,4.7611756
1792,Gamer,4,5302,4.7518554
1792,Gamer,5,5298,4.737727
1792,Gamer,6,5427,4.5224876
1792,Gamer,7,5201,4.5171337
1792,Gamer,8,5203,4.5114555
1792,Gamer,9,5202,4.4984226
1792,Gamer,10,5199,4.492486
1801,Gamer,1,5306,4.778789
1801,Gamer,2,5300,4.7711735
1801,Gamer,3,5303,4.7629757
1801,Gamer,4,5302,4.7537127
1801,Gamer,5,5298,4.739789
1801,Gamer,6,5194,4.526558
1801,Gamer,7,5427,4.525597
1801,Gamer,8,5197,4.5094805
1801,Gamer,9,5195,4.49514
1801,Gamer,10,5199,4.4945874
1806,Gamer,1,5306,4.7772803
1806,Gamer,2,5300,4.769353
1806,Gamer,3,5303,4.7615995
1806,Gamer,4,5302,4.752225
1806,Gamer,5,5298,4.738359
1806,Gamer,6,5427,4.5239286
1806,Gamer,7,5201,4.5182676
1806,Gamer,8,5203,4.5125675
1806,Gamer,9,5199,4.4937944
1806,Gamer,10,5200,4.488922
1812,Gamer,1,5306,4.775275
1812,Gamer,2,5300,4.7670455
1812,Gamer,3,5303,4.7599735
1812,Gamer,4,5302,4.750652
1812,Gamer,5,5298,4.7363605
1812,Gamer,6,5427,4.520315
1812,Gamer,7,5201,4.515855
1812,Gamer,8,5203,4.5101376
1812,Gamer,9,5197,4.5058336
1812,Gamer,10,5202,4.4968495
1816,Gamer,1,5306,4.7759066
1816,Gamer,2,5300,4.767684
1816,Gamer,3,5303,4.760538
1816,Gamer,4,5302,4.751228
1816,Gamer,5,5298,4.736957
1816,Gamer,6,5194,4.5229177
1816,Gamer,7,5427,4.521131
1816,Gamer,8,5203,4.5105567
1816,Gamer,9,5214,4.5088573
1816,Gamer,10,5202,4.497249
1820,Gamer,1,5306,4.779478
1820,Gamer,2,5300,4.771656
1820,Gamer,3,5303,4.76365
1820,Gamer,4,5302,4.754372
1820,Gamer,5,5298,4.740561
1820,Gamer,6,5427,4.526497
1820,Gamer,7,5194,4.525743
1820,Gamer,8,5201,4.51857
1820,Gamer,9,5214,4.511608
1820,Gamer,10,5199,4.4941015
1821,Gamer,1,5306,4.7767143
1821,Gamer,2,5300,4.7686257
1821,Gamer,3,5303,4.761245
1821,Gamer,4,5302,4.751963
1821,Gamer,5,5298,4.7377157
1821,Gamer,6,5427,4.522193
1821,Gamer,7,5201,4.5167956
1821,Gamer,8,5214,4.5096064
1821,Gamer,9,5197,4.5070324
1821,Gamer,10,5202,4.498081
1827,Gamer,1,5306,4.778592
1827,Gamer,2,5300,4.7709794
1827,Gamer,3,5303,4.7627487
1827,Gamer,4,5302,4.7534714
1827,Gamer,5,5298,4.7394886
1827,Gamer,6,5427,4.5253487
1827,Gamer,7,5201,4.519102
1827,Gamer,8,5203,4.513326
1827,Gamer,9,5195,4.4958286
1827,Gamer,10,5423,4.4762163
1831,Gamer,1,5306,4.7769747
1831,Gamer,2,5300,4.768767
1831,Gamer,3,5303,4.761568
1831,Gamer,4,5302,4.752328
1831,Gamer,5,5298,4.7380037
1831,Gamer,6,5427,4.5221233
1831,Gamer,7,5201,4.5160427
1831,Gamer,8,5203,4.51044
1831,Gamer,9,5214,4.5086503
1831,Gamer,10,5197,4.506042
1832,Gamer,1,5306,4.778373
1832,Gamer,2,5300,4.7704773
1832,Gamer,3,5303,4.7626505
1832,Gamer,4,5302,4.7533402
1832,Gamer,5,5298,4.7394648
1832,Gamer,6,5427,4.5250826
1832,Gamer,7,5203,4.5124836
1832,Gamer,8,5197,4.50859
1832,Gamer,9,5202,4.4995565
1832,Gamer,10,5195,4.493802
1837,Gamer,1,5306,4.778824
1837,Gamer,2,5300,4.771112
1837,Gamer,3,5303,4.7629547
1837,Gamer,4,5302,4.7536163
1837,Gamer,5,5298,4.739913
1837,Gamer,6,5427,4.526081
1837,Gamer,7,5203,4.5133133
1837,Gamer,8,5423,4.476988
1837,Gamer,9,5198,4.4759073
1837,Gamer,10,5419,4.472587
1842,Gamer,1,5306,4.7787285
1842,Gamer,2,5300,4.7708797
1842,Gamer,3,5303,4.763007
1842,Gamer,4,5302,4.753758
1842,Gamer,5,5298,4.7397194
1842,Gamer,6,5427,4.5251255
1842,Gamer,7,5201,4.5180974
1842,Gamer,8,5203,4.5124187
1842,Gamer,9,5197,4.5086184
1842,Gamer,10,5202,4.499666
1843,Gamer,1,5306,4.7764297
1843,Gamer,2,5300,4.7682137
1843,Gamer,3,5303,4.760923
1843,Gamer,4,5302,4.751533
1843,Gamer,5,5298,4.7375736
1843,Gamer,6,5194,4.523738
1843,Gamer,7,5427,4.5225677
1843,Gamer,8,5201,4.517147
1843,Gamer,9,5203,4.5115585
1843,Gamer,10,5214,4.509827
1846,Gamer,1,5306,4.779078
1846,Gamer,2,5300,4.7712936
1846,Gamer,3,5303,4.763239
1846,Gamer,4,5302,4.7539225
1846,Gamer,5,5298,4.7401905
1846,Gamer,6,5427,4.526263
1846,Gamer,7,5194,4.526042
1846,Gamer,8,5201,4.518757
1846,Gamer,9,5203,4.5130625
1846,Gamer,10,5214,4.511844
1848,Gamer,1,5306,4.7770762
1848,Gamer,2,5300,4.768965
1848,Gamer,3,5303,4.7615495
1848,Gamer,4,5302,4.7522287
1848,Gamer,5,5298,4.738182
1848,Gamer,6,5194,4.5238066
1848,Gamer,7,5427,4.523072
1848,Gamer,8,5201,4.51706
1848,Gamer,9,5203,4.5114155
1848,Gamer,10,5214,4.509795
1856,Gamer,1,5306,4.778513
1856,Gamer,2,5300,4.7707863
1856,Gamer,3,5303,4.7627277
1856,Gamer,4,5302,4.7534356
1856,Gamer,5,5298,4.7395325
1856,Gamer,6,5427,4.5252934
1856,Gamer,7,5201,4.5186167
1856,Gamer,8,5214,4.5118127
1856,Gamer,9,5197,4.5092926
1856,Gamer,10,5202,4.5003986
1857,Gamer,1,5306,4.7789526
1857,Gamer,2,5300,4.7712097
1857,Gamer,3,5303,4.763092
1857,Gamer,4,5302,4.75377
1857,Gamer,5,5298,4.7400126
1857,Gamer,6,5194,4.526511
1857,Gamer,7,5427,4.526117
1857,Gamer,8,5203,4.5132985
1857,Gamer,9,5197,4.5096827
1857,Gamer,10,5200,4.4898415
1864,Gamer,1,5306,4.7770014
1864,Gamer,2,5300,4.7691298
1864,Gamer,3,5303,4.76134
1864,Gamer,4,5302,4.751973
1864,Gamer,5,5298,4.738058
1864,Gamer,6,5194,4.525687
1864,Gamer,7,5427,4.5235195
1864,Gamer,8,5197,4.508772
1864,Gamer,9,5202,4.4998674
1864,Gamer,10,5195,4.494293
1865,Gamer,1,5306,4.7770615
1865,Gamer,2,5300,4.769052
1865,Gamer,3,5303,4.7615066
1865,Gamer,4,5302,4.7521763
1865,Gamer,5,5298,4.738207
1865,Gamer,6,5427,4.5232935
1865,Gamer,7,5201,4.5172806
1865,Gamer,8,5203,4.5115433
1865,Gamer,9,5214,4.5100822
1865,Gamer,10,5197,4.5074883
1872,Gamer,1,5306,4.778963
1872,Gamer,2,5300,4.771042
1872,Gamer,3,5303,4.7632523
1872,Gamer,4,5302,4.753992
1872,Gamer,5,5298,4.7400723
1872,Gamer,6,5427,4.525581
1872,Gamer,7,5194,4.524735
1872,Gamer,8,5201,4.5178256
1872,Gamer,9,5203,4.51217
1872,Gamer,10,5214,4.510699
1879,Gamer,1,5306,4.7767572
1879,Gamer,2,5300,4.768649
1879,Gamer,3,5303,4.761304
1879,Gamer,4,5302,4.752034
1879,Gamer,5,5298,4.7377625
1879,Gamer,6,5194,4.5235596
1879,Gamer,7,5427,4.522149
1879,Gamer,8,5201,4.5166264
1879,Gamer,9,5214,4.509399
1879,Gamer,10,5197,4.506817
1880,Gamer,1,5306,4.777948
1880,Gamer,2,5300,4.769997
1880,Gamer,3,5303,4.762254
1880,Gamer,4,5302,4.752906
1880,Gamer,5,5298,4.7391024
1880,Gamer,6,5427,4.524746
1880,Gamer,7,5201,4.518049
1880,Gamer,8,5203,4.512368
1880,Gamer,9,5197,4.5083823
1880,Gamer,10,5202,4.499299
1882,Gamer,1,5306,4.7799873
1882,Gamer,2,5300,4.7723966
1882,Gamer,3,5303,4.764044
1882,Gamer,4,5302,4.7547836
1882,Gamer,5,5298,4.7410235
1882,Gamer,6,5427,4.5272818
1882,Gamer,7,5194,4.5269365
1882,Gamer,8,5201,4.5192204
1882,Gamer,9,5202,4.5010805
1882,Gamer,10,5199,4.49507
1896,Gamer,1,5306,4.7780657
1896,Gamer,2,5300,4.770314
1896,Gamer,3,5303,4.76228
1896,Gamer,4,5302,4.7529426
1896,Gamer,5,5298,4.7391005
1896,Gamer,6,5194,4.526415
1896,Gamer,7,5427,4.524952
1896,Gamer,8,5203,4.5130143
1896,Gamer,9,5197,4.5094695
1896,Gamer,10,5202,4.5005717
1898,Gamer,1,5306,4.7771497
1898,Gamer,2,5300,4.7690816
1898,Gamer,3,5303,4.761613
1898,Gamer,4,5302,4.7523108
1898,Gamer,5,5298,4.738201
1898,Gamer,6,5427,4.523033
1898,Gamer,7,5197,4.5073996
1898,Gamer,8,5202,4.498388
1898,Gamer,9,5195,4.492684
1898,Gamer,10,5199,4.492481
1900,Gamer,1,5306,4.7757273
1900,Gamer,2,5300,4.76746
1900,Gamer,3,5303,4.760435
1900,Gamer,4,5302,4.7511563
1900,Gamer,5,5298,4.7367945
1900,Gamer,6,5194,4.5220785
1900,Gamer,7,5427,4.520586
1900,Gamer,8,5201,4.515545
1900,Gamer,9,5203,4.5098767
1900,Gamer,10,5214,4.5080767
1916,Gamer,1,5306,4.779641
1916,Gamer,2,5300,4.771916
1916,Gamer,3,5303,4.7638326
1916,Gamer,4,5302,4.754631
1916,Gamer,5,5298,4.7405887
1916,Gamer,6,5427,4.526209
1916,Gamer,7,5194,4.5260286
1916,Gamer,8,5201,4.5184684
1916,Gamer,9,5214,4.5116463
1916,Gamer,10,5423,4.4758377
1917,Gamer,1,5306,4.77471
1917,Gamer,2,5300,4.766402
1917,Gamer,3,5303,4.75949
1917,Gamer,4,5302,4.7501745
1917,Gamer,5,5298,4.735759
1917,Gamer,6,5194,4.522005
1917,Gamer,7,5427,4.5193124
1917,Gamer,8,5201,4.5153713
1917,Gamer,9,5203,4.5096765
1917,Gamer,10,5214,4.5079155
1921,Gamer,1,5306,4.7767754
1921,Gamer,2,5300,4.7686954
1921,Gamer,3,5303,4.761289
1921,Gamer,4,5302,4.751991
1921,Gamer,5,5298,4.737834
1921,Gamer,6,5194,4.5237985
1921,Gamer,7,5427,4.522486
1921,Gamer,8,5201,4.516879
1921,Gamer,9,5203,4.511188
1921,Gamer,10,5214,4.5096602
1922,Gamer,1,5306,4.7765756
1922,Gamer,2,5300,4.768655
1922,Gamer,3,5303,4.760961
1922,Gamer,4,5302,4.7515817
1922,Gamer,5,5298,4.7376394
1922,Gamer,6,5194,4.5254254
1922,Gamer,7,5427,4.52297
1922,Gamer,8,5214,4.5110626
1922,Gamer,9,5197,4.5085244
1922,Gamer,10,5195,4.4940476
1929,Gamer,1,5306,4.7768145
1929,Gamer,2,5300,4.768571
1929,Gamer,3,5303,4.761406
1929,Gamer,4,5302,4.7521276
1929,Gamer,5,5298,4.7379193
1929,Gamer,6,5194,4.5224776
1929,Gamer,7,5427,4.5222116
1929,Gamer,8,5201,4.516076
1929,Gamer,9,5214,4.5086126
1929,Gamer,10,5197,4.5059905
1937,Gamer,1,5306,4.7776184
1937,Gamer,2,5300,4.769869
1937,Gamer,3,5303,4.761865
1937,Gamer,4,5302,4.752515
1937,Gamer,5,5298,4.7386527
1937,Gamer,6,5194,4.5263853
1937,Gamer,7,5427,4.52441
1937,Gamer,8,5201,4.5186768
1937,Gamer,9,5214,4.511897
1937,Gamer,10,5197,4.509385
1945,Gamer,1,5306,4.7770696
1945,Gamer,2,5300,4.7690735
1945,Gamer,3,5303,4.761479
1945,Gamer,4,5302,4.7521253
1945,Gamer,5,5298,4.738217
1945,Gamer,6,5194,4.5245333
1945,Gamer,7,5427,4.5234776
1945,Gamer,8,5201,4.5175657
1945,Gamer,9,5197,4.5078316
1945,Gamer,10,5195,4.493086
1947,Gamer,1,5306,4.7784657
1947,Gamer,2,5300,4.770564
1947,Gamer,3,5303,4.76281
1947,Gamer,4,5302,4.7535696
1947,Gamer,5,5298,4.7394924
1947,Gamer,6,5194,4.5247855
1947,Gamer,7,5427,4.524658
1947,Gamer,8,5201,4.5176325
1947,Gamer,9,5203,4.51194
1947,Gamer,10,5214,4.5105767
1957,Gamer,1,5306,4.7785892
1957,Gamer,2,5300,4.770732
1957,Gamer,3,5303,4.7628818
1957,Gamer,4,5302,4.7536077
1957,Gamer,5,5298,4.739688
1957,Gamer,6,5427,4.5251884
1957,Gamer,7,5194,4.5250726
1957,Gamer,8,5201,4.51794
1957,Gamer,9,5199,4.493398
1957,Gamer,10,5200,4.48842
1961,Gamer,1,5306,4.7773604
1961,Gamer,2,5300,4.769246
1961,Gamer,3,5303,4.7618294
1961,Gamer,4,5302,4.752533
1961,Gamer,5,5298,4.7384505
1961,Gamer,6,5194,4.52369
1961,Gamer,7,5427,4.5232844
1961,Gamer,8,5201,4.516977
1961,Gamer,9,5203,4.511351
1961,Gamer,10,5199,4.492179
1966,Gamer,1,5306,4.7770033
1966,Gamer,2,5300,4.768835
1966,Gamer,3,5303,4.7615185
1966,Gamer,4,5302,4.7522125
1966,Gamer,5,5298,4.738112
1966,Gamer,6,5194,4.523307
1966,Gamer,7,5427,4.522803
1966,Gamer,8,5201,4.5167108
1966,Gamer,9,5203,4.51109
1966,Gamer,10,5214,4.509365
1973,Gamer,1,5306,4.7778454
1973,Gamer,2,5300,4.7698307
1973,Gamer,3,5303,4.762208
1973,Gamer,4,5302,4.752884
1973,Gamer,5,5298,4.738978
1973,Gamer,6,5194,4.5244923
1973,Gamer,7,5427,4.5243354
1973,Gamer,8,5201,4.5176506
1973,Gamer,9,5203,4.5119977
1973,Gamer,10,5202,4.4988036
1974,Gamer,1,5306,4.7763987
1974,Gamer,2,5300,4.768122
1974,Gamer,3,5303,4.761031
1974,Gamer,4,5302,4.751751
1974,Gamer,5,5298,4.737462
1974,Gamer,6,5194,4.5223765
1974,Gamer,7,5427,4.5215373
1974,Gamer,8,5203,4.5103254
1974,Gamer,9,5197,4.5058484
1974,Gamer,10,5202,4.4967656
1975,Gamer,1,5306,4.777482
1975,Gamer,2,5300,4.769591
1975,Gamer,3,5303,4.7618036
1975,Gamer,4,5302,4.7524424
1975,Gamer,5,5298,4.7386274
1975,Gamer,6,5427,4.5242286
1975,Gamer,7,5201,4.518093
1975,Gamer,8,5203,4.512338
1975,Gamer,9,5197,4.5085034
1975,Gamer,10,5200,4.4886293
1976,Gamer,1,5306,4.777508
1976,Gamer,2,5300,4.7698097
1976,Gamer,3,5303,4.7617197
1976,Gamer,4,5302,4.75234
1976,Gamer,5,5298,4.738573
1976,Gamer,6,5427,4.5245047
1976,Gamer,7,5203,4.513079
1976,Gamer,8,5197,4.5096655
1976,Gamer,9,5202,4.5008125
1976,Gamer,10,5195,4.4952936
1978,Gamer,1,5306,4.7767625
1978,Gamer,2,5300,4.7689133
1978,Gamer,3,5303,4.7611017
1978,Gamer,4,5302,4.751717
1978,Gamer,5,5298,4.737842
1978,Gamer,6,5427,4.523363
1978,Gamer,7,5203,4.5124693
1978,Gamer,8,5197,4.5088363
1978,Gamer,9,5202,4.4999447
1978,Gamer,10,5199,4.49389
1979,Gamer,1,5306,4.776538
1979,Gamer,2,5300,4.7683487
1979,Gamer,3,5303,4.7611394
1979,Gamer,4,5302,4.751862
1979,Gamer,5,5298,4.7376127
1979,Gamer,6,5427,4.5218534
1979,Gamer,7,5201,4.516161
1979,Gamer,8,5203,4.510505
1979,Gamer,9,5214,4.508778
1979,Gamer,10,5197,4.5061636
1980,Gamer,1,5306,4.777266
1980,Gamer,2,5300,4.7690377
1980,Gamer,3,5303,4.761817
1980,Gamer,4,5302,4.7525425
1980,Gamer,5,5298,4.7384024
1980,Gamer,6,5427,4.522928
1980,Gamer,7,5194,4.522557
1980,Gamer,8,5201,4.516242
1980,Gamer,9,5203,4.5106544
1980,Gamer,10,5214,4.508763
1982,Gamer,1,5306,4.7795877
1982,Gamer,2,5300,4.771898
1982,Gamer,3,5303,4.7636886
1982,Gamer,4,5302,4.7544026
1982,Gamer,5,5298,4.7406445
1982,Gamer,6,5427,4.526821
1982,Gamer,7,5194,4.5265794
1982,Gamer,8,5195,4.495047
1982,Gamer,9,5200,4.4899006
1982,Gamer,10,5423,4.4772396
1987,Gamer,1,5306,4.779772
1987,Gamer,2,5300,4.7721357
1987,Gamer,3,5303,4.7638683
1987,Gamer,4,5302,4.754608
1987,Gamer,5,5298,4.740817
1987,Gamer,6,5427,4.5269527
1987,Gamer,7,5201,4.5190134
1987,Gamer,8,5203,4.5132713
1987,Gamer,9,5200,4.4899693
1987,Gamer,10,5219,4.476928
1989,Gamer,1,5306,4.77546
1989,Gamer,2,5300,4.767053
1989,Gamer,3,5303,4.7602167
1989,Gamer,4,5302,4.750905
1989,Gamer,5,5298,4.7366195
1989,Gamer,6,5194,4.5211816
1989,Gamer,7,5427,4.520379
1989,Gamer,8,5201,4.515113
1989,Gamer,9,5203,4.5095115
1989,Gamer,10,5197,4.504781
1994,Gamer,1,5306,4.7778616
1994,Gamer,2,5300,4.769837
1994,Gamer,3,5303,4.7622175
1994,Gamer,4,5302,4.7528973
1994,Gamer,5,5298,4.738949
1994,Gamer,6,5427,4.5242853
1994,Gamer,7,5201,4.5177474
1994,Gamer,8,5214,4.510609
1994,Gamer,9,5197,4.508051
1994,Gamer,10,5195,4.493179
100,Office Worker,1,5306,4.755854
100,Office Worker,2,5300,4.745735
100,Office Worker,3,5303,4.742898
100,Office Worker,4,5302,4.733477
100,Office Worker,5,5298,4.71684
100,Office Worker,6,5194,4.5026336
100,Office Worker,7,5201,4.4981465
100,Office Worker,8,5101,4.496195
100,Office Worker,9,5052,4.49537
100,Office Worker,10,5203,4.4924974
101,Office Worker,1,5306,4.752561
101,Office Worker,2,5303,4.7398605
101,Office Worker,3,5302,4.730277
101,Office Worker,4,5298,4.7137
101,Office Worker,5,5305,4.7113967
101,Office Worker,6,5194,4.5017724
101,Office Worker,7,5201,4.4974093
101,Office Worker,8,5052,4.4921885
101,Office Worker,9,5101,4.49212
101,Office Worker,10,5203,4.4916315
102,Office Worker,1,5306,4.7491837
102,Office Worker,2,5300,4.738741
102,Office Worker,3,5303,4.736781
102,Office Worker,4,5302,4.72711
102,Office Worker,5,5298,4.7103353
102,Office Worker,6,5194,4.500484
102,Office Worker,7,5201,4.4959855
102,Office Worker,8,5203,4.490094
102,Office Worker,9,5052,4.489786
102,Office Worker,10,5101,4.489543
103,Office Worker,1,5306,4.752161
103,Office Worker,2,5300,4.7418046
103,Office Worker,3,5303,4.7395372
103,Office Worker,4,5302,4.729975
103,Office Worker,5,5298,4.713331
103,Office Worker,6,5194,4.5005865
103,Office Worker,7,5201,4.4964867
103,Office Worker,8,5052,4.491404
103,Office Worker,9,5101,4.4909534
103,Office Worker,10,5203,4.4907203
104,Office Worker,1,5300,4.7458396
104,Office Worker,2,5303,4.7429504
104,Office Worker,3,5302,4.733511
104,Office Worker,4,5298,4.7169805
104,Office Worker,5,5304,4.7160997
104,Office Worker,6,5194,4.5028934
104,Office Worker,7,5201,4.4984736
104,Office Worker,8,5203,4.49276
104,Office Worker,9,5101,4.491967
104,Office Worker,10,5052,4.491838
105,Office Worker,1,5300,4.7456465
105,Office Worker,2,5298,4.7167654
105,Office Worker,3,5304,4.7159405
105,Office Worker,4,5305,4.7144847
105,Office Worker,5,5301,4.6973906
105,Office Worker,6,5194,4.502182
105,Office Worker,7,5201,4.4977655
105,Office Worker,8,5101,4.494405
105,Office Worker,9,5052,4.4941063
105,Office Worker,10,5203,4.492075
106,Office Worker,1,5306,4.7571564
106,Office Worker,2,5300,4.747106
106,Office Worker,3,5303,4.7441406
106,Office Worker,4,5302,4.7348194
106,Office Worker,5,5304,4.717246
106,Office Worker,6,5194,4.502227
106,Office Worker,7,5201,4.4978437
106,Office Worker,8,5101,4.494974
106,Office Worker,9,5052,4.4944286
106,Office Worker,10,5203,4.4922104
107,Office Worker,1,5306,4.7566543
107,Office Worker,2,5300,4.7465878
107,Office Worker,3,5303,4.743678
107,Office Worker,4,5302,4.7343483
107,Office Worker,5,5298,4.7175837
107,Office Worker,6,5194,4.5021806
107,Office Worker,7,5201,4.497694
107,Office Worker,8,5101,4.4948025
107,Office Worker,9,5052,4.4940577
107,Office Worker,10,5203,4.492048
108,Office Worker,1,5306,4.755423
108,Office Worker,2,5302,4.7330017
108,Office Worker,3,5305,4.714132
108,Office Worker,4,5301,4.697107
108,Office Worker,5,5297,4.658203
108,Office Worker,6,5194,4.503475
108,Office Worker,7,5201,4.4987526
108,Office Worker,8,5101,4.493738
108,Office Worker,9,5203,4.493041
108,Office Worker,10,5052,4.492859
109,Office Worker,1,5306,4.75068
109,Office Worker,2,5300,4.7402835
109,Office Worker,3,5302,4.728481
109,Office Worker,4,5298,4.7118964
109,Office Worker,5,5304,4.7113614
109,Office Worker,6,5194,4.5009384
109,Office Worker,7,5201,4.4966826
109,Office Worker,8,5052,4.491632
109,Office Worker,9,5101,4.4910727
109,Office Worker,10,5203,4.490844
110,Office Worker,1,5306,4.7517934
110,Office Worker,2,5300,4.7415323
110,Office Worker,3,5303,4.73913
110,Office Worker,4,5302,4.7295012
110,Office Worker,5,5298,4.7129436
110,Office Worker,6,5194,4.5023255
110,Office Worker,7,5201,4.497747
110,Office Worker,8,5203,4.4918847
110,Office Worker,9,5052,4.4891696
110,Office Worker,10,5101,4.488964
111,Office Worker,1,5306,4.7521386
111,Office Worker,2,5300,4.741833
111,Office Worker,3,5303,4.739505
111,Office Worker,4,5298,4.7132616
111,Office Worker,5,5305,4.7109857
111,Office Worker,6,5194,4.5010657
111,Office Worker,7,5201,4.4967194
111,Office Worker,8,5052,4.491576
111,Office Worker,9,5101,4.4913034
111,Office Worker,10,5203,4.490917
112,Office Worker,1,5306,4.7540565
112,Office Worker,2,5300,4.743864
112,Office Worker,3,5302,4.7318144
112,Office Worker,4,5298,4.7151146
112,Office Worker,5,5304,4.7143993
112,Office Worker,6,5194,4.5015326
112,Office Worker,7,5201,4.497143
112,Office Worker,8,5052,4.4924526
112,Office Worker,9,5101,4.4923735
112,Office Worker,10,5203,4.4913864
113,Office Worker,1,5306,4.756617
113,Office Worker,2,5300,4.746538
113,Office Worker,3,5303,4.7436132
113,Office Worker,4,5302,4.734236
113,Office Worker,5,5304,4.716703
113,Office Worker,6,5194,4.5026093
113,Office Worker,7,5201,4.4981656
113,Office Worker,8,5101,4.4960794
113,Office Worker,9,5052,4.495352
113,Office Worker,10,5203,4.4925303
114,Office Worker,1,5306,4.752805
114,Office Worker,2,5303,4.7400794
114,Office Worker,3,5302,4.7305
114,Office Worker,4,5298,4.7139606
114,Office Worker,5,5304,4.7132487
114,Office Worker,6,5194,4.502044
114,Office Worker,7,5201,4.497649
114,Office Worker,8,5203,4.491838
114,Office Worker,9,5052,4.4910855
114,Office Worker,10,5101,4.4907455
115,Office Worker,1,5306,4.7571197
115,Office Worker,2,5303,4.744063
115,Office Worker,3,5302,4.7346954
115,Office Worker,4,5298,4.71809
115,Office Worker,5,5304,4.7171216
115,Office Worker,6,5194,4.503132
115,Office Worker,7,5201,4.4985847
115,Office Worker,8,5101,4.496182
115,Office Worker,9,5052,4.4955616
115,Office Worker,10,5203,4.4929247
116,Office Worker,1,5306,4.752994
116,Office Worker,2,5303,4.7402678
116,Office Worker,3,5302,4.730739
116,Office Worker,4,5298,4.7140517
116,Office Worker,5,5304,4.7132835
116,Office Worker,6,5194,4.5020566
116,Office Worker,7,5201,4.497418
116,Office Worker,8,5101,4.4928207
116,Office Worker,9,5052,4.492797
116,Office Worker,10,5203,4.4915996
117,Office Worker,1,5306,4.758419
117,Office Worker,2,5300,4.7484074
117,Office Worker,3,5303,4.7452917
117,Office Worker,4,5298,4.7193685
117,Office Worker,5,5304,4.71844
117,Office Worker,6,5194,4.5026655
117,Office Worker,7,5201,4.4983597
117,Office Worker,8,5101,4.496844
117,Office Worker,9,5052,4.496025
117,Office Worker,10,5203,4.492795
118,Office Worker,1,5300,4.7476335
118,Office Worker,2,5303,4.7447367
118,Office Worker,3,5302,4.7354984
118,Office Worker,4,5298,4.7186847
118,Office Worker,5,5304,4.717967
118,Office Worker,6,5194,4.500903
118,Office Worker,7,5201,4.4968715
118,Office Worker,8,5101,4.493139
118,Office Worker,9,5052,4.4926996
118,Office Worker,10,5203,4.491309
119,Office Worker,1,5306,4.75589
119,Office Worker,2,5300,4.745799
119,Office Worker,3,5303,4.742934
119,Office Worker,4,5298,4.7169046
119,Office Worker,5,5304,4.7160277
119,Office Worker,6,5194,4.5026307
119,Office Worker,7,5201,4.4981546
119,Office Worker,8,5101,4.495411
119,Office Worker,9,5052,4.4950213
119,Office Worker,10,5203,4.492465
120,Office Worker,1,5306,4.753963
120,Office Worker,2,5300,4.7437057
120,Office Worker,3,5303,4.7411733
120,Office Worker,4,5302,4.731676
120,Office Worker,5,5298,4.715037
120,Office Worker,6,5194,4.5015955
120,Office Worker,7,5201,4.4973245
120,Office Worker,8,5101,4.4939227
120,Office Worker,9,5052,4.493581
120,Office Worker,10,5203,4.491637
121,Office Worker,1,5306,4.753171
121,Office Worker,2,5300,4.7429476
121,Office Worker,3,5303,4.740438
121,Office Worker,4,5302,4.7309055
121,Office Worker,5,5298,4.714279
121,Office Worker,6,5194,4.501745
121,Office Worker,7,5201,4.497319
121,Office Worker,8,5052,4.4928
121,Office Worker,9,5101,4.492548
121,Office Worker,10,5203,4.491523
122,Office Worker,1,5306,4.7555375
122,Office Worker,2,5300,4.7453814
122,Office Worker,3,5298,4.7166286
122,Office Worker,4,5305,4.7142963
122,Office Worker,5,5301,4.697186
122,Office Worker,6,5194,4.5017085
122,Office Worker,7,5201,4.4975514
122,Office Worker,8,5052,4.493755
122,Office Worker,9,5101,4.49356
122,Office Worker,10,5203,4.4918637
123,Office Worker,1,5306,4.75337
123,Office Worker,2,5300,4.7431774
123,Office Worker,3,5303,4.7405915
123,Office Worker,4,5302,4.7310514
123,Office Worker,5,5298,4.714427
123,Office Worker,6,5194,4.5024977
123,Office Worker,7,5201,4.497863
123,Office Worker,8,5101,4.493801
123,Office Worker,9,5052,4.493492
123,Office Worker,10,5203,4.492081
124,Office Worker,1,5306,4.7504272
124,Office Worker,2,5300,4.740202
124,Office Worker,3,5303,4.7379036
124,Office Worker,4,5302,4.728278
124,Office Worker,5,5298,4.711562
124,Office Worker,6,5194,4.501729
124,Office Worker,7,5201,4.496889
124,Office Worker,8,5203,4.490874
124,Office Worker,9,5052,4.489523
124,Office Worker,10,5101,4.4885798
125,Office Worker,1,5306,4.7534313
125,Office Worker,2,5300,4.7432566
125,Office Worker,3,5303,4.7406654
125,Office Worker,4,5302,4.7311563
125,Office Worker,5,5304,4.7136455
125,Office Worker,6,5194,4.5022893
125,Office Worker,7,5201,4.497597
125,Office Worker,8,5101,4.4936433
125,Office Worker,9,5052,4.4933243
125,Office Worker,10,5203,4.4918056
126,Office Worker,1,5306,4.756554
126,Office Worker,2,5300,4.7464414
126,Office Worker,3,5302,4.734292
126,Office Worker,4,5298,4.717494
126,Office Worker,5,5304,4.716713
126,Office Worker,6,5194,4.501568
126,Office Worker,7,5201,4.4972467
126,Office Worker,8,5101,4.4940004
126,Office Worker,9,5052,4.493312
126,Office Worker,10,5203,4.4916277
127,Office Worker,1,5306,4.756069
127,Office Worker,2,5300,4.746
127,Office Worker,3,5303,4.7431097
127,Office Worker,4,5302,4.733717
127,Office Worker,5,5304,4.7161613
127,Office Worker,6,5194,4.502591
127,Office Worker,7,5201,4.498053
127,Office Worker,8,5101,4.495161
127,Office Worker,9,5052,4.494686
127,Office Worker,10,5203,4.492361
128,Office Worker,1,5306,4.750005
128,Office Worker,2,5300,4.7396946
128,Office Worker,3,5302,4.727744
128,Office Worker,4,5298,4.7111526
128,Office Worker,5,5305,4.7088585
128,Office Worker,6,5194,4.5025744
128,Office Worker,7,5201,4.4977326
128,Office Worker,8,5203,4.491801
128,Office Worker,9,5101,4.488652
128,Office Worker,10,5052,4.4886293
129,Office Worker,1,5306,4.755125
129,Office Worker,2,5300,4.7449903
129,Office Worker,3,5303,4.7422395
129,Office Worker,4,5302,4.7327995
129,Office Worker,5,5298,4.7161508
129,Office Worker,6,5194,4.50224
129,Office Worker,7,5201,4.4977813
129,Office Worker,8,5101,4.494423
129,Office Worker,9,5052,4.49413
129,Office Worker,10,5203,4.49207
130,Office Worker,1,5306,4.7522526
130,Office Worker,2,5300,4.7419996
130,Office Worker,3,5303,4.739578
130,Office Worker,4,5302,4.730013
130,Office Worker,5,5298,4.7133083
130,Office Worker,6,5194,4.5019546
130,Office Worker,7,5201,4.497297
130,Office Worker,8,5101,4.493045
130,Office Worker,9,5052,4.492755
130,Office Worker,10,5203,4.491487
131,Office Worker,1,5306,4.757909
131,Office Worker,2,5300,4.7478585
131,Office Worker,3,5302,4.735573
131,Office Worker,4,5298,4.718848
131,Office Worker,5,5304,4.7179985
131,Office Worker,6,5194,4.5019984
131,Office Worker,7,5201,4.4977407
131,Office Worker,8,5101,4.495297
131,Office Worker,9,5052,4.4945693
131,Office Worker,10,5203,4.4921656
132,Office Worker,1,5306,4.7508125
132,Office Worker,2,5300,4.7405047
132,Office Worker,3,5303,4.7382708
132,Office Worker,4,5298,4.7118855
132,Office Worker,5,5304,4.711239
132,Office Worker,6,5194,4.501316
132,Office Worker,7,5201,4.4966187
132,Office Worker,8,5052,4.490869
132,Office Worker,9,5101,4.490852
132,Office Worker,10,5203,4.490739
133,Office Worker,1,5306,4.752165
133,Office Worker,2,5300,4.7418184
133,Office Worker,3,5298,4.71334
133,Office Worker,4,5304,4.712816
133,Office Worker,5,5305,4.7110376
133,Office Worker,6,5194,4.500539
133,Office Worker,7,5201,4.496439
133,Office Worker,8,5052,4.491166
133,Office Worker,9,5203,4.4906588
133,Office Worker,10,5101,4.4905815
134,Office Worker,1,5306,4.7527905
134,Office Worker,2,5300,4.7425423
134,Office Worker,3,5302,4.7305717
134,Office Worker,4,5298,4.713809
134,Office Worker,5,5304,4.713086
134,Office Worker,6,5194,4.5017233
134,Office Worker,7,5201,4.497113
134,Office Worker,8,5101,4.493025
134,Office Worker,9,5052,4.492533
134,Office Worker,10,5203,4.491343
135,Office Worker,1,5306,4.753404
135,Office Worker,2,5300,4.743141
135,Office Worker,3,5303,4.7406697
135,Office Worker,4,5298,4.714529
135,Office Worker,5,5304,4.7138853
135,Office Worker,6,5194,4.501275
135,Office Worker,7,5201,4.4970527
135,Office Worker,8,5052,4.4925537
135,Office Worker,9,5101,4.4922957
135,Office Worker,10,5203,4.491304
136,Office Worker,1,5306,4.757802
136,Office Worker,2,5300,4.747842
136,Office Worker,3,5303,4.7447042
136,Office Worker,4,5302,4.7353907
136,Office Worker,5,5304,4.7177014
136,Office Worker,6,5194,4.503222
136,Office Worker,7,5201,4.498581
136,Office Worker,8,5101,4.496692
136,Office Worker,9,5052,4.495877
136,Office Worker,10,5203,4.4929323
137,Office Worker,1,5306,4.755803
137,Office Worker,2,5300,4.74572
137,Office Worker,3,5303,4.7428803
137,Office Worker,4,5302,4.733495
137,Office Worker,5,5298,4.7167845
137,Office Worker,6,5194,4.502247
137,Office Worker,7,5201,4.497731
137,Office Worker,8,5101,4.494185
137,Office Worker,9,5052,4.493836
137,Office Worker,10,5203,4.4920244
138,Office Worker,1,5306,4.7504106
138,Office Worker,2,5300,4.740073
138,Office Worker,3,5303,4.7379117
138,Office Worker,4,5302,4.7283006
138,Office Worker,5,5304,4.7109375
138,Office Worker,6,5194,4.5009346
138,Office Worker,7,5201,4.496343
138,Office Worker,8,5203,4.4904437
138,Office Worker,9,5052,4.490211
138,Office Worker,10,5101,4.4898586
139,Office Worker,1,5306,4.756813
139,Office Worker,2,5300,4.746758
139,Office Worker,3,5303,4.743805
139,Office Worker,4,5302,4.7344675
139,Office Worker,5,5304,4.716796
139,Office Worker,6,5194,4.5026197
139,Office Worker,7,5201,4.498033
139,Office Worker,8,5101,4.496113
139,Office Worker,9,5052,4.4949903
139,Office Worker,10,5203,4.492407
140,Office Worker,1,5306,4.7565193
140,Office Worker,2,5300,4.7464676
140,Office Worker,3,5303,4.7435164
140,Office Worker,4,5302,4.734131
140,Office Worker,5,5298,4.7174954
140,Office Worker,6,5194,4.5028358
140,Office Worker,7,5201,4.4983006
140,Office Worker,8,5101,4.495982
140,Office Worker,9,5052,4.495372
140,Office Worker,10,5203,4.4926314
141,Office Worker,1,5306,4.755831
141,Office Worker,2,5300,4.745745
141,Office Worker,3,5303,4.7429247
141,Office Worker,4,5298,4.7167535
141,Office Worker,5,5304,4.715914
141,Office Worker,6,5194,4.501994
141,Office Worker,7,5201,4.497412
141,Office Worker,8,5101,4.493822
141,Office Worker,9,5052,4.4931507
141,Office Worker,10,5203,4.491721
142,Office Worker,1,5306,4.754361
142,Office Worker,2,5300,4.744184
142,Office Worker,3,5303,4.74156
142,Office Worker,4,5302,4.732122
142,Office Worker,5,5298,4.715378
142,Office Worker,6,5194,4.501619
142,Office Worker,7,5201,4.497167
142,Office Worker,8,5101,4.4928093
142,Office Worker,9,5052,4.49261
142,Office Worker,10,5203,4.491431
143,Office Worker,1,5306,4.755261
143,Office Worker,2,5300,4.7450805
143,Office Worker,3,5303,4.7423997
143,Office Worker,4,5302,4.733016
143,Office Worker,5,5298,4.7162156
143,Office Worker,6,5194,4.501539
143,Office Worker,7,5201,4.497145
143,Office Worker,8,5101,4.493966
143,Office Worker,9,5052,4.493143
143,Office Worker,10,5203,4.491501
144,Office Worker,1,5306,4.7534547
144,Office Worker,2,5300,4.7432647
144,Office Worker,3,5303,4.740707
144,Office Worker,4,5302,4.7312245
144,Office Worker,5,5304,4.7136917
144,Office Worker,6,5194,4.501891
144,Office Worker,7,5201,4.4972467
144,Office Worker,8,5101,4.492943
144,Office Worker,9,5052,4.4925833
144,Office Worker,10,5203,4.4914684
145,Office Worker,1,5306,4.753955
145,Office Worker,2,5300,4.7437577
145,Office Worker,3,5303,4.7411976
145,Office Worker,4,5298,4.7150145
145,Office Worker,5,5304,4.714329
145,Office Worker,6,5194,4.5012546
145,Office Worker,7,5201,4.496894
145,Office Worker,8,5052,4.491827
145,Office Worker,9,5101,4.4916124
145,Office Worker,10,5203,4.491128
146,Office Worker,1,5306,4.7534504
146,Office Worker,2,5300,4.7432375
146,Office Worker,3,5303,4.740734
146,Office Worker,4,5302,4.731285
146,Office Worker,5,5298,4.714448
146,Office Worker,6,5194,4.5012403
146,Office Worker,7,5201,4.4967084
146,Office Worker,8,5101,4.491653
146,Office Worker,9,5052,4.4914093
146,Office Worker,10,5203,4.49094
147,Office Worker,1,5306,4.7567663
147,Office Worker,2,5300,4.746683
147,Office Worker,3,5303,4.743782
147,Office Worker,4,5302,4.7344413
147,Office Worker,5,5304,4.716919
147,Office Worker,6,5194,4.5020256
147,Office Worker,7,5201,4.497703
147,Office Worker,8,5101,4.4946327
147,Office Worker,9,5052,4.4941874
147,Office Worker,10,5203,4.492066
148,Office Worker,1,5306,4.7542157
148,Office Worker,2,5300,4.7440605
148,Office Worker,3,5303,4.741371
148,Office Worker,4,5304,4.714432
148,Office Worker,5,5305,4.7129707
148,Office Worker,6,5194,4.502695
148,Office Worker,7,5201,4.4981194
148,Office Worker,8,5101,4.492941
148,Office Worker,9,5052,4.492645
148,Office Worker,10,5203,4.492362
149,Office Worker,1,5306,4.759388
149,Office Worker,2,5300,4.7494383
149,Office Worker,3,5303,4.746188
149,Office Worker,4,5302,4.7369404
149,Office Worker,5,5298,4.7203197
149,Office Worker,6,5194,4.502926
149,Office Worker,7,5201,4.4986057
149,Office Worker,8,5101,4.497309
149,Office Worker,9,5052,4.4965005
149,Office Worker,10,5203,4.493055
150,Office Worker,1,5306,4.7562
150,Office Worker,2,5300,4.746097
150,Office Worker,3,5303,4.743251
150,Office Worker,4,5298,4.7172318
150,Office Worker,5,5304,4.7164264
150,Office Worker,6,5194,4.5020156
150,Office Worker,7,5201,4.4977274
150,Office Worker,8,5101,4.4941874
150,Office Worker,9,5052,4.494084
150,Office Worker,10,5203,4.492053
151,Office Worker,1,5300,4.740097
151,Office Worker,2,5303,4.73787
151,Office Worker,3,5305,4.709279
151,Office Worker,4,5301,4.691753
151,Office Worker,5,5299,4.674498
151,Office Worker,6,5194,4.501934
151,Office Worker,7,5201,4.49728
151,Office Worker,8,5203,4.491374
151,Office Worker,9,5052,4.4889064
151,Office Worker,10,5101,4.4886804
152,Office Worker,1,5300,4.7491317
152,Office Worker,2,5303,4.7459264
152,Office Worker,3,5302,4.736679
152,Office Worker,4,5298,4.720025
152,Office Worker,5,5304,4.7190685
152,Office Worker,6,5194,4.5026917
152,Office Worker,7,5201,4.498373
152,Office Worker,8,5101,4.4965973
152,Office Worker,9,5052,4.495878
152,Office Worker,10,5203,4.4928074
153,Office Worker,1,5306,4.7552323
153,Office Worker,2,5300,4.74514
153,Office Worker,3,5303,4.7423377
153,Office Worker,4,5302,4.7329082
153,Office Worker,5,5298,4.7162485
153,Office Worker,6,5194,4.5024285
153,Office Worker,7,5201,4.4978704
153,Office Worker,8,5101,4.494138
153,Office Worker,9,5052,4.493988
153,Office Worker,10,5203,4.4921246
154,Office Worker,1,5306,4.754919
154,Office Worker,2,5303,4.742057
154,Office Worker,3,5302,4.732627
154,Office Worker,4,5298,4.7159233
154,Office Worker,5,5304,4.715087
154,Office Worker,6,5194,4.5022535
154,Office Worker,7,5201,4.497669
154,Office Worker,8,5101,4.4936957
154,Office Worker,9,5052,4.493495
154,Office Worker,10,5203,4.491916
155,Office Worker,1,5300,4.7427654
155,Office Worker,2,5303,4.7403307
155,Office Worker,3,5302,4.730852
155,Office Worker,4,5298,4.714055
155,Office Worker,5,5304,4.713406
155,Office Worker,6,5194,4.5010366
155,Office Worker,7,5201,4.4965973
155,Office Worker,8,5052,4.491184
155,Office Worker,9,5101,4.4911785
155,Office Worker,10,5203,4.490816
156,Office Worker,1,5306,4.755745
156,Office Worker,2,5300,4.7455893
156,Office Worker,3,5303,4.7428694
156,Office Worker,4,5302,4.733531
156,Office Worker,5,5298,4.71669
156,Office Worker,6,5194,4.5012407
156,Office Worker,7,5201,4.4969077
156,Office Worker,8,5101,4.493144
156,Office Worker,9,5052,4.4924984
156,Office Worker,10,5203,4.491266
157,Office Worker,1,5306,4.757306
157,Office Worker,2,5300,4.7472773
157,Office Worker,3,5303,4.7442775
157,Office Worker,4,5302,4.734968
157,Office Worker,5,5298,4.7182407
157,Office Worker,6,5194,4.5023723
157,Office Worker,7,5201,4.4979153
157,Office Worker,8,5101,4.495184
157,Office Worker,9,5052,4.4945307
157,Office Worker,10,5203,4.492279
158,Office Worker,1,5306,4.7506895
158,Office Worker,2,5300,4.7403193
158,Office Worker,3,5303,4.7381687
158,Office Worker,4,5302,4.728546
158,Office Worker,5,5298,4.7118645
158,Office Worker,6,5194,4.500725
158,Office Worker,7,5201,4.496378
158,Office Worker,8,5052,4.490633
158,Office Worker,9,5203,4.4905148
158,Office Worker,10,5101,4.4900446
159,Office Worker,1,5306,4.755455
159,Office Worker,2,5302,4.7330704
159,Office Worker,3,5304,4.71538
159,Office Worker,4,5305,4.7141266
159,Office Worker,5,5301,4.697071
159,Office Worker,6,5194,4.5036144
159,Office Worker,7,5201,4.498688
159,Office Worker,8,5101,4.4930964
159,Office Worker,9,5203,4.492922
159,Office Worker,10,5052,4.4923105
160,Office Worker,1,5306,4.7553225
160,Office Worker,2,5302,4.732977
160,Office Worker,3,5298,4.71643
160,Office Worker,4,5304,4.715709
160,Office Worker,5,5305,4.7141027
160,Office Worker,6,5194,4.5017405
160,Office Worker,7,5201,4.4976387
160,Office Worker,8,5052,4.49424
160,Office Worker,9,5101,4.4941897
160,Office Worker,10,5203,4.491975
161,Office Worker,1,5306,4.757468
161,Office Worker,2,5300,4.7474074
161,Office Worker,3,5302,4.735163
161,Office Worker,4,5298,4.7183437
161,Office Worker,5,5304,4.717472
161,Office Worker,6,5194,4.502092
161,Office Worker,7,5201,4.4976454
161,Office Worker,8,5101,4.4956
161,Office Worker,9,5052,4.49438
161,Office Worker,10,5203,4.4920697
162,Office Worker,1,5306,4.753255
162,Office Worker,2,5300,4.74303
162,Office Worker,3,5303,4.740514
162,Office Worker,4,5302,4.730995
162,Office Worker,5,5298,4.71432
162,Office Worker,6,5194,4.501828
162,Office Worker,7,5201,4.497329
162,Office Worker,8,5101,4.4930887
162,Office Worker,9,5052,4.492963
162,Office Worker,10,5203,4.4915566
163,Office Worker,1,5306,4.7536287
163,Office Worker,2,5300,4.7434225
163,Office Worker,3,5303,4.740824
163,Office Worker,4,5302,4.7312794
163,Office Worker,5,5298,4.714699
163,Office Worker,6,5194,4.5025787
163,Office Worker,7,5201,4.4980297
163,Office Worker,8,5101,4.4936476
163,Office Worker,9,5052,4.4932156
163,Office Worker,10,5203,4.4922824
164,Office Worker,1,5306,4.75527
164,Office Worker,2,5303,4.742378
164,Office Worker,3,5302,4.73296
164,Office Worker,4,5298,4.716256
164,Office Worker,5,5304,4.7154207
164,Office Worker,6,5194,4.502269
164,Office Worker,7,5201,4.4977345
164,Office Worker,8,5101,4.494542
164,Office Worker,9,5052,4.4940166
164,Office Worker,10,5203,4.4920325
165,Office Worker,1,5300,4.742024
165,Office Worker,2,5303,4.739612
165,Office Worker,3,5302,4.7300377
165,Office Worker,4,5298,4.713419
165,Office Worker,5,5304,4.7127404
165,Office Worker,6,5194,4.501616
165,Office Worker,7,5201,4.497165
165,Office Worker,8,5052,4.4922657
165,Office Worker,9,5101,4.4917793
165,Office Worker,10,5203,4.4913225
166,Office Worker,1,5306,4.756087
166,Office Worker,2,5300,4.746033
166,Office Worker,3,5303,4.743128
166,Office Worker,4,5298,4.717078
166,Office Worker,5,5304,4.7161846
166,Office Worker,6,5194,4.502591
166,Office Worker,7,5201,4.4980454
166,Office Worker,8,5101,4.4947505
166,Office Worker,9,5052,4.494464
166,Office Worker,10,5203,4.4923325
167,Office Worker,1,5306,4.7508364
167,Office Worker,2,5300,4.7405167
167,Office Worker,3,5302,4.7285886
167,Office Worker,4,5298,4.712005
167,Office Worker,5,5304,4.711336
167,Office Worker,6,5194,4.5019383
167,Office Worker,7,5201,4.497369
167,Office Worker,8,5203,4.49149
167,Office Worker,9,5052,4.490039
167,Office Worker,10,5101,4.4897866
168,Office Worker,1,5306,4.7541776
168,Office Worker,2,5300,4.7439504
168,Office Worker,3,5303,4.7414174
168,Office Worker,4,5298,4.715212
168,Office Worker,5,5304,4.714566
168,Office Worker,6,5194,4.500918
168,Office Worker,7,5201,4.496648
168,Office Worker,8,5101,4.4917126
168,Office Worker,9,5052,4.491642
168,Office Worker,10,5203,4.490934
169,Office Worker,1,5306,4.75181
169,Office Worker,2,5300,4.7414455
169,Office Worker,3,5302,4.7295713
169,Office Worker,4,5298,4.712995
169,Office Worker,5,5304,4.712425
169,Office Worker,6,5194,4.5011
169,Office Worker,7,5201,4.4969096
169,Office Worker,8,5052,4.492429
169,Office Worker,9,5101,4.4921417
169,Office Worker,10,5203,4.4911356
170,Office Worker,1,5300,4.744145
170,Office Worker,2,5302,4.732024
170,Office Worker,3,5298,4.715393
170,Office Worker,4,5304,4.7146187
170,Office Worker,5,5305,4.7131333
170,Office Worker,6,5194,4.502141
170,Office Worker,7,5201,4.4977164
170,Office Worker,8,5101,4.494812
170,Office Worker,9,5052,4.49431
170,Office Worker,10,5203,4.4920197
171,Office Worker,1,5306,4.7538557
171,Office Worker,2,5300,4.743678
171,Office Worker,3,5303,4.741077
171,Office Worker,4,5298,4.7148805
171,Office Worker,5,5304,4.7141113
171,Office Worker,6,5194,4.501919
171,Office Worker,7,5201,4.497356
171,Office Worker,8,5101,4.493087
171,Office Worker,9,5052,4.492878
171,Office Worker,10,5203,4.491588
172,Office Worker,1,5306,4.753104
172,Office Worker,2,5300,4.74279
172,Office Worker,3,5303,4.7404046
172,Office Worker,4,5302,4.7309
172,Office Worker,5,5298,4.7141795
172,Office Worker,6,5194,4.5009384
172,Office Worker,7,5201,4.496706
172,Office Worker,8,5101,4.492423
172,Office Worker,9,5052,4.4921656
172,Office Worker,10,5203,4.491
173,Office Worker,1,5306,4.7546883
173,Office Worker,2,5300,4.744577
173,Office Worker,3,5302,4.732438
173,Office Worker,4,5305,4.713418
173,Office Worker,5,5301,4.696187
173,Office Worker,6,5194,4.502042
173,Office Worker,7,5201,4.4974113
173,Office Worker,8,5101,4.493027
173,Office Worker,9,5052,4.492786
173,Office Worker,10,5203,4.4916463
174,Office Worker,1,5306,4.754
174,Office Worker,2,5300,4.7437415
174,Office Worker,3,5303,4.741276
174,Office Worker,4,5302,4.731861
174,Office Worker,5,5298,4.7150517
174,Office Worker,6,5194,4.5003595
174,Office Worker,7,5201,4.4962206
174,Office Worker,8,5052,4.490753
174,Office Worker,9,5101,4.4906273
174,Office Worker,10,5203,4.4905105
175,Office Worker,1,5303,4.7419815
175,Office Worker,2,5302,4.7325587
175,Office Worker,3,5298,4.7158575
175,Office Worker,4,5304,4.715175
175,Office Worker,5,5305,4.713587
175,Office Worker,6,5194,4.501233
175,Office Worker,7,5201,4.4970207
175,Office Worker,8,5101,4.492597
175,Office Worker,9,5052,4.4925776
175,Office Worker,10,5203,4.4913273
176,Office Worker,1,5306,4.7513895
176,Office Worker,2,5300,4.741
176,Office Worker,3,5303,4.738823
176,Office Worker,4,5302,4.7292337
176,Office Worker,5,5298,4.7125454
176,Office Worker,6,5194,4.5005326
176,Office Worker,7,5201,4.496333
176,Office Worker,8,5052,4.491061
176,Office Worker,9,5101,4.4907913
176,Office Worker,10,5203,4.490548
177,Office Worker,1,5306,4.755644
177,Office Worker,2,5300,4.745467
177,Office Worker,3,5303,4.7427626
177,Office Worker,4,5302,4.7333794
177,Office Worker,5,5298,4.7166796
177,Office Worker,6,5194,4.501264
177,Office Worker,7,5201,4.497118
177,Office Worker,8,5101,4.4931383
177,Office Worker,9,5052,4.4929934
177,Office Worker,10,5203,4.4914665
178,Office Worker,1,5306,4.7561936
178,Office Worker,2,5300,4.7460756
178,Office Worker,3,5302,4.7338505
178,Office Worker,4,5298,4.7171774
178,Office Worker,5,5304,4.716345
178,Office Worker,6,5194,4.502225
178,Office Worker,7,5201,4.4978456
178,Office Worker,8,5101,4.495373
178,Office Worker,9,5052,4.4946914
178,Office Worker,10,5203,4.49221
179,Office Worker,1,5306,4.7531385
179,Office Worker,2,5300,4.7429233
179,Office Worker,3,5303,4.740398
179,Office Worker,4,5302,4.7308555
179,Office Worker,5,5304,4.713506
179,Office Worker,6,5194,4.5019627
179,Office Worker,7,5201,4.4974833
179,Office Worker,8,5052,4.493163
179,Office Worker,9,5101,4.4929857
179,Office Worker,10,5203,4.491683
180,Office Worker,1,5306,4.7502117
180,Office Worker,2,5300,4.739739
180,Office Worker,3,5303,4.7377605
180,Office Worker,4,5302,4.7281547
180,Office Worker,5,5298,4.711359
180,Office Worker,6,5194,4.4997807
180,Office Worker,7,5201,4.4956036
180,Office Worker,8,5203,4.489809
180,Office Worker,9,5052,4.4895515
180,Office Worker,10,5101,4.4893866
181,Office Worker,1,5306,4.756549
181,Office Worker,2,5300,4.7464705
181,Office Worker,3,5303,4.743573
181,Office Worker,4,5302,4.7342253
181,Office Worker,5,5298,4.717499
181,Office Worker,6,5194,4.502242
181,Office Worker,7,5201,4.497788
181,Office Worker,8,5101,4.495024
181,Office Worker,9,5052,4.4943237
181,Office Worker,10,5203,4.492143
182,Office Worker,1,5306,4.7557683
182,Office Worker,2,5303,4.7428603
182,Office Worker,3,5302,4.7334723
182,Office Worker,4,5298,4.7167826
182,Office Worker,5,5304,4.716009
182,Office Worker,6,5194,4.5017824
182,Office Worker,7,5201,4.497474
182,Office Worker,8,5101,4.493857
182,Office Worker,9,5052,4.4935904
182,Office Worker,10,5203,4.4918027
183,Office Worker,1,5306,4.756225
183,Office Worker,2,5300,4.7461867
183,Office Worker,3,5303,4.7432475
183,Office Worker,4,5302,4.7338705
183,Office Worker,5,5298,4.717156
183,Office Worker,6,5194,4.502895
183,Office Worker,7,5201,4.4981956
183,Office Worker,8,5101,4.495715
183,Office Worker,9,5052,4.4949183
183,Office Worker,10,5203,4.492503
184,Office Worker,1,5306,4.752881
184,Office Worker,2,5300,4.7425966
184,Office Worker,3,5303,4.7402277
184,Office Worker,4,5298,4.7139907
184,Office Worker,5,5304,4.7134323
184,Office Worker,6,5194,4.500458
184,Office Worker,7,5201,4.4962626
184,Office Worker,8,5052,4.49051
184,Office Worker,9,5203,4.4904795
184,Office Worker,10,5101,4.489988
185,Office Worker,1,5306,4.754807
185,Office Worker,2,5300,4.744671
185,Office Worker,3,5303,4.741917
185,Office Worker,4,5298,4.7157707
185,Office Worker,5,5305,4.713549
185,Office Worker,6,5194,4.502847
185,Office Worker,7,5201,4.4981427
185,Office Worker,8,5101,4.496167
185,Office Worker,9,5052,4.495153
185,Office Worker,10,5203,4.492446
186,Office Worker,1,5306,4.756075
186,Office Worker,2,5300,4.746049
186,Office Worker,3,5303,4.7430925
186,Office Worker,4,5298,4.7170563
186,Office Worker,5,5304,4.716094
186,Office Worker,6,5194,4.503203
186,Office Worker,7,5201,4.4985194
186,Office Worker,8,5101,4.4940076
186,Office Worker,9,5052,4.493536
186,Office Worker,10,5203,4.49279
187,Office Worker,1,5300,4.7395105
187,Office Worker,2,5303,4.7373924
187,Office Worker,3,5302,4.7277207
187,Office Worker,4,5298,4.711065
187,Office Worker,5,5304,4.710494
187,Office Worker,6,5194,4.5010557
187,Office Worker,7,5201,4.4965377
187,Office Worker,8,5203,4.490597
187,Office Worker,9,5052,4.4905443
187,Office Worker,10,5101,4.489708
188,Office Worker,1,5306,4.7581873
188,Office Worker,2,5300,4.748111
188,Office Worker,3,5303,4.745097
188,Office Worker,4,5302,4.735813
188,Office Worker,5,5298,4.7191324
188,Office Worker,6,5194,4.50206
188,Office Worker,7,5201,4.4979024
188,Office Worker,8,5101,4.4963913
188,Office Worker,9,5052,4.4954047
188,Office Worker,10,5203,4.492382
189,Office Worker,1,5306,4.7573237
189,Office Worker,2,5300,4.7472925
189,Office Worker,3,5303,4.744269
189,Office Worker,4,5302,4.7349296
189,Office Worker,5,5298,4.7182703
189,Office Worker,6,5194,4.5027876
189,Office Worker,7,5201,4.4983063
189,Office Worker,8,5101,4.4963946
189,Office Worker,9,5052,4.4955893
189,Office Worker,10,5203,4.492683
190,Office Worker,1,5300,4.742218
190,Office Worker,2,5303,4.7399015
190,Office Worker,3,5298,4.7136803
190,Office Worker,4,5305,4.711403
190,Office Worker,5,5301,4.693956
190,Office Worker,6,5194,4.500534
190,Office Worker,7,5201,4.4963923
190,Office Worker,8,5052,4.491068
190,Office Worker,9,5101,4.490659
190,Office Worker,10,5203,4.4906273
191,Office Worker,1,5306,4.7512894
191,Office Worker,2,5300,4.7409635
191,Office Worker,3,5302,4.7290874
191,Office Worker,4,5298,4.7124863
191,Office Worker,5,5304,4.711899
191,Office Worker,6,5194,4.5011253
191,Office Worker,7,5201,4.496793
191,Office Worker,8,5052,4.4915137
191,Office Worker,9,5203,4.49093
191,Office Worker,10,5101,4.4907665
192,Office Worker,1,5306,4.7519016
192,Office Worker,2,5303,4.7392592
192,Office Worker,3,5302,4.7296734
192,Office Worker,4,5298,4.71304
192,Office Worker,5,5304,4.7123203
192,Office Worker,6,5194,4.5018578
192,Office Worker,7,5201,4.4972415
192,Office Worker,8,5052,4.491548
192,Office Worker,9,5203,4.491333
192,Office Worker,10,5101,4.490856
193,Office Worker,1,5306,4.7506976
193,Office Worker,2,5300,4.740388
193,Office Worker,3,5303,4.7381134
193,Office Worker,4,5302,4.728442
193,Office Worker,5,5298,4.71183
193,Office Worker,6,5194,4.502272
193,Office Worker,7,5201,4.4975567
193,Office Worker,8,5203,4.4916744
193,Office Worker,9,5101,4.4896946
193,Office Worker,10,5052,4.4896145
194,Office Worker,1,5306,4.7508917
194,Office Worker,2,5303,4.738369
194,Office Worker,3,5302,4.7287774
194,Office Worker,4,5298,4.7120094
194,Office Worker,5,5304,4.711509
194,Office Worker,6,5194,4.500406
194,Office Worker,7,5201,4.496107
194,Office Worker,8,5101,4.490654
194,Office Worker,9,5052,4.490612
194,Office Worker,10,5203,4.490322
195,Office Worker,1,5306,4.751829
195,Office Worker,2,5300,4.7414694
195,Office Worker,3,5303,4.7392116
195,Office Worker,4,5302,4.7296305
195,Office Worker,5,5298,4.7129464
195,Office Worker,6,5194,4.5010233
195,Office Worker,7,5201,4.4967127
195,Office Worker,8,5101,4.4921455
195,Office Worker,9,5052,4.4920244
195,Office Worker,10,5203,4.4909525
196,Office Worker,1,5306,4.7522397
196,Office Worker,2,5300,4.7419195
196,Office Worker,3,5303,4.7395926
196,Office Worker,4,5298,4.713411
196,Office Worker,5,5304,4.7128253
196,Office Worker,6,5194,4.5010405
196,Office Worker,7,5201,4.496831
196,Office Worker,8,5052,4.4919777
196,Office Worker,9,5101,4.4914885
196,Office Worker,10,5203,4.4910393
197,Office Worker,1,5306,4.7530994
197,Office Worker,2,5300,4.742796
197,Office Worker,3,5303,4.7404113
197,Office Worker,4,5302,4.7309093
197,Office Worker,5,5298,4.714213
197,Office Worker,6,5194,4.5007105
197,Office Worker,7,5201,4.4965615
197,Office Worker,8,5052,4.4915667
197,Office Worker,9,5101,4.4913464
197,Office Worker,10,5203,4.4908247
198,Office Worker,1,5306,4.7564445
198,Office Worker,2,5300,4.7463427
198,Office Worker,3,5302,4.7341213
198,Office Worker,4,5298,4.7174397
198,Office Worker,5,5304,4.716627
198,Office Worker,6,5194,4.5019855
198,Office Worker,7,5201,4.497672
198,Office Worker,8,5101,4.494515
198,Office Worker,9,5052,4.494121
198,Office Worker,10,5203,4.492026
199,Office Worker,1,5306,4.7522078
199,Office Worker,2,5300,4.7419043
199,Office Worker,3,5302,4.7299466
199,Office Worker,4,5305,4.711054
199,Office Worker,5,5301,4.6936765
199,Office Worker,6,5194,4.5016255
199,Office Worker,7,5201,4.4972315
199,Office Worker,8,5052,4.4929523
199,Office Worker,9,5101,4.49291
199,Office Worker,10,5203,4.491446
510,Office Worker,1,5306,4.7548947
510,Office Worker,2,5300,4.7447715
510,Office Worker,3,5302,4.7325397
510,Office Worker,4,5298,4.7159133
510,Office Worker,5,5304,4.715047
510,Office Worker,6,5194,4.5026684
510,Office Worker,7,5201,4.498081
510,Office Worker,8,5101,4.4951897
510,Office Worker,9,5052,4.4947567
510,Office Worker,10,5203,4.4923534
515,Office Worker,1,5306,4.752214
515,Office Worker,2,5300,4.7418637
515,Office Worker,3,5303,4.739581
515,Office Worker,4,5302,4.7300415
515,Office Worker,5,5298,4.713288
515,Office Worker,6,5194,4.500842
515,Office Worker,7,5201,4.4965267
515,Office Worker,8,5101,4.4920225
515,Office Worker,9,5052,4.491701
515,Office Worker,10,5203,4.490793
521,Office Worker,1,5303,4.742359
521,Office Worker,2,5302,4.732958
521,Office Worker,3,5298,4.7162333
521,Office Worker,4,5304,4.7154636
521,Office Worker,5,5305,4.7139707
521,Office Worker,6,5194,4.501737
521,Office Worker,7,5201,4.4973373
521,Office Worker,8,5101,4.493246
521,Office Worker,9,5052,4.493047
521,Office Worker,10,5203,4.491629
532,Office Worker,1,5306,4.753584
532,Office Worker,2,5303,4.7408276
532,Office Worker,3,5302,4.7313523
532,Office Worker,4,5304,4.713809
532,Office Worker,5,5305,4.7123523
532,Office Worker,6,5194,4.501926
532,Office Worker,7,5201,4.4972725
532,Office Worker,8,5101,4.492917
532,Office Worker,9,5052,4.492589
532,Office Worker,10,5203,4.4914913
533,Office Worker,1,5306,4.7553735
533,Office Worker,2,5303,4.7424746
533,Office Worker,3,5302,4.733054
533,Office Worker,4,5298,4.7163606
533,Office Worker,5,5305,4.7141323
533,Office Worker,6,5194,4.5021043
533,Office Worker,7,5201,4.4976835
533,Office Worker,8,5101,4.495151
533,Office Worker,9,5052,4.4943748
533,Office Worker,10,5203,4.4920335
538,Office Worker,1,5306,4.750478
538,Office Worker,2,5300,4.740162
538,Office Worker,3,5303,4.7379274
538,Office Worker,4,5302,4.7282605
538,Office Worker,5,5298,4.711636
538,Office Worker,6,5194,4.501872
538,Office Worker,7,5201,4.497224
538,Office Worker,8,5203,4.4913125
538,Office Worker,9,5052,4.4894247
538,Office Worker,10,5101,4.489106
543,Office Worker,1,5300,4.7435846
543,Office Worker,2,5303,4.7410088
543,Office Worker,3,5302,4.731512
543,Office Worker,4,5304,4.7140903
543,Office Worker,5,5301,4.6953125
543,Office Worker,6,5194,4.5019193
543,Office Worker,7,5201,4.4974413
543,Office Worker,8,5101,4.4935465
543,Office Worker,9,5052,4.4933143
543,Office Worker,10,5203,4.491694
546,Office Worker,1,5306,4.7509823
546,Office Worker,2,5300,4.7406034
546,Office Worker,3,5303,4.738411
546,Office Worker,4,5302,4.7287526
546,Office Worker,5,5298,4.7121997
546,Office Worker,6,5194,4.5011635
546,Office Worker,7,5201,4.4969015
546,Office Worker,8,5052,4.492177
546,Office Worker,9,5101,4.4916525
546,Office Worker,10,5203,4.4910717
547,Office Worker,1,5306,4.756214
547,Office Worker,2,5300,4.7460957
547,Office Worker,3,5298,4.7171288
547,Office Worker,4,5304,4.716273
547,Office Worker,5,5305,4.7149463
547,Office Worker,6,5194,4.5022726
547,Office Worker,7,5201,4.497763
547,Office Worker,8,5101,4.49588
547,Office Worker,9,5052,4.4946623
547,Office Worker,10,5203,4.492152
567,Office Worker,1,5306,4.754343
567,Office Worker,2,5300,4.7441998
567,Office Worker,3,5303,4.741518
567,Office Worker,4,5302,4.732066
567,Office Worker,5,5304,4.7144866
567,Office Worker,6,5194,4.5022783
567,Office Worker,7,5201,4.4976034
567,Office Worker,8,5101,4.4940934
567,Office Worker,9,5052,4.4935055
567,Office Worker,10,5203,4.4918585
570,Office Worker,1,5306,4.75434
570,Office Worker,2,5300,4.7441635
570,Office Worker,3,5303,4.741556
570,Office Worker,4,5302,4.7321405
570,Office Worker,5,5298,4.715333
570,Office Worker,6,5194,4.501383
570,Office Worker,7,5201,4.4969134
570,Office Worker,8,5101,4.492216
570,Office Worker,9,5052,4.4919643
570,Office Worker,10,5203,4.4911766
573,Office Worker,1,5306,4.752986
573,Office Worker,2,5302,4.7307687
573,Office Worker,3,5298,4.7141366
573,Office Worker,4,5304,4.713585
573,Office Worker,5,5305,4.71185
573,Office Worker,6,5194,4.5007124
573,Office Worker,7,5201,4.4966664
573,Office Worker,8,5052,4.4920444
573,Office Worker,9,5101,4.491785
573,Office Worker,10,5203,4.490947
575,Office Worker,1,5306,4.756297
575,Office Worker,2,5303,4.7433014
575,Office Worker,3,5302,4.733902
575,Office Worker,4,5298,4.7172565
575,Office Worker,5,5304,4.716321
575,Office Worker,6,5194,4.5029745
575,Office Worker,7,5201,4.498378
575,Office Worker,8,5101,4.496534
575,Office Worker,9,5052,4.495679
575,Office Worker,10,5203,4.4927163
576,Office Worker,1,5306,4.7515345
576,Office Worker,2,5303,4.7389374
576,Office Worker,3,5302,4.729338
576,Office Worker,4,5298,4.7126856
576,Office Worker,5,5304,4.7121077
576,Office Worker,6,5194,4.501026
576,Office Worker,7,5201,4.4967117
576,Office Worker,8,5052,4.4917316
576,Office Worker,9,5101,4.4914913
576,Office Worker,10,5203,4.4909086
593,Office Worker,1,5306,4.755028
593,Office Worker,2,5302,4.732732
593,Office Worker,3,5298,4.7160325
593,Office Worker,4,5304,4.715234
593,Office Worker,5,5305,4.7137785
593,Office Worker,6,5194,4.5020514
593,Office Worker,7,5201,4.4975824
593,Office Worker,8,5101,4.4941463
593,Office Worker,9,5052,4.4937215
593,Office Worker,10,5203,4.4918795
594,Office Worker,1,5300,4.7402287
594,Office Worker,2,5303,4.738066
594,Office Worker,3,5302,4.7284346
594,Office Worker,4,5304,4.7111497
594,Office Worker,5,5305,4.7094774
594,Office Worker,6,5194,4.5010695
594,Office Worker,7,5201,4.496583
594,Office Worker,8,5052,4.491168
594,Office Worker,9,5101,4.490969
594,Office Worker,10,5203,4.4907274
596,Office Worker,1,5306,4.749642
596,Office Worker,2,5300,4.739208
596,Office Worker,3,5303,4.7371683
596,Office Worker,4,5302,4.727473
596,Office Worker,5,5298,4.7107935
596,Office Worker,6,5194,4.501191
596,Office Worker,7,5201,4.4966607
596,Office Worker,8,5101,4.4918346
596,Office Worker,9,5052,4.491681
596,Office Worker,10,5203,4.490814
602,Office Worker,1,5306,4.750389
602,Office Worker,2,5300,4.7399783
602,Office Worker,3,5303,4.737901
602,Office Worker,4,5302,4.728275
602,Office Worker,5,5298,4.711561
602,Office Worker,6,5194,4.5004115
602,Office Worker,7,5201,4.4961185
602,Office Worker,8,5203,4.4902735
602,Office Worker,9,5052,4.49026
602,Office Worker,10,5101,4.489796
607,Office Worker,1,5306,4.7552423
607,Office Worker,2,5300,4.745049
607,Office Worker,3,5303,4.742386
607,Office Worker,4,5302,4.732995
607,Office Worker,5,5304,4.7155104
607,Office Worker,6,5194,4.5013833
607,Office Worker,7,5201,4.497088
607,Office Worker,8,5101,4.493657
607,Office Worker,9,5052,4.4930415
607,Office Worker,10,5203,4.4914436
611,Office Worker,1,5306,4.7557187
611,Office Worker,2,5300,4.745569
611,Office Worker,3,5303,4.7428226
611,Office Worker,4,5302,4.7334404
611,Office Worker,5,5298,4.7167335
611,Office Worker,6,5194,4.501566
611,Office Worker,7,5201,4.497305
611,Office Worker,8,5101,4.493553
611,Office Worker,9,5052,4.4932923
611,Office Worker,10,5203,4.491642
612,Office Worker,1,5300,4.7439523
612,Office Worker,2,5303,4.741363
612,Office Worker,3,5302,4.7319202
612,Office Worker,4,5298,4.7152004
612,Office Worker,5,5304,4.714511
612,Office Worker,6,5194,4.501246
612,Office Worker,7,5201,4.496904
612,Office Worker,8,5052,4.4916945
612,Office Worker,9,5101,4.4912877
612,Office Worker,10,5203,4.4911256
626,Office Worker,1,5306,4.754861
626,Office Worker,2,5300,4.744694
626,Office Worker,3,5303,4.7419786
626,Office Worker,4,5302,4.7325053
626,Office Worker,5,5298,4.715891
626,Office Worker,6,5194,4.502432
626,Office Worker,7,5201,4.4979663
626,Office Worker,8,5101,4.495404
626,Office Worker,9,5052,4.4948483
626,Office Worker,10,5203,4.492276
633,Office Worker,1,5306,4.757051
633,Office Worker,2,5303,4.744019
633,Office Worker,3,5302,4.7346573
633,Office Worker,4,5298,4.7180614
633,Office Worker,5,5304,4.7171564
633,Office Worker,6,5194,4.502665
633,Office Worker,7,5201,4.498267
633,Office Worker,8,5101,4.495203
633,Office Worker,9,5052,4.495001
633,Office Worker,10,5203,4.4925957
645,Office Worker,1,5306,4.7553263
645,Office Worker,2,5300,4.745171
645,Office Worker,3,5302,4.7329636
645,Office Worker,4,5298,4.716358
645,Office Worker,5,5304,4.715539
645,Office Worker,6,5194,4.502365
645,Office Worker,7,5201,4.4979715
645,Office Worker,8,5101,4.495467
645,Office Worker,9,5052,4.4949455
645,Office Worker,10,5203,4.492303
646,Office Worker,1,5300,4.741803
646,Office Worker,2,5303,4.7395372
646,Office Worker,3,5302,4.7299585
646,Office Worker,4,5298,4.713343
646,Office Worker,5,5301,4.6936426
646,Office Worker,6,5194,4.5007925
646,Office Worker,7,5201,4.49669
646,Office Worker,8,5052,4.492146
646,Office Worker,9,5101,4.4919624
646,Office Worker,10,5203,4.4909515
656,Office Worker,1,5306,4.755477
656,Office Worker,2,5300,4.7453623
656,Office Worker,3,5303,4.7425485
656,Office Worker,4,5302,4.733115
656,Office Worker,5,5298,4.716464
656,Office Worker,6,5194,4.5026627
656,Office Worker,7,5201,4.4981027
656,Office Worker,8,5101,4.4957323
656,Office Worker,9,5052,4.495027
656,Office Worker,10,5203,4.4924183
662,Office Worker,1,5300,4.7413588
662,Office Worker,2,5303,4.7390428
662,Office Worker,3,5302,4.729435
662,Office Worker,4,5304,4.7121644
662,Office Worker,5,5305,4.7105184
662,Office Worker,6,5194,4.501527
662,Office Worker,7,5201,4.497081
662,Office Worker,8,5052,4.492361
662,Office Worker,9,5101,4.49213
662,Office Worker,10,5203,4.4912543
665,Office Worker,1,5306,4.754969
665,Office Worker,2,5300,4.7448516
665,Office Worker,3,5303,4.742079
665,Office Worker,4,5298,4.715977
665,Office Worker,5,5304,4.715108
665,Office Worker,6,5194,4.5026436
665,Office Worker,7,5201,4.498042
665,Office Worker,8,5101,4.4951024
665,Office Worker,9,5052,4.4946322
665,Office Worker,10,5203,4.492316
668,Office Worker,1,5306,4.7518063
668,Office Worker,2,5300,4.7415004
668,Office Worker,3,5302,4.7295976
668,Office Worker,4,5298,4.7129536
668,Office Worker,5,5305,4.7106543
668,Office Worker,6,5194,4.501261
668,Office Worker,7,5201,4.496876
668,Office Worker,8,5052,4.4918175
668,Office Worker,9,5101,4.4914203
668,Office Worker,10,5203,4.491047
670,Office Worker,1,5306,4.7545424
670,Office Worker,2,5300,4.7444253
670,Office Worker,3,5303,4.741726
670,Office Worker,4,5302,4.7323046
670,Office Worker,5,5298,4.7155385
670,Office Worker,6,5194,4.5019107
670,Office Worker,7,5201,4.4973087
670,Office Worker,8,5101,4.4925566
670,Office Worker,9,5052,4.49248
670,Office Worker,10,5203,4.4915304
672,Office Worker,1,5302,4.734603
672,Office Worker,2,5298,4.7178326
672,Office Worker,3,5304,4.7169566
672,Office Worker,4,5305,4.7155967
672,Office Worker,5,5301,4.698556
672,Office Worker,6,5194,4.5021877
672,Office Worker,7,5201,4.497694
672,Office Worker,8,5101,4.494547
672,Office Worker,9,5052,4.493916
672,Office Worker,10,5203,4.4920387
683,Office Worker,1,5306,4.7520885
683,Office Worker,2,5300,4.7417235
683,Office Worker,3,5303,4.739484
683,Office Worker,4,5302,4.7299476
683,Office Worker,5,5298,4.7132063
683,Office Worker,6,5194,4.5003796
683,Office Worker,7,5201,4.496213
683,Office Worker,8,5052,4.4908857
683,Office Worker,9,5101,4.4907527
683,Office Worker,10,5203,4.4904613
686,Office Worker,1,5300,4.743493
686,Office Worker,2,5303,4.740899
686,Office Worker,3,5302,4.731406
686,Office Worker,4,5298,4.714698
686,Office Worker,5,5301,4.6951704
686,Office Worker,6,5194,4.502112
686,Office Worker,7,5201,4.4974966
686,Office Worker,8,5101,4.493595
686,Office Worker,9,5052,4.4932537
686,Office Worker,10,5203,4.4917283
689,Office Worker,1,5306,4.7527094
689,Office Worker,2,5300,4.742445
689,Office Worker,3,5303,4.7400236
689,Office Worker,4,5302,4.7304926
689,Office Worker,5,5298,4.7137885
689,Office Worker,6,5194,4.5014257
689,Office Worker,7,5201,4.49698
689,Office Worker,8,5101,4.492205
689,Office Worker,9,5052,4.492189
689,Office Worker,10,5203,4.4911966
691,Office Worker,1,5300,4.745026
691,Office Worker,2,5303,4.7423115
691,Office Worker,3,5302,4.732873
691,Office Worker,4,5298,4.716262
691,Office Worker,5,5304,4.715513
691,Office Worker,6,5194,4.5017953
691,Office Worker,7,5201,4.497543
691,Office Worker,8,5052,4.4936614
691,Office Worker,9,5101,4.4935756
691,Office Worker,10,5203,4.4918394
699,Office Worker,1,5300,4.7468104
699,Office Worker,2,5302,4.7345243
699,Office Worker,3,5298,4.7178564
699,Office Worker,4,5304,4.716999
699,Office Worker,5,5305,4.7155657
699,Office Worker,6,5194,4.5022273
699,Office Worker,7,5201,4.4978647
699,Office Worker,8,5101,4.4946327
699,Office Worker,9,5052,4.494344
699,Office Worker,10,5203,4.4922047
705,Office Worker,1,5306,4.7570906
705,Office Worker,2,5300,4.7471
705,Office Worker,3,5303,4.744049
705,Office Worker,4,5302,4.7347207
705,Office Worker,5,5298,4.717969
705,Office Worker,6,5194,4.503127
705,Office Worker,7,5201,4.4983654
705,Office Worker,8,5101,4.496501
705,Office Worker,9,5052,4.495387
705,Office Worker,10,5203,4.4927063
719,Office Worker,1,5306,4.757238
719,Office Worker,2,5300,4.7470913
719,Office Worker,3,5303,4.7442274
719,Office Worker,4,5302,4.7348914
719,Office Worker,5,5298,4.718268
719,Office Worker,6,5194,4.501522
719,Office Worker,7,5201,4.497557
719,Office Worker,8,5101,4.4950037
719,Office Worker,9,5052,4.494569
719,Office Worker,10,5203,4.4920053
720,Office Worker,1,5306,4.750096
720,Office Worker,2,5302,4.7278743
720,Office Worker,3,5298,4.711322
720,Office Worker,4,5304,4.710761
720,Office Worker,5,5305,4.709011
720,Office Worker,6,5194,4.5013127
720,Office Worker,7,5201,4.4969497
720,Office Worker,8,5203,4.49109
720,Office Worker,9,5052,4.49107
720,Office Worker,10,5101,4.4906597
724,Office Worker,1,5306,4.753157
724,Office Worker,2,5303,4.7404904
724,Office Worker,3,5302,4.7310047
724,Office Worker,4,5298,4.714304
724,Office Worker,5,5304,4.713825
724,Office Worker,6,5194,4.500013
724,Office Worker,7,5201,4.4961066
724,Office Worker,8,5052,4.4907722
724,Office Worker,9,5203,4.4903955
724,Office Worker,10,5101,4.4902916
742,Office Worker,1,5306,4.7528753
742,Office Worker,2,5300,4.742606
742,Office Worker,3,5303,4.7401786
742,Office Worker,4,5302,4.7306623
742,Office Worker,5,5298,4.7139225
742,Office Worker,6,5194,4.5014243
742,Office Worker,7,5201,4.4969583
742,Office Worker,8,5101,4.4926357
742,Office Worker,9,5052,4.492318
742,Office Worker,10,5203,4.491204
748,Office Worker,1,5306,4.7563944
748,Office Worker,2,5300,4.7462597
748,Office Worker,3,5303,4.7434573
748,Office Worker,4,5298,4.7173796
748,Office Worker,5,5305,4.715139
748,Office Worker,6,5194,4.501477
748,Office Worker,7,5201,4.4972634
748,Office Worker,8,5101,4.4938297
748,Office Worker,9,5052,4.4933786
748,Office Worker,10,5203,4.491642
753,Office Worker,1,5306,4.754923
753,Office Worker,2,5300,4.744748
753,Office Worker,3,5303,4.7421074
753,Office Worker,4,5302,4.7327156
753,Office Worker,5,5298,4.7159505
753,Office Worker,6,5194,4.501093
753,Office Worker,7,5201,4.4968247
753,Office Worker,8,5052,4.4918942
753,Office Worker,9,5101,4.4918437
753,Office Worker,10,5203,4.491112
754,Office Worker,1,5306,4.7539654
754,Office Worker,2,5300,4.7437954
754,Office Worker,3,5303,4.7411737
754,Office Worker,4,5302,4.7317038
754,Office Worker,5,5298,4.7149696
754,Office Worker,6,5194,4.502058
754,Office Worker,7,5201,4.497443
754,Office Worker,8,5101,4.493534
754,Office Worker,9,5052,4.4931407
754,Office Worker,10,5203,4.491686
762,Office Worker,1,5303,4.7416654
762,Office Worker,2,5302,4.7321744
762,Office Worker,3,5298,4.715573
762,Office Worker,4,5304,4.7147417
762,Office Worker,5,5305,4.7132835
762,Office Worker,6,5194,4.5025206
762,Office Worker,7,5201,4.4979978
762,Office Worker,8,5101,4.495008
762,Office Worker,9,5052,4.494659
762,Office Worker,10,5203,4.492269
766,Office Worker,1,5306,4.759013
766,Office Worker,2,5300,4.7490363
766,Office Worker,3,5303,4.745883
766,Office Worker,4,5298,4.7198133
766,Office Worker,5,5305,4.7176695
766,Office Worker,6,5194,4.502289
766,Office Worker,7,5201,4.4977894
766,Office Worker,8,5101,4.4963646
766,Office Worker,9,5052,4.4947863
766,Office Worker,10,5203,4.492264
775,Office Worker,1,5306,4.7559576
775,Office Worker,2,5300,4.745821
775,Office Worker,3,5303,4.7430625
775,Office Worker,4,5298,4.716938
775,Office Worker,5,5304,4.716201
775,Office Worker,6,5194,4.501325
775,Office Worker,7,5201,4.4970484
775,Office Worker,8,5101,4.4929824
775,Office Worker,9,5052,4.4926524
775,Office Worker,10,5203,4.491392
776,Office Worker,1,5306,4.7517056
776,Office Worker,2,5300,4.741431
776,Office Worker,3,5303,4.7390933
776,Office Worker,4,5302,4.729506
776,Office Worker,5,5298,4.712859
776,Office Worker,6,5194,4.501363
776,Office Worker,7,5201,4.496907
776,Office Worker,8,5203,4.4910326
776,Office Worker,9,5052,4.490833
776,Office Worker,10,5101,4.490179
782,Office Worker,1,5306,4.7571125
782,Office Worker,2,5300,4.747097
782,Office Worker,3,5303,4.744074
782,Office Worker,4,5302,4.7347407
782,Office Worker,5,5298,4.7180214
782,Office Worker,6,5194,4.5029006
782,Office Worker,7,5201,4.4982705
782,Office Worker,8,5101,4.496323
782,Office Worker,9,5052,4.4953437
782,Office Worker,10,5203,4.4926276
783,Office Worker,1,5306,4.7545156
783,Office Worker,2,5303,4.7416964
783,Office Worker,3,5302,4.7322702
783,Office Worker,4,5304,4.714702
783,Office Worker,5,5305,4.7132807
783,Office Worker,6,5194,4.5018296
783,Office Worker,7,5201,4.4972754
783,Office Worker,8,5101,4.49379
783,Office Worker,9,5052,4.493068
783,Office Worker,10,5203,4.491573
787,Office Worker,1,5306,4.7566547
787,Office Worker,2,5300,4.7465982
787,Office Worker,3,5302,4.7343254
787,Office Worker,4,5304,4.716836
787,Office Worker,5,5305,4.715356
787,Office Worker,6,5194,4.5020943
787,Office Worker,7,5201,4.497764
787,Office Worker,8,5052,4.4939346
787,Office Worker,9,5101,4.4939184
787,Office Worker,10,5203,4.4920764
806,Office Worker,1,5300,4.741023
806,Office Worker,2,5303,4.7388124
806,Office Worker,3,5298,4.7124577
806,Office Worker,4,5304,4.711909
806,Office Worker,5,5305,4.710229
806,Office Worker,6,5194,4.500536
806,Office Worker,7,5201,4.496133
806,Office Worker,8,5203,4.4903045
806,Office Worker,9,5052,4.4901114
806,Office Worker,10,5101,4.489874
808,Office Worker,1,5306,4.7541723
808,Office Worker,2,5300,4.743995
808,Office Worker,3,5302,4.7319193
808,Office Worker,4,5298,4.7152653
808,Office Worker,5,5304,4.7145543
808,Office Worker,6,5194,4.501521
808,Office Worker,7,5201,4.4971905
808,Office Worker,8,5052,4.4924126
808,Office Worker,9,5101,4.4919868
808,Office Worker,10,5203,4.491415
812,Office Worker,1,5306,4.752594
812,Office Worker,2,5303,4.739939
812,Office Worker,3,5302,4.7304215
812,Office Worker,4,5298,4.7136784
812,Office Worker,5,5304,4.713089
812,Office Worker,6,5194,4.5008273
812,Office Worker,7,5201,4.496537
812,Office Worker,8,5101,4.491521
812,Office Worker,9,5052,4.491482
812,Office Worker,10,5203,4.490786
813,Office Worker,1,5306,4.7540917
813,Office Worker,2,5300,4.743928
813,Office Worker,3,5302,4.731741
813,Office Worker,4,5298,4.7152004
813,Office Worker,5,5304,4.7144003
813,Office Worker,6,5194,4.502497
813,Office Worker,7,5201,4.4980426
813,Office Worker,8,5203,4.492263
813,Office Worker,9,5052,4.4916153
813,Office Worker,10,5101,4.491477
814,Office Worker,1,5306,4.7576632
814,Office Worker,2,5300,4.7475953
814,Office Worker,3,5303,4.7446356
814,Office Worker,4,5302,4.73536
814,Office Worker,5,5298,4.7186136
814,Office Worker,6,5194,4.501684
814,Office Worker,7,5201,4.497478
814,Office Worker,8,5101,4.4944825
814,Office Worker,9,5052,4.4939117
814,Office Worker,10,5203,4.491893
815,Office Worker,1,5300,4.746925
815,Office Worker,2,5303,4.743935
815,Office Worker,3,5302,4.7345834
815,Office Worker,4,5298,4.7179203
815,Office Worker,5,5304,4.7169995
815,Office Worker,6,5194,4.5026984
815,Office Worker,7,5201,4.4981976
815,Office Worker,8,5101,4.495743
815,Office Worker,9,5052,4.495142
815,Office Worker,10,5203,4.4925423
816,Office Worker,1,5306,4.7519183
816,Office Worker,2,5300,4.7416267
816,Office Worker,3,5303,4.739331
816,Office Worker,4,5302,4.7298093
816,Office Worker,5,5304,4.71244
816,Office Worker,6,5194,4.500597
816,Office Worker,7,5201,4.496202
816,Office Worker,8,5203,4.49036
816,Office Worker,9,5052,4.4900436
816,Office Worker,10,5101,4.4895577
818,Office Worker,1,5306,4.7530127
818,Office Worker,2,5300,4.7427435
818,Office Worker,3,5303,4.740284
818,Office Worker,4,5302,4.730714
818,Office Worker,5,5298,4.7141914
818,Office Worker,6,5194,4.5016317
818,Office Worker,7,5201,4.497408
818,Office Worker,8,5052,4.4926057
818,Office Worker,9,5101,4.4921284
818,Office Worker,10,5203,4.4916296
822,Office Worker,1,5300,4.7448997
822,Office Worker,2,5302,4.7327023
822,Office Worker,3,5298,4.7160373
822,Office Worker,4,5304,4.7151976
822,Office Worker,5,5305,4.7137733
822,Office Worker,6,5194,4.5024004
822,Office Worker,7,5201,4.497862
822,Office Worker,8,5101,4.494818
822,Office Worker,9,5052,4.494337
822,Office Worker,10,5203,4.492151
829,Office Worker,1,5306,4.7554955
829,Office Worker,2,5300,4.7453113
829,Office Worker,3,5303,4.742602
829,Office Worker,4,5302,4.7331834
829,Office Worker,5,5298,4.716542
829,Office Worker,6,5194,4.5016603
829,Office Worker,7,5201,4.4974685
829,Office Worker,8,5101,4.4942145
829,Office Worker,9,5052,4.493909
829,Office Worker,10,5203,4.491823
831,Office Worker,1,5306,4.756924
831,Office Worker,2,5300,4.7468567
831,Office Worker,3,5303,4.743905
831,Office Worker,4,5298,4.7178745
831,Office Worker,5,5305,4.715629
831,Office Worker,6,5194,4.502546
831,Office Worker,7,5201,4.4980993
831,Office Worker,8,5101,4.496099
831,Office Worker,9,5052,4.4952474
831,Office Worker,10,5203,4.4924793
847,Office Worker,1,5306,4.7560906
847,Office Worker,2,5303,4.743165
847,Office Worker,3,5298,4.7171726
847,Office Worker,4,5305,4.7148457
847,Office Worker,5,5301,4.6977634
847,Office Worker,6,5194,4.50149
847,Office Worker,7,5201,4.497431
847,Office Worker,8,5052,4.4936223
847,Office Worker,9,5101,4.493437
847,Office Worker,10,5203,4.4917746
868,Office Worker,1,5306,4.7509556
868,Office Worker,2,5300,4.74058
868,Office Worker,3,5303,4.738402
868,Office Worker,4,5302,4.7287836
868,Office Worker,5,5298,4.712093
868,Office Worker,6,5194,4.500994
868,Office Worker,7,5201,4.4965973
868,Office Worker,8,5052,4.4914694
868,Office Worker,9,5101,4.4913874
868,Office Worker,10,5203,4.4907813
871,Office Worker,1,5306,4.7533827
871,Office Worker,2,5300,4.7431216
871,Office Worker,3,5303,4.740685
871,Office Worker,4,5302,4.7312193
871,Office Worker,5,5298,4.7144656
871,Office Worker,6,5194,4.500686
871,Office Worker,7,5201,4.496457
871,Office Worker,8,5052,4.4910417
871,Office Worker,9,5101,4.4907446
871,Office Worker,10,5203,4.4906993
872,Office Worker,1,5306,4.75566
872,Office Worker,2,5300,4.745574
872,Office Worker,3,5303,4.7427406
872,Office Worker,4,5302,4.733342
872,Office Worker,5,5298,4.716644
872,Office Worker,6,5194,4.502365
872,Office Worker,7,5201,4.4978194
872,Office Worker,8,5101,4.494452
872,Office Worker,9,5052,4.4940534
872,Office Worker,10,5203,4.492109
873,Office Worker,1,5306,4.7557955
873,Office Worker,2,5300,4.7456493
873,Office Worker,3,5303,4.742891
873,Office Worker,4,5302,4.73351
873,Office Worker,5,5298,4.716806
873,Office Worker,6,5194,4.50163
873,Office Worker,7,5201,4.49736
873,Office Worker,8,5101,4.493756
873,Office Worker,9,5052,4.493445
873,Office Worker,10,5203,4.491702
878,Office Worker,1,5306,4.754859
878,Office Worker,2,5300,4.7447147
878,Office Worker,3,5303,4.7419868
878,Office Worker,4,5298,4.7159224
878,Office Worker,5,5304,4.715115
878,Office Worker,6,5194,4.5022836
878,Office Worker,7,5201,4.49786
878,Office Worker,8,5101,4.49433
878,Office Worker,9,5052,4.494257
878,Office Worker,10,5203,4.49213
884,Office Worker,1,5306,4.7531962
884,Office Worker,2,5300,4.742949
884,Office Worker,3,5303,4.7405176
884,Office Worker,4,5302,4.7310777
884,Office Worker,5,5298,4.7141843
884,Office Worker,6,5194,4.5008016
884,Office Worker,7,5201,4.4963255
884,Office Worker,8,5101,4.4909644
884,Office Worker,9,5052,4.49067
884,Office Worker,10,5203,4.490568
897,Office Worker,1,5306,4.751719
897,Office Worker,2,5300,4.7414637
897,Office Worker,3,5303,4.7390957
897,Office Worker,4,5302,4.7295294
897,Office Worker,5,5298,4.7127624
897,Office Worker,6,5194,4.501767
897,Office Worker,7,5201,4.4970245
897,Office Worker,8,5101,4.492049
897,Office Worker,9,5052,4.491859
897,Office Worker,10,5203,4.491174
900,Office Worker,1,5306,4.757003
900,Office Worker,2,5300,4.7468905
900,Office Worker,3,5302,4.7346506
900,Office Worker,4,5298,4.7179747
900,Office Worker,5,5304,4.717154
900,Office Worker,6,5194,4.50206
900,Office Worker,7,5201,4.4978113
900,Office Worker,8,5101,4.4957557
900,Office Worker,9,5052,4.494939
900,Office Worker,10,5203,4.4922323
906,Office Worker,1,5306,4.749946
906,Office Worker,2,5303,4.7374206
906,Office Worker,3,5298,4.711181
906,Office Worker,4,5304,4.7105465
906,Office Worker,5,5301,4.691306
906,Office Worker,6,5194,4.501968
906,Office Worker,7,5201,4.497432
906,Office Worker,8,5203,4.4915085
906,Office Worker,9,5052,4.4883766
906,Office Worker,10,5214,4.4879003
915,Office Worker,1,5300,4.7451735
915,Office Worker,2,5303,4.74259
915,Office Worker,3,5302,4.7332144
915,Office Worker,4,5298,4.7164707
915,Office Worker,5,5305,4.7142496
915,Office Worker,6,5194,4.500527
915,Office Worker,7,5201,4.496595
915,Office Worker,8,5101,4.492772
915,Office Worker,9,5052,4.4924154
915,Office Worker,10,5203,4.491006
926,Office Worker,1,5306,4.750649
926,Office Worker,2,5300,4.740317
926,Office Worker,3,5303,4.7381163
926,Office Worker,4,5302,4.728479
926,Office Worker,5,5298,4.7118325
926,Office Worker,6,5194,4.501126
926,Office Worker,7,5201,4.4966683
926,Office Worker,8,5052,4.490988
926,Office Worker,9,5203,4.4907656
926,Office Worker,10,5101,4.49025
935,Office Worker,1,5306,4.7563143
935,Office Worker,2,5302,4.7338953
935,Office Worker,3,5298,4.7173133
935,Office Worker,4,5304,4.716341
935,Office Worker,5,5305,4.7149878
935,Office Worker,6,5194,4.5033646
935,Office Worker,7,5201,4.498722
935,Office Worker,8,5203,4.4929953
935,Office Worker,9,5101,4.492868
935,Office Worker,10,5052,4.4924717
944,Office Worker,1,5306,4.75297
944,Office Worker,2,5300,4.7427235
944,Office Worker,3,5303,4.740231
944,Office Worker,4,5302,4.7306695
944,Office Worker,5,5298,4.7140665
944,Office Worker,6,5194,4.502077
944,Office Worker,7,5201,4.4975905
944,Office Worker,8,5101,4.493886
944,Office Worker,9,5052,4.4937277
944,Office Worker,10,5203,4.4918194
963,Office Worker,1,5306,4.7546043
963,Office Worker,2,5300,4.7444773
963,Office Worker,3,5302,4.7323017
963,Office Worker,4,5298,4.7156315
963,Office Worker,5,5301,4.696155
963,Office Worker,6,5194,4.5022745
963,Office Worker,7,5201,4.4977107
963,Office Worker,8,5101,4.493746
963,Office Worker,9,5052,4.4936147
963,Office Worker,10,5203,4.49195
974,Office Worker,1,5303,4.74249
974,Office Worker,2,5302,4.7330527
974,Office Worker,3,5298,4.7164226
974,Office Worker,4,5304,4.7155466
974,Office Worker,5,5305,4.714132
974,Office Worker,6,5194,4.502637
974,Office Worker,7,5201,4.498084
974,Office Worker,8,5101,4.4950705
974,Office Worker,9,5052,4.4947076
974,Office Worker,10,5203,4.492366
975,Office Worker,1,5306,4.75707
975,Office Worker,2,5300,4.7470417
975,Office Worker,3,5303,4.744054
975,Office Worker,4,5298,4.718021
975,Office Worker,5,5304,4.7171197
975,Office Worker,6,5194,4.5024486
975,Office Worker,7,5201,4.4979687
975,Office Worker,8,5101,4.495042
975,Office Worker,9,5052,4.4945207
975,Office Worker,10,5203,4.4923105
981,Office Worker,1,5306,4.756818
981,Office Worker,2,5300,4.746748
981,Office Worker,3,5303,4.7438035
981,Office Worker,4,5302,4.7344365
981,Office Worker,5,5298,4.7177997
981,Office Worker,6,5194,4.5025506
981,Office Worker,7,5201,4.4981475
981,Office Worker,8,5101,4.4959035
981,Office Worker,9,5052,4.4952765
981,Office Worker,10,5203,4.492514
983,Office Worker,1,5306,4.7528024
983,Office Worker,2,5300,4.742509
983,Office Worker,3,5303,4.740116
983,Office Worker,4,5304,4.713295
983,Office Worker,5,5305,4.711642
983,Office Worker,6,5194,4.501153
983,Office Worker,7,5201,4.4968767
983,Office Worker,8,5052,4.49216
983,Office Worker,9,5101,4.492035
983,Office Worker,10,5203,4.4911175
987,Office Worker,1,5303,4.741913
987,Office Worker,2,5302,4.7324533
987,Office Worker,3,5298,4.715789
987,Office Worker,4,5304,4.7149563
987,Office Worker,5,5305,4.7135363
987,Office Worker,6,5194,4.5024095
987,Office Worker,7,5201,4.497863
987,Office Worker,8,5101,4.495038
987,Office Worker,9,5052,4.4944396
987,Office Worker,10,5203,4.4921575
993,Office Worker,1,5306,4.7496977
993,Office Worker,2,5303,4.737259
993,Office Worker,3,5298,4.7108793
993,Office Worker,4,5304,4.710428
993,Office Worker,5,5305,4.708646
993,Office Worker,6,5194,4.500285
993,Office Worker,7,5201,4.4960036
993,Office Worker,8,5052,4.4902577
993,Office Worker,9,5203,4.4901676
993,Office Worker,10,5101,4.4899926
998,Office Worker,1,5306,4.754568
998,Office Worker,2,5300,4.744392
998,Office Worker,3,5303,4.741757
998,Office Worker,4,5302,4.732328
998,Office Worker,5,5298,4.7155976
998,Office Worker,6,5194,4.5015044
998,Office Worker,7,5201,4.4971256
998,Office Worker,8,5101,4.4926095
998,Office Worker,9,5052,4.492521
998,Office Worker,10,5203,4.491398
1006,Office Worker,1,5306,4.757771
1006,Office Worker,2,5300,4.7477264
1006,Office Worker,3,5303,4.744664
1006,Office Worker,4,5298,4.7187138
1006,Office Worker,5,5304,4.7177577
1006,Office Worker,6,5194,4.5030527
1006,Office Worker,7,5201,4.4986305
1006,Office Worker,8,5101,4.4980326
1006,Office Worker,9,5052,4.4968514
1006,Office Worker,10,5203,4.493067
1013,Office Worker,1,5300,4.74236
1013,Office Worker,2,5302,4.730379
1013,Office Worker,3,5304,4.713171
1013,Office Worker,4,5305,4.7114887
1013,Office Worker,5,5299,4.6768575
1013,Office Worker,6,5194,4.5014772
1013,Office Worker,7,5201,4.4972157
1013,Office Worker,8,5052,4.4926925
1013,Office Worker,9,5101,4.4923267
1013,Office Worker,10,5203,4.491434
1014,Office Worker,1,5306,4.754592
1014,Office Worker,2,5303,4.741749
1014,Office Worker,3,5298,4.715673
1014,Office Worker,4,5304,4.714945
1014,Office Worker,5,5305,4.7133846
1014,Office Worker,6,5194,4.5018387
1014,Office Worker,7,5201,4.497587
1014,Office Worker,8,5101,4.494345
1014,Office Worker,9,5052,4.4941187
1014,Office Worker,10,5203,4.491905
1016,Office Worker,1,5306,4.7572513
1016,Office Worker,2,5300,4.7472205
1016,Office Worker,3,5303,4.744218
1016,Office Worker,4,5302,4.734912
1016,Office Worker,5,5298,4.7181325
1016,Office Worker,6,5194,4.502605
1016,Office Worker,7,5201,4.4980125
1016,Office Worker,8,5101,4.496112
1016,Office Worker,9,5052,4.4949384
1016,Office Worker,10,5203,4.492398
1021,Office Worker,1,5306,4.751337
1021,Office Worker,2,5300,4.7409506
1021,Office Worker,3,5303,4.7387896
1021,Office Worker,4,5298,4.7125063
1021,Office Worker,5,5305,4.7102327
1021,Office Worker,6,5194,4.500226
1021,Office Worker,7,5201,4.49608
1021,Office Worker,8,5052,4.490306
1021,Office Worker,9,5203,4.4902744
1021,Office Worker,10,5101,4.4897437
1025,Office Worker,1,5306,4.752105
1025,Office Worker,2,5300,4.741804
1025,Office Worker,3,5303,4.7394605
1025,Office Worker,4,5302,4.729904
1025,Office Worker,5,5298,4.7131677
1025,Office Worker,6,5194,4.5014257
1025,Office Worker,7,5201,4.4969063
1025,Office Worker,8,5101,4.4924383
1025,Office Worker,9,5052,4.492132
1025,Office Worker,10,5203,4.491124
1029,Office Worker,1,5306,4.7535124
1029,Office Worker,2,5300,4.7433305
1029,Office Worker,3,5303,4.7407084
1029,Office Worker,4,5302,4.73116
1029,Office Worker,5,5304,4.713722
1029,Office Worker,6,5194,4.502893
1029,Office Worker,7,5201,4.4982214
1029,Office Worker,8,5203,4.492445
1029,Office Worker,9,5101,4.4916883
1029,Office Worker,10,5052,4.491193
1032,Office Worker,1,5306,4.749965
1032,Office Worker,2,5300,4.7395654
1032,Office Worker,3,5303,4.7375107
1032,Office Worker,4,5302,4.7278886
1032,Office Worker,5,5305,4.7088695
1032,Office Worker,6,5194,4.5005293
1032,Office Worker,7,5201,4.4960213
1032,Office Worker,8,5203,4.4901505
1032,Office Worker,9,5052,4.4898295
1032,Office Worker,10,5101,4.4896708
1035,Office Worker,1,5306,4.754875
1035,Office Worker,2,5303,4.742026
1035,Office Worker,3,5302,4.7325683
1035,Office Worker,4,5298,4.7159758
1035,Office Worker,5,5304,4.715266
1035,Office Worker,6,5194,4.5016055
1035,Office Worker,7,5201,4.49743
1035,Office Worker,8,5052,4.493517
1035,Office Worker,9,5101,4.4933467
1035,Office Worker,10,5203,4.491729
1046,Office Worker,1,5300,4.7419405
1046,Office Worker,2,5303,4.7396927
1046,Office Worker,3,5302,4.7301607
1046,Office Worker,4,5298,4.713471
1046,Office Worker,5,5304,4.712992
1046,Office Worker,6,5194,4.5001388
1046,Office Worker,7,5201,4.4961324
1046,Office Worker,8,5052,4.4906554
1046,Office Worker,9,5203,4.490377
1046,Office Worker,10,5101,4.4900985
1055,Office Worker,1,5300,4.741421
1055,Office Worker,2,5303,4.7392335
1055,Office Worker,3,5302,4.729679
1055,Office Worker,4,5298,4.712963
1055,Office Worker,5,5304,4.712486
1055,Office Worker,6,5194,4.5001955
1055,Office Worker,7,5201,4.496112
1055,Office Worker,8,5052,4.4907174
1055,Office Worker,9,5101,4.490448
1055,Office Worker,10,5203,4.4903593
1056,Office Worker,1,5306,4.75363
1056,Office Worker,2,5300,4.7433586
1056,Office Worker,3,5303,4.7408476
1056,Office Worker,4,5302,4.73131
1056,Office Worker,5,5298,4.714729
1056,Office Worker,6,5194,4.5018578
1056,Office Worker,7,5201,4.497563
1056,Office Worker,8,5101,4.494564
1056,Office Worker,9,5052,4.4942045
1056,Office Worker,10,5203,4.491868
1061,Office Worker,1,5306,4.7542057
1061,Office Worker,2,5300,4.7440004
1061,Office Worker,3,5303,4.7414513
1061,Office Worker,4,5302,4.732039
1061,Office Worker,5,5298,4.7152405
1061,Office Worker,6,5194,4.500843
1061,Office Worker,7,5201,4.4965496
1061,Office Worker,8,5052,4.4911575
1061,Office Worker,9,5101,4.49101
1061,Office Worker,10,5203,4.4908075
1068,Office Worker,1,5300,4.7454624
1068,Office Worker,2,5303,4.7426887
1068,Office Worker,3,5298,4.716627
1068,Office Worker,4,5304,4.715829
1068,Office Worker,5,5305,4.7143517
1068,Office Worker,6,5194,4.5020866
1068,Office Worker,7,5201,4.49774
1068,Office Worker,8,5101,4.494677
1068,Office Worker,9,5052,4.494298
1068,Office Worker,10,5203,4.49207
1070,Office Worker,1,5306,4.755923
1070,Office Worker,2,5300,4.7457848
1070,Office Worker,3,5303,4.742993
1070,Office Worker,4,5302,4.733597
1070,Office Worker,5,5298,4.7169447
1070,Office Worker,6,5194,4.501936
1070,Office Worker,7,5201,4.4976544
1070,Office Worker,8,5101,4.4945445
1070,Office Worker,9,5052,4.4941883
1070,Office Worker,10,5203,4.4920025
1079,Office Worker,1,5306,4.755763
1079,Office Worker,2,5300,4.7456875
1079,Office Worker,3,5302,4.7334347
1079,Office Worker,4,5304,4.7158175
1079,Office Worker,5,5301,4.6973825
1079,Office Worker,6,5194,4.502594
1079,Office Worker,7,5201,4.4979568
1079,Office Worker,8,5101,4.495117
1079,Office Worker,9,5052,4.4944305
1079,Office Worker,10,5203,4.492258
1083,Office Worker,1,5306,4.755392
1083,Office Worker,2,5300,4.745223
1083,Office Worker,3,5303,4.7424774
1083,Office Worker,4,5302,4.733026
1083,Office Worker,5,5298,4.716441
1083,Office Worker,6,5194,4.502236
1083,Office Worker,7,5201,4.4979277
1083,Office Worker,8,5101,4.4954076
1083,Office Worker,9,5052,4.494954
1083,Office Worker,10,5203,4.492272
1087,Office Worker,1,5306,4.7519293
1087,Office Worker,2,5300,4.7416263
1087,Office Worker,3,5302,4.7297673
1087,Office Worker,4,5298,4.7130785
1087,Office Worker,5,5304,4.7125025
1087,Office Worker,6,5194,4.5008044
1087,Office Worker,7,5201,4.496501
1087,Office Worker,8,5052,4.4908376
1087,Office Worker,9,5203,4.4906645
1087,Office Worker,10,5101,4.4901857
1092,Office Worker,1,5306,4.755675
1092,Office Worker,2,5300,4.7455454
1092,Office Worker,3,5303,4.7427235
1092,Office Worker,4,5302,4.733283
1092,Office Worker,5,5298,4.716668
1092,Office Worker,6,5194,4.502749
1092,Office Worker,7,5201,4.49825
1092,Office Worker,8,5101,4.4965563
1092,Office Worker,9,5052,4.495678
1092,Office Worker,10,5203,4.492601
1095,Office Worker,1,5306,4.749212
1095,Office Worker,2,5303,4.7368307
1095,Office Worker,3,5302,4.7271724
1095,Office Worker,4,5298,4.710409
1095,Office Worker,5,5304,4.709995
1095,Office Worker,6,5194,4.4999065
1095,Office Worker,7,5201,4.495602
1095,Office Worker,8,5203,4.4897003
1095,Office Worker,9,5052,4.488862
1095,Office Worker,10,5101,4.488104
1114,Office Worker,1,5306,4.7511373
1114,Office Worker,2,5300,4.7407866
1114,Office Worker,3,5303,4.738604
1114,Office Worker,4,5302,4.729052
1114,Office Worker,5,5298,4.7122025
1114,Office Worker,6,5194,4.5005527
1114,Office Worker,7,5201,4.496073
1114,Office Worker,8,5203,4.4902506
1114,Office Worker,9,5101,4.4901085
1114,Office Worker,10,5052,4.4900675
1117,Office Worker,1,5306,4.75574
1117,Office Worker,2,5300,4.7456684
1117,Office Worker,3,5303,4.742769
1117,Office Worker,4,5302,4.733318
1117,Office Worker,5,5298,4.7167583
1117,Office Worker,6,5194,4.5032573
1117,Office Worker,7,5201,4.498662
1117,Office Worker,8,5101,4.493655
1117,Office Worker,9,5052,4.493128
1117,Office Worker,10,5203,4.49295
1133,Office Worker,1,5306,4.753621
1133,Office Worker,2,5300,4.7433434
1133,Office Worker,3,5303,4.74091
1133,Office Worker,4,5302,4.7314506
1133,Office Worker,5,5304,4.714155
1133,Office Worker,6,5194,4.5005
1133,Office Worker,7,5201,4.496402
1133,Office Worker,8,5052,4.4911385
1133,Office Worker,9,5101,4.490795
1133,Office Worker,10,5203,4.490672
1143,Office Worker,1,5306,4.7530346
1143,Office Worker,2,5300,4.7427807
1143,Office Worker,3,5303,4.740364
1143,Office Worker,4,5302,4.730889
1143,Office Worker,5,5298,4.714119
1143,Office Worker,6,5194,4.500696
1143,Office Worker,7,5201,4.496396
1143,Office Worker,8,5052,4.4906535
1143,Office Worker,9,5203,4.490603
1143,Office Worker,10,5101,4.490231
1153,Office Worker,1,5306,4.7515993
1153,Office Worker,2,5300,4.7411985
1153,Office Worker,3,5303,4.7390747
1153,Office Worker,4,5302,4.7295895
1153,Office Worker,5,5298,4.71264
1153,Office Worker,6,5194,4.4995356
1153,Office Worker,7,5201,4.4953146
1153,Office Worker,8,5203,4.489566
1153,Office Worker,9,5101,4.489044
1153,Office Worker,10,5052,4.488895
1155,Office Worker,1,5300,4.7433996
1155,Office Worker,2,5303,4.740731
1155,Office Worker,3,5302,4.7311583
1155,Office Worker,4,5305,4.7123094
1155,Office Worker,5,5301,4.695141
1155,Office Worker,6,5194,4.5033183
1155,Office Worker,7,5201,4.4986715
1155,Office Worker,8,5203,4.492854
1155,Office Worker,9,5214,4.489312
1155,Office Worker,10,5101,4.4873843
1157,Office Worker,1,5306,4.752645
1157,Office Worker,2,5300,4.742406
1157,Office Worker,3,5303,4.7399697
1157,Office Worker,4,5302,4.730454
1157,Office Worker,5,5298,4.713695
1157,Office Worker,6,5194,4.501466
1157,Office Worker,7,5201,4.4969063
1157,Office Worker,8,5101,4.491787
1157,Office Worker,9,5052,4.491751
1157,Office Worker,10,5203,4.4910975
1159,Office Worker,1,5306,4.755764
1159,Office Worker,2,5303,4.742832
1159,Office Worker,3,5304,4.7158213
1159,Office Worker,4,5305,4.7144737
1159,Office Worker,5,5301,4.697377
1159,Office Worker,6,5194,4.5025263
1159,Office Worker,7,5201,4.4978952
1159,Office Worker,8,5101,4.4949956
1159,Office Worker,9,5052,4.4942904
1159,Office Worker,10,5203,4.492199
1160,Office Worker,1,5300,4.741417
1160,Office Worker,2,5303,4.739147
1160,Office Worker,3,5298,4.712843
1160,Office Worker,4,5305,4.7106113
1160,Office Worker,5,5301,4.6931148
1160,Office Worker,6,5194,4.5009856
1160,Office Worker,7,5201,4.4965744
1160,Office Worker,8,5101,4.491415
1160,Office Worker,9,5052,4.491381
1160,Office Worker,10,5203,4.490781
1164,Office Worker,1,5306,4.7476726
1164,Office Worker,2,5303,4.7353625
1164,Office Worker,3,5302,4.7255745
1164,Office Worker,4,5298,4.7089343
1164,Office Worker,5,5304,4.708501
1164,Office Worker,6,5194,4.500515
1164,Office Worker,7,5201,4.49609
1164,Office Worker,8,5203,4.4901543
1164,Office Worker,9,5052,4.490143
1164,Office Worker,10,5101,4.4895763
1168,Office Worker,1,5306,4.75595
1168,Office Worker,2,5300,4.745816
1168,Office Worker,3,5303,4.743058
1168,Office Worker,4,5302,4.733712
1168,Office Worker,5,5298,4.716952
1168,Office Worker,6,5194,4.501259
1168,Office Worker,7,5201,4.497025
1168,Office Worker,8,5101,4.4926095
1168,Office Worker,9,5052,4.4924865
1168,Office Worker,10,5203,4.491357
1175,Office Worker,1,5306,4.751652
1175,Office Worker,2,5300,4.7413025
1175,Office Worker,3,5303,4.739066
1175,Office Worker,4,5302,4.729518
1175,Office Worker,5,5298,4.7127123
1175,Office Worker,6,5194,4.500794
1175,Office Worker,7,5201,4.49636
1175,Office Worker,8,5101,4.4912944
1175,Office Worker,9,5052,4.491019
1175,Office Worker,10,5203,4.4905825
1179,Office Worker,1,5306,4.755311
1179,Office Worker,2,5300,4.7451525
1179,Office Worker,3,5303,4.7424526
1179,Office Worker,4,5302,4.733081
1179,Office Worker,5,5298,4.716263
1179,Office Worker,6,5194,4.5015087
1179,Office Worker,7,5201,4.4970837
1179,Office Worker,8,5101,4.4934373
1179,Office Worker,9,5052,4.492772
1179,Office Worker,10,5203,4.4914165
1181,Office Worker,1,5306,4.7522707
1181,Office Worker,2,5303,4.739626
1181,Office Worker,3,5302,4.7300663
1181,Office Worker,4,5304,4.712823
1181,Office Worker,5,5305,4.7111273
1181,Office Worker,6,5194,4.5009823
1181,Office Worker,7,5201,4.4967303
1181,Office Worker,8,5052,4.4917946
1181,Office Worker,9,5101,4.491516
1181,Office Worker,10,5203,4.4909506
1185,Office Worker,1,5306,4.7545877
1185,Office Worker,2,5300,4.7443495
1185,Office Worker,3,5303,4.74178
1185,Office Worker,4,5304,4.715037
1185,Office Worker,5,5305,4.7133937
1185,Office Worker,6,5194,4.501087
1185,Office Worker,7,5201,4.496994
1185,Office Worker,8,5052,4.4927206
1185,Office Worker,9,5101,4.4926434
1185,Office Worker,10,5203,4.4913125
1190,Office Worker,1,5306,4.758013
1190,Office Worker,2,5302,4.7356544
1190,Office Worker,3,5298,4.7189355
1190,Office Worker,4,5305,4.716685
1190,Office Worker,5,5301,4.6997676
1190,Office Worker,6,5194,4.502433
1190,Office Worker,7,5201,4.498026
1190,Office Worker,8,5101,4.495699
1190,Office Worker,9,5052,4.4949446
1190,Office Worker,10,5203,4.492423
1192,Office Worker,1,5306,4.75354
1192,Office Worker,2,5300,4.7433124
1192,Office Worker,3,5303,4.7407475
1192,Office Worker,4,5302,4.7312117
1192,Office Worker,5,5298,4.7145753
1192,Office Worker,6,5194,4.502417
1192,Office Worker,7,5201,4.4978395
1192,Office Worker,8,5101,4.4953365
1192,Office Worker,9,5052,4.494594
1192,Office Worker,10,5203,4.49212
1193,Office Worker,1,5306,4.7510395
1193,Office Worker,2,5300,4.7406983
1193,Office Worker,3,5302,4.728855
1193,Office Worker,4,5298,4.7122083
1193,Office Worker,5,5304,4.711621
1193,Office Worker,6,5194,4.501113
1193,Office Worker,7,5201,4.4967136
1193,Office Worker,8,5052,4.4913774
1193,Office Worker,9,5101,4.4908867
1193,Office Worker,10,5203,4.4908566
1199,Office Worker,1,5306,4.7508726
1199,Office Worker,2,5300,4.7404532
1199,Office Worker,3,5298,4.7121
1199,Office Worker,4,5304,4.7117023
1199,Office Worker,5,5305,4.70979
1199,Office Worker,6,5194,4.499688
1199,Office Worker,7,5201,4.495698
1199,Office Worker,8,5203,4.4898634
1199,Office Worker,9,5052,4.489335
1199,Office Worker,10,5101,4.4882474
1200,Office Worker,1,5306,4.753424
1200,Office Worker,2,5300,4.743151
1200,Office Worker,3,5303,4.7407227
1200,Office Worker,4,5302,4.731272
1200,Office Worker,5,5298,4.714446
1200,Office Worker,6,5194,4.500742
1200,Office Worker,7,5201,4.496422
1200,Office Worker,8,5101,4.4915104
1200,Office Worker,9,5052,4.491241
1200,Office Worker,10,5203,4.490702
1201,Office Worker,1,5306,4.759917
1201,Office Worker,2,5300,4.749938
1201,Office Worker,3,5303,4.7467036
1201,Office Worker,4,5302,4.7375064
1201,Office Worker,5,5304,4.7198925
1201,Office Worker,6,5194,4.5023756
1201,Office Worker,7,5201,4.4982147
1201,Office Worker,8,5101,4.497188
1201,Office Worker,9,5052,4.496092
1201,Office Worker,10,5427,4.4931784
1204,Office Worker,1,5303,4.743243
1204,Office Worker,2,5302,4.733865
1204,Office Worker,3,5298,4.717198
1204,Office Worker,4,5304,4.716311
1204,Office Worker,5,5305,4.714898
1204,Office Worker,6,5194,4.5024934
1204,Office Worker,7,5201,4.497973
1204,Office Worker,8,5101,4.494455
1204,Office Worker,9,5052,4.4942627
1204,Office Worker,10,5203,4.492257
1226,Office Worker,1,5303,4.739785
1226,Office Worker,2,5302,4.730215
1226,Office Worker,3,5298,4.7136064
1226,Office Worker,4,5304,4.712908
1226,Office Worker,5,5305,4.7112803
1226,Office Worker,6,5194,4.501757
1226,Office Worker,7,5201,4.4972906
1226,Office Worker,8,5052,4.4923553
1226,Office Worker,9,5101,4.4919243
1226,Office Worker,10,5203,4.4914536
1230,Office Worker,1,5306,4.7559147
1230,Office Worker,2,5300,4.7458525
1230,Office Worker,3,5303,4.7429442
1230,Office Worker,4,5304,4.7160063
1230,Office Worker,5,5305,4.7146163
1230,Office Worker,6,5194,4.503012
1230,Office Worker,7,5201,4.4984455
1230,Office Worker,8,5101,4.494229
1230,Office Worker,9,5052,4.4938335
1230,Office Worker,10,5203,4.4927325
1233,Office Worker,1,5306,4.7532406
1233,Office Worker,2,5300,4.7430096
1233,Office Worker,3,5303,4.7405024
1233,Office Worker,4,5298,4.7142944
1233,Office Worker,5,5305,4.712041
1233,Office Worker,6,5194,4.501802
1233,Office Worker,7,5201,4.4972944
1233,Office Worker,8,5101,4.4931693
1233,Office Worker,9,5052,4.4929357
1233,Office Worker,10,5203,4.49153
1236,Office Worker,1,5306,4.751935
1236,Office Worker,2,5300,4.741693
1236,Office Worker,3,5302,4.7296495
1236,Office Worker,4,5298,4.7130423
1236,Office Worker,5,5304,4.7122784
1236,Office Worker,6,5194,4.502444
1236,Office Worker,7,5201,4.497758
1236,Office Worker,8,5203,4.4919033
1236,Office Worker,9,5101,4.4901667
1236,Office Worker,10,5052,4.4901166
1237,Office Worker,1,5306,4.7529464
1237,Office Worker,2,5300,4.7427187
1237,Office Worker,3,5303,4.7402043
1237,Office Worker,4,5302,4.730651
1237,Office Worker,5,5298,4.7139983
1237,Office Worker,6,5194,4.502306
1237,Office Worker,7,5201,4.497671
1237,Office Worker,8,5101,4.4942694
1237,Office Worker,9,5052,4.493824
1237,Office Worker,10,5203,4.4918966
1238,Office Worker,1,5306,4.7533445
1238,Office Worker,2,5300,4.7430644
1238,Office Worker,3,5303,4.740677
1238,Office Worker,4,5302,4.73124
1238,Office Worker,5,5298,4.7144213
1238,Office Worker,6,5194,4.500111
1238,Office Worker,7,5201,4.4959764
1238,Office Worker,8,5203,4.490226
1238,Office Worker,9,5052,4.4899945
1238,Office Worker,10,5101,4.489586
1246,Office Worker,1,5300,4.7434044
1246,Office Worker,2,5303,4.740863
1246,Office Worker,3,5302,4.731395
1246,Office Worker,4,5298,4.714633
1246,Office Worker,5,5304,4.713916
1246,Office Worker,6,5194,4.501508
1246,Office Worker,7,5201,4.4970036
1246,Office Worker,8,5101,4.4921646
1246,Office Worker,9,5052,4.4920673
1246,Office Worker,10,5203,4.4912314
1250,Office Worker,1,5306,4.7518907
1250,Office Worker,2,5300,4.7415776
1250,Office Worker,3,5302,4.729651
1250,Office Worker,4,5304,4.7123938
1250,Office Worker,5,5305,4.7107434
1250,Office Worker,6,5194,4.5014787
1250,Office Worker,7,5201,4.4970856
1250,Office Worker,8,5052,4.492519
1250,Office Worker,9,5101,4.492339
1250,Office Worker,10,5203,4.4912796
1251,Office Worker,1,5306,4.756073
1251,Office Worker,2,5303,4.743121
1251,Office Worker,3,5302,4.73373
1251,Office Worker,4,5304,4.716226
1251,Office Worker,5,5305,4.7148075
1251,Office Worker,6,5194,4.5022492
1251,Office Worker,7,5201,4.4978533
1251,Office Worker,8,5101,4.4953213
1251,Office Worker,9,5052,4.494667
1251,Office Worker,10,5203,4.4922094
1252,Office Worker,1,5306,4.751096
1252,Office Worker,2,5300,4.740733
1252,Office Worker,3,5303,4.738516
1252,Office Worker,4,5302,4.7288637
1252,Office Worker,5,5298,4.7123175
1252,Office Worker,6,5194,4.501225
1252,Office Worker,7,5201,4.496959
1252,Office Worker,8,5052,4.491375
1252,Office Worker,9,5203,4.4911175
1252,Office Worker,10,5101,4.4907484
1255,Office Worker,1,5306,4.7504816
1255,Office Worker,2,5300,4.7400837
1255,Office Worker,3,5303,4.737956
1255,Office Worker,4,5302,4.7283077
1255,Office Worker,5,5304,4.711055
1255,Office Worker,6,5194,4.501083
1255,Office Worker,7,5201,4.496637
1255,Office Worker,8,5101,4.491621
1255,Office Worker,9,5052,4.4916
1255,Office Worker,10,5203,4.4908113
1256,Office Worker,1,5306,4.7523265
1256,Office Worker,2,5300,4.742056
1256,Office Worker,3,5303,4.739687
1256,Office Worker,4,5302,4.7301626
1256,Office Worker,5,5298,4.7134027
1256,Office Worker,6,5194,4.5011
1256,Office Worker,7,5201,4.4966364
1256,Office Worker,8,5052,4.4911785
1256,Office Worker,9,5101,4.491021
1256,Office Worker,10,5203,4.490823
1270,Office Worker,1,5306,4.752617
1270,Office Worker,2,5300,4.742279
1270,Office Worker,3,5303,4.7399445
1270,Office Worker,4,5298,4.7137413
1270,Office Worker,5,5304,4.7131586
1270,Office Worker,6,5194,4.5009675
1270,Office Worker,7,5201,4.4967785
1270,Office Worker,8,5101,4.492277
1270,Office Worker,9,5052,4.4922657
1270,Office Worker,10,5203,4.4910493
1280,Office Worker,1,5306,4.752659
1280,Office Worker,2,5300,4.7423534
1280,Office Worker,3,5303,4.7399893
1280,Office Worker,4,5302,4.7304635
1280,Office Worker,5,5298,4.7137446
1280,Office Worker,6,5194,4.5010376
1280,Office Worker,7,5201,4.496718
1280,Office Worker,8,5101,4.4919796
1280,Office Worker,9,5052,4.4918995
1280,Office Worker,10,5203,4.490967
1285,Office Worker,1,5306,4.755189
1285,Office Worker,2,5300,4.744997
1285,Office Worker,3,5302,4.732857
1285,Office Worker,4,5298,4.7162595
1285,Office Worker,5,5304,4.7155204
1285,Office Worker,6,5194,4.5018177
1285,Office Worker,7,5201,4.4976106
1285,Office Worker,8,5101,4.4944196
1285,Office Worker,9,5052,4.4942093
1285,Office Worker,10,5203,4.491947
1287,Office Worker,1,5306,4.7549086
1287,Office Worker,2,5300,4.744812
1287,Office Worker,3,5303,4.742021
1287,Office Worker,4,5302,4.7325687
1287,Office Worker,5,5304,4.715001
1287,Office Worker,6,5194,4.5027714
1287,Office Worker,7,5201,4.4980726
1287,Office Worker,8,5101,4.4950113
1287,Office Worker,9,5052,4.494513
1287,Office Worker,10,5203,4.492326
1290,Office Worker,1,5306,4.7509108
1290,Office Worker,2,5300,4.7406187
1290,Office Worker,3,5303,4.7383204
1290,Office Worker,4,5302,4.728656
1290,Office Worker,5,5298,4.712099
1290,Office Worker,6,5194,4.502056
1290,Office Worker,7,5201,4.4974794
1290,Office Worker,8,5203,4.491568
1290,Office Worker,9,5052,4.4887824
1290,Office Worker,10,5101,4.488253
1292,Office Worker,1,5306,4.751571
1292,Office Worker,2,5300,4.741202
1292,Office Worker,3,5303,4.738934
1292,Office Worker,4,5298,4.7127333
1292,Office Worker,5,5304,4.712104
1292,Office Worker,6,5194,4.5017247
1292,Office Worker,7,5201,4.4973826
1292,Office Worker,8,5101,4.4918604
1292,Office Worker,9,5052,4.4916477
1292,Office Worker,10,5203,4.491617
1295,Office Worker,1,5300,4.744284
1295,Office Worker,2,5303,4.741719
1295,Office Worker,3,5298,4.7155347
1295,Office Worker,4,5304,4.7148824
1295,Office Worker,5,5305,4.7132974
1295,Office Worker,6,5194,4.5009475
1295,Office Worker,7,5201,4.496711
1295,Office Worker,8,5101,4.492005
1295,Office Worker,9,5052,4.491887
1295,Office Worker,10,5203,4.4910145
1301,Office Worker,1,5306,4.7478166
1301,Office Worker,2,5300,4.7373486
1301,Office Worker,3,5303,4.7354965
1301,Office Worker,4,5302,4.7257257
1301,Office Worker,5,5298,4.7090673
1301,Office Worker,6,5194,4.5007052
1301,Office Worker,7,5201,4.4961586
1301,Office Worker,8,5203,4.4901695
1301,Office Worker,9,5052,4.4897904
1301,Office Worker,10,5101,4.488938
1319,Office Worker,1,5306,4.7551785
1319,Office Worker,2,5300,4.7450137
1319,Office Worker,3,5303,4.742321
1319,Office Worker,4,5302,4.7329097
1319,Office Worker,5,5298,4.71622
1319,Office Worker,6,5194,4.501522
1319,Office Worker,7,5201,4.4972486
1319,Office Worker,8,5101,4.4930615
1319,Office Worker,9,5052,4.4930053
1319,Office Worker,10,5203,4.4915533
1322,Office Worker,1,5300,4.7447753
1322,Office Worker,2,5303,4.742099
1322,Office Worker,3,5298,4.715988
1322,Office Worker,4,5304,4.7152753
1322,Office Worker,5,5305,4.713682
1322,Office Worker,6,5194,4.501355
1322,Office Worker,7,5201,4.497074
1322,Office Worker,8,5052,4.492219
1322,Office Worker,9,5101,4.4918823
1322,Office Worker,10,5203,4.4913306
1327,Office Worker,1,5300,4.7418756
1327,Office Worker,2,5303,4.73948
1327,Office Worker,3,5302,4.7299557
1327,Office Worker,4,5298,4.7131157
1327,Office Worker,5,5304,4.712394
1327,Office Worker,6,5194,4.501618
1327,Office Worker,7,5201,4.496859
1327,Office Worker,8,5101,4.492015
1327,Office Worker,9,5052,4.491575
1327,Office Worker,10,5203,4.4910374
1329,Office Worker,1,5306,4.754723
1329,Office Worker,2,5300,4.7444806
1329,Office Worker,3,5303,4.7419157
1329,Office Worker,4,5302,4.732494
1329,Office Worker,5,5298,4.7157803
1329,Office Worker,6,5194,4.500918
1329,Office Worker,7,5201,4.4968147
1329,Office Worker,8,5101,4.492581
1329,Office Worker,9,5052,4.49244
1329,Office Worker,10,5203,4.4911547
1332,Office Worker,1,5306,4.7483277
1332,Office Worker,2,5300,4.7378774
1332,Office Worker,3,5303,4.735958
1332,Office Worker,4,5298,4.709502
1332,Office Worker,5,5304,4.7089596
1332,Office Worker,6,5194,4.5010705
1332,Office Worker,7,5201,4.496396
1332,Office Worker,8,5052,4.4905567
1332,Office Worker,9,5203,4.4904575
1332,Office Worker,10,5101,4.4903774
1346,Office Worker,1,5306,4.7577257
1346,Office Worker,2,5303,4.744646
1346,Office Worker,3,5302,4.7353363
1346,Office Worker,4,5298,4.718648
1346,Office Worker,5,5304,4.717685
1346,Office Worker,6,5194,4.5028586
1346,Office Worker,7,5201,4.498329
1346,Office Worker,8,5101,4.49636
1346,Office Worker,9,5052,4.4955254
1346,Office Worker,10,5203,4.4927044
1354,Office Worker,1,5306,4.7535934
1354,Office Worker,2,5303,4.740833
1354,Office Worker,3,5302,4.7313037
1354,Office Worker,4,5298,4.7147427
1354,Office Worker,5,5304,4.7140956
1354,Office Worker,6,5194,4.5014105
1354,Office Worker,7,5201,4.497263
1354,Office Worker,8,5052,4.493223
1354,Office Worker,9,5101,4.492959
1354,Office Worker,10,5203,4.491534
1358,Office Worker,1,5306,4.7540855
1358,Office Worker,2,5300,4.743893
1358,Office Worker,3,5303,4.7413006
1358,Office Worker,4,5302,4.731846
1358,Office Worker,5,5298,4.715102
1358,Office Worker,6,5194,4.501662
1358,Office Worker,7,5201,4.4971824
1358,Office Worker,8,5101,4.4929814
1358,Office Worker,9,5052,4.492692
1358,Office Worker,10,5203,4.4914446
1369,Office Worker,1,5306,4.757124
1369,Office Worker,2,5300,4.746987
1369,Office Worker,3,5302,4.7347956
1369,Office Worker,4,5304,4.7174063
1369,Office Worker,5,5305,4.715872
1369,Office Worker,6,5194,4.5014877
1369,Office Worker,7,5201,4.4974756
1369,Office Worker,8,5101,4.4946003
1369,Office Worker,9,5052,4.4942274
1369,Office Worker,10,5203,4.491905
1373,Office Worker,1,5306,4.7578883
1373,Office Worker,2,5300,4.7477865
1373,Office Worker,3,5303,4.744815
1373,Office Worker,4,5302,4.735491
1373,Office Worker,5,5298,4.718912
1373,Office Worker,6,5194,4.501954
1373,Office Worker,7,5201,4.4979525
1373,Office Worker,8,5101,4.4959536
1373,Office Worker,9,5052,4.4954615
1373,Office Worker,10,5203,4.4924116
1376,Office Worker,1,5306,4.75298
1376,Office Worker,2,5303,4.740261
1376,Office Worker,3,5302,4.7307067
1376,Office Worker,4,5298,4.714116
1376,Office Worker,5,5304,4.713467
1376,Office Worker,6,5194,4.501472
1376,Office Worker,7,5201,4.497219
1376,Office Worker,8,5052,4.493103
1376,Office Worker,9,5101,4.493011
1376,Office Worker,10,5203,4.4914737
1377,Office Worker,1,5306,4.749722
1377,Office Worker,2,5303,4.737233
1377,Office Worker,3,5302,4.7275295
1377,Office Worker,4,5304,4.7102904
1377,Office Worker,5,5299,4.6738057
1377,Office Worker,6,5194,4.501564
1377,Office Worker,7,5201,4.4969635
1377,Office Worker,8,5203,4.4910564
1377,Office Worker,9,5052,4.490059
1377,Office Worker,10,5101,4.489793
1385,Office Worker,1,5306,4.7558928
1385,Office Worker,2,5300,4.7457867
1385,Office Worker,3,5303,4.742963
1385,Office Worker,4,5302,4.733594
1385,Office Worker,5,5298,4.7168145
1385,Office Worker,6,5194,4.5022516
1385,Office Worker,7,5201,4.4976807
1385,Office Worker,8,5101,4.495114
1385,Office Worker,9,5052,4.4941306
1385,Office Worker,10,5203,4.492027
1386,Office Worker,1,5306,4.7578506
1386,Office Worker,2,5300,4.747805
1386,Office Worker,3,5303,4.744814
1386,Office Worker,4,5302,4.735571
1386,Office Worker,5,5298,4.718731
1386,Office Worker,6,5194,4.501787
1386,Office Worker,7,5201,4.497427
1386,Office Worker,8,5101,4.494814
1386,Office Worker,9,5052,4.493814
1386,Office Worker,10,5203,4.491854
1390,Office Worker,1,5302,4.732319
1390,Office Worker,2,5298,4.715701
1390,Office Worker,3,5304,4.7149115
1390,Office Worker,4,5305,4.7134075
1390,Office Worker,5,5301,4.6962433
1390,Office Worker,6,5194,4.502167
1390,Office Worker,7,5201,4.4977455
1390,Office Worker,8,5101,4.494276
1390,Office Worker,9,5052,4.494091
1390,Office Worker,10,5203,4.492023
1392,Office Worker,1,5306,4.7494473
1392,Office Worker,2,5300,4.739027
1392,Office Worker,3,5303,4.7369933
1392,Office Worker,4,5302,4.7272863
1392,Office Worker,5,5298,4.7106423
1392,Office Worker,6,5194,4.5010924
1392,Office Worker,7,5201,4.496598
1392,Office Worker,8,5052,4.4912024
1392,Office Worker,9,5101,4.490855
1392,Office Worker,10,5203,4.4907045
1396,Office Worker,1,5306,4.7533803
1396,Office Worker,2,5300,4.743192
1396,Office Worker,3,5303,4.7406435
1396,Office Worker,4,5302,4.731167
1396,Office Worker,5,5298,4.714371
1396,Office Worker,6,5194,4.5018334
1396,Office Worker,7,5201,4.4971566
1396,Office Worker,8,5101,4.4927216
1396,Office Worker,9,5052,4.492326
1396,Office Worker,10,5203,4.4913726
1397,Office Worker,1,5306,4.7539396
1397,Office Worker,2,5300,4.743682
1397,Office Worker,3,5303,4.7411795
1397,Office Worker,4,5302,4.731712
1397,Office Worker,5,5298,4.715013
1397,Office Worker,6,5194,4.501087
1397,Office Worker,7,5201,4.496879
1397,Office Worker,8,5101,4.49246
1397,Office Worker,9,5052,4.492387
1397,Office Worker,10,5203,4.4911757
1401,Office Worker,1,5300,4.7410192
1401,Office Worker,2,5303,4.7387676
1401,Office Worker,3,5302,4.7291155
1401,Office Worker,4,5304,4.7119627
1401,Office Worker,5,5301,4.692849
1401,Office Worker,6,5194,4.501518
1401,Office Worker,7,5201,4.497205
1401,Office Worker,8,5052,4.4930816
1401,Office Worker,9,5101,4.492915
1401,Office Worker,10,5203,4.4914093
1408,Office Worker,1,5300,4.744928
1408,Office Worker,2,5302,4.7328987
1408,Office Worker,3,5298,4.7162576
1408,Office Worker,4,5305,4.7139654
1408,Office Worker,5,5301,4.6967735
1408,Office Worker,6,5194,4.500928
1408,Office Worker,7,5201,4.4969587
1408,Office Worker,8,5052,4.492814
1408,Office Worker,9,5101,4.4927063
1408,Office Worker,10,5203,4.491312
1409,Office Worker,1,5306,4.75773
1409,Office Worker,2,5300,4.747783
1409,Office Worker,3,5303,4.744668
1409,Office Worker,4,5302,4.735381
1409,Office Worker,5,5304,4.7176995
1409,Office Worker,6,5194,4.5027075
1409,Office Worker,7,5201,4.4981318
1409,Office Worker,8,5101,4.4947147
1409,Office Worker,9,5052,4.4944263
1409,Office Worker,10,5203,4.49244
1418,Office Worker,1,5300,4.7435503
1418,Office Worker,2,5303,4.7411194
1418,Office Worker,3,5302,4.731676
1418,Office Worker,4,5298,4.7149363
1418,Office Worker,5,5304,4.7143936
1418,Office Worker,6,5194,4.5002966
1418,Office Worker,7,5201,4.496278
1418,Office Worker,8,5052,4.491025
1418,Office Worker,9,5101,4.4907203
1418,Office Worker,10,5203,4.490573
1425,Office Worker,1,5306,4.7511272
1425,Office Worker,2,5303,4.738599
1425,Office Worker,3,5302,4.72902
1425,Office Worker,4,5298,4.7122736
1425,Office Worker,5,5305,4.710044
1425,Office Worker,6,5194,4.5000863
1425,Office Worker,7,5201,4.4959407
1425,Office Worker,8,5052,4.4902883
1425,Office Worker,9,5203,4.4901657
1425,Office Worker,10,5101,4.490064
1430,Office Worker,1,5306,4.754289
1430,Office Worker,2,5302,4.732026
1430,Office Worker,3,5298,4.7153196
1430,Office Worker,4,5304,4.7145996
1430,Office Worker,5,5305,4.7130804
1430,Office Worker,6,5194,4.5016174
1430,Office Worker,7,5201,4.497248
1430,Office Worker,8,5101,4.493585
1430,Office Worker,9,5052,4.4931803
1430,Office Worker,10,5203,4.4915514
1431,Office Worker,1,5306,4.754459
1431,Office Worker,2,5303,4.741641
1431,Office Worker,3,5298,4.715477
1431,Office Worker,4,5304,4.7147126
1431,Office Worker,5,5305,4.7132225
1431,Office Worker,6,5194,4.5018253
1431,Office Worker,7,5201,4.4973516
1431,Office Worker,8,5101,4.493328
1431,Office Worker,9,5052,4.493062
1431,Office Worker,10,5203,4.4916205
1435,Office Worker,1,5306,4.7542896
1435,Office Worker,2,5300,4.744104
1435,Office Worker,3,5303,4.7414827
1435,Office Worker,4,5298,4.7153864
1435,Office Worker,5,5305,4.7130656
1435,Office Worker,6,5194,4.501681
1435,Office Worker,7,5201,4.4973717
1435,Office Worker,8,5052,4.4930334
1435,Office Worker,9,5101,4.49276
1435,Office Worker,10,5203,4.491619
1440,Office Worker,1,5306,4.751211
1440,Office Worker,2,5300,4.7408543
1440,Office Worker,3,5302,4.729125
1440,Office Worker,4,5298,4.712345
1440,Office Worker,5,5304,4.711844
1440,Office Worker,6,5194,4.50023
1440,Office Worker,7,5201,4.4959435
1440,Office Worker,8,5203,4.4901037
1440,Office Worker,9,5052,4.489655
1440,Office Worker,10,5101,4.4890924
1445,Office Worker,1,5306,4.7513704
1445,Office Worker,2,5300,4.7410727
1445,Office Worker,3,5303,4.738773
1445,Office Worker,4,5302,4.7291737
1445,Office Worker,5,5298,4.712469
1445,Office Worker,6,5194,4.5015593
1445,Office Worker,7,5201,4.4969554
1445,Office Worker,8,5052,4.491866
1445,Office Worker,9,5101,4.491827
1445,Office Worker,10,5203,4.4911065
1449,Office Worker,1,5306,4.7529
1449,Office Worker,2,5303,4.7401967
1449,Office Worker,3,5298,4.7139516
1449,Office Worker,4,5305,4.711734
1449,Office Worker,5,5301,4.694368
1449,Office Worker,6,5194,4.5014353
1449,Office Worker,7,5201,4.497011
1449,Office Worker,8,5101,4.493122
1449,Office Worker,9,5052,4.492672
1449,Office Worker,10,5203,4.4912806
1451,Office Worker,1,5306,4.7499323
1451,Office Worker,2,5302,4.7278566
1451,Office Worker,3,5298,4.7111382
1451,Office Worker,4,5305,4.70885
1451,Office Worker,5,5301,4.6911554
1451,Office Worker,6,5194,4.500089
1451,Office Worker,7,5201,4.4958324
1451,Office Worker,8,5203,4.4899397
1451,Office Worker,9,5052,4.48932
1451,Office Worker,10,5101,4.488409
1452,Office Worker,1,5306,4.7555685
1452,Office Worker,2,5300,4.745454
1452,Office Worker,3,5303,4.742676
1452,Office Worker,4,5302,4.733278
1452,Office Worker,5,5298,4.716606
1452,Office Worker,6,5194,4.5018187
1452,Office Worker,7,5201,4.4974794
1452,Office Worker,8,5052,4.493269
1452,Office Worker,9,5101,4.4931955
1452,Office Worker,10,5203,4.491763
1469,Office Worker,1,5306,4.7556934
1469,Office Worker,2,5300,4.7456155
1469,Office Worker,3,5303,4.742733
1469,Office Worker,4,5298,4.7166767
1469,Office Worker,5,5304,4.71574
1469,Office Worker,6,5194,4.503092
1469,Office Worker,7,5201,4.4984426
1469,Office Worker,8,5101,4.49642
1469,Office Worker,9,5052,4.495692
1469,Office Worker,10,5203,4.4927464
1470,Office Worker,1,5306,4.757185
1470,Office Worker,2,5300,4.7471986
1470,Office Worker,3,5303,4.7441254
1470,Office Worker,4,5302,4.7347727
1470,Office Worker,5,5298,4.718129
1470,Office Worker,6,5194,4.5032444
1470,Office Worker,7,5201,4.4986
1470,Office Worker,8,5101,4.4958105
1470,Office Worker,9,5052,4.495131
1470,Office Worker,10,5203,4.492924
1474,Office Worker,1,5306,4.753128
1474,Office Worker,2,5303,4.7403617
1474,Office Worker,3,5302,4.7307825
1474,Office Worker,4,5304,4.7134943
1474,Office Worker,5,5301,4.694688
1474,Office Worker,6,5194,4.5024095
1474,Office Worker,7,5201,4.497945
1474,Office Worker,8,5052,4.4928074
1474,Office Worker,9,5101,4.4927807
1474,Office Worker,10,5203,4.4921603
1486,Office Worker,1,5306,4.757811
1486,Office Worker,2,5300,4.7478
1486,Office Worker,3,5303,4.7447443
1486,Office Worker,4,5302,4.735446
1486,Office Worker,5,5298,4.718775
1486,Office Worker,6,5194,4.5023956
1486,Office Worker,7,5201,4.498042
1486,Office Worker,8,5101,4.495268
1486,Office Worker,9,5052,4.4948397
1486,Office Worker,10,5203,4.492416
1488,Office Worker,1,5306,4.7548847
1488,Office Worker,2,5300,4.7447286
1488,Office Worker,3,5303,4.7420783
1488,Office Worker,4,5302,4.732705
1488,Office Worker,5,5298,4.7158723
1488,Office Worker,6,5194,4.501112
1488,Office Worker,7,5201,4.496727
1488,Office Worker,8,5101,4.491618
1488,Office Worker,9,5052,4.491522
1488,Office Worker,10,5203,4.4910026
1493,Office Worker,1,5306,4.756171
1493,Office Worker,2,5300,4.746112
1493,Office Worker,3,5302,4.7337437
1493,Office Worker,4,5298,4.7171555
1493,Office Worker,5,5304,4.716198
1493,Office Worker,6,5194,4.503247
1493,Office Worker,7,5201,4.4986296
1493,Office Worker,8,5101,4.496664
1493,Office Worker,9,5052,4.495905
1493,Office Worker,10,5203,4.492952
1499,Office Worker,1,5306,4.755432
1499,Office Worker,2,5300,4.7452707
1499,Office Worker,3,5303,4.7425346
1499,Office Worker,4,5302,4.733095
1499,Office Worker,5,5298,4.7165294
1499,Office Worker,6,5194,4.501812
1499,Office Worker,7,5201,4.497644
1499,Office Worker,8,5052,4.4940057
1499,Office Worker,9,5101,4.4938354
1499,Office Worker,10,5203,4.4919553
1505,Office Worker,1,5306,4.7527046
1505,Office Worker,2,5300,4.7424116
1505,Office Worker,3,5303,4.7400446
1505,Office Worker,4,5298,4.713762
1505,Office Worker,5,5305,4.711541
1505,Office Worker,6,5194,4.500882
1505,Office Worker,7,5201,4.496517
1505,Office Worker,8,5101,4.4914
1505,Office Worker,9,5052,4.491294
1505,Office Worker,10,5203,4.490759
1507,Office Worker,1,5306,4.7499394
1507,Office Worker,2,5300,4.7396035
1507,Office Worker,3,5303,4.737463
1507,Office Worker,4,5302,4.727791
1507,Office Worker,5,5301,4.6911874
1507,Office Worker,6,5194,4.5009956
1507,Office Worker,7,5201,4.4965324
1507,Office Worker,8,5203,4.4905605
1507,Office Worker,9,5052,4.4903164
1507,Office Worker,10,5101,4.489051
1514,Office Worker,1,5306,4.753433
1514,Office Worker,2,5300,4.743187
1514,Office Worker,3,5303,4.740664
1514,Office Worker,4,5302,4.7311325
1514,Office Worker,5,5298,4.7144933
1514,Office Worker,6,5194,4.5020304
1514,Office Worker,7,5201,4.497564
1514,Office Worker,8,5101,4.4943953
1514,Office Worker,9,5052,4.493918
1514,Office Worker,10,5203,4.4918385
1525,Office Worker,1,5306,4.755128
1525,Office Worker,2,5303,4.742254
1525,Office Worker,3,5302,4.7328386
1525,Office Worker,4,5298,4.7161174
1525,Office Worker,5,5304,4.715288
1525,Office Worker,6,5194,4.5021763
1525,Office Worker,7,5201,4.4976196
1525,Office Worker,8,5101,4.493869
1525,Office Worker,9,5052,4.4935284
1525,Office Worker,10,5203,4.49189
1527,Office Worker,1,5306,4.756618
1527,Office Worker,2,5303,4.743597
1527,Office Worker,3,5302,4.734187
1527,Office Worker,4,5298,4.717663
1527,Office Worker,5,5304,4.716754
1527,Office Worker,6,5194,4.5029907
1527,Office Worker,7,5201,4.498595
1527,Office Worker,8,5101,4.4931784
1527,Office Worker,9,5052,4.492955
1527,Office Worker,10,5203,4.4929123
1536,Office Worker,1,5306,4.749728
1536,Office Worker,2,5300,4.7393475
1536,Office Worker,3,5303,4.7372484
1536,Office Worker,4,5302,4.7275567
1536,Office Worker,5,5305,4.708625
1536,Office Worker,6,5194,4.5013733
1536,Office Worker,7,5201,4.4968033
1536,Office Worker,8,5203,4.4908934
1536,Office Worker,9,5052,4.4895587
1536,Office Worker,10,5101,4.4892173
1545,Office Worker,1,5306,4.752075
1545,Office Worker,2,5300,4.74177
1545,Office Worker,3,5303,4.739436
1545,Office Worker,4,5298,4.7132545
1545,Office Worker,5,5304,4.712652
1545,Office Worker,6,5194,4.501164
1545,Office Worker,7,5201,4.496898
1545,Office Worker,8,5052,4.491914
1545,Office Worker,9,5101,4.49128
1545,Office Worker,10,5203,4.4910765
1549,Office Worker,1,5306,4.7537355
1549,Office Worker,2,5303,4.7409763
1549,Office Worker,3,5302,4.731495
1549,Office Worker,4,5298,4.714773
1549,Office Worker,5,5305,4.712553
1549,Office Worker,6,5194,4.501399
1549,Office Worker,7,5201,4.4970546
1549,Office Worker,8,5101,4.4933662
1549,Office Worker,9,5052,4.492885
1549,Office Worker,10,5203,4.4913597
1552,Office Worker,1,5300,4.7421174
1552,Office Worker,2,5303,4.739853
1552,Office Worker,3,5302,4.7303867
1552,Office Worker,4,5298,4.7134905
1552,Office Worker,5,5304,4.712974
1552,Office Worker,6,5194,4.5000567
1552,Office Worker,7,5201,4.4957967
1552,Office Worker,8,5101,4.490077
1552,Office Worker,9,5203,4.490061
1552,Office Worker,10,5052,4.489897
1554,Office Worker,1,5306,4.756644
1554,Office Worker,2,5300,4.7466207
1554,Office Worker,3,5298,4.7175436
1554,Office Worker,4,5304,4.7166524
1554,Office Worker,5,5305,4.7153234
1554,Office Worker,6,5194,4.502185
1554,Office Worker,7,5201,4.497563
1554,Office Worker,8,5101,4.4939404
1554,Office Worker,9,5052,4.4933167
1554,Office Worker,10,5203,4.4918733
1557,Office Worker,1,5306,4.7527957
1557,Office Worker,2,5300,4.7424965
1557,Office Worker,3,5303,4.740134
1557,Office Worker,4,5302,4.7306347
1557,Office Worker,5,5298,4.713877
1557,Office Worker,6,5194,4.500724
1557,Office Worker,7,5201,4.4964523
1557,Office Worker,8,5052,4.4911785
1557,Office Worker,9,5101,4.491093
1557,Office Worker,10,5203,4.4906955
1562,Office Worker,1,5306,4.7555513
1562,Office Worker,2,5300,4.745461
1562,Office Worker,3,5302,4.7332106
1562,Office Worker,4,5298,4.7165174
1562,Office Worker,5,5304,4.7156253
1562,Office Worker,6,5194,4.5026493
1562,Office Worker,7,5201,4.4980216
1562,Office Worker,8,5101,4.4953003
1562,Office Worker,9,5052,4.4946213
1562,Office Worker,10,5203,4.492321
1564,Office Worker,1,5306,4.7558627
1564,Office Worker,2,5300,4.745738
1564,Office Worker,3,5303,4.7429566
1564,Office Worker,4,5302,4.733588
1564,Office Worker,5,5304,4.7160873
1564,Office Worker,6,5194,4.5016737
1564,Office Worker,7,5201,4.497344
1564,Office Worker,8,5101,4.4934998
1564,Office Worker,9,5052,4.4932203
1564,Office Worker,10,5203,4.4916706
1566,Office Worker,1,5306,4.7552733
1566,Office Worker,2,5300,4.7451363
1566,Office Worker,3,5303,4.7424107
1566,Office Worker,4,5302,4.733022
1566,Office Worker,5,5298,4.7162604
1566,Office Worker,6,5194,4.5016775
1566,Office Worker,7,5201,4.4972515
1566,Office Worker,8,5101,4.49322
1566,Office Worker,9,5052,4.4928904
1566,Office Worker,10,5203,4.491551
1575,Office Worker,1,5306,4.7551627
1575,Office Worker,2,5302,4.7328825
1575,Office Worker,3,5298,4.716198
1575,Office Worker,4,5304,4.7154527
1575,Office Worker,5,5305,4.7139235
1575,Office Worker,6,5194,4.5016594
1575,Office Worker,7,5201,4.49735
1575,Office Worker,8,5101,4.4934077
1575,Office Worker,9,5052,4.4932547
1575,Office Worker,10,5203,4.4916563
1579,Office Worker,1,5306,4.755757
1579,Office Worker,2,5303,4.742813
1579,Office Worker,3,5302,4.733391
1579,Office Worker,4,5298,4.716779
1579,Office Worker,5,5304,4.715905
1579,Office Worker,6,5194,4.502635
1579,Office Worker,7,5201,4.4981422
1579,Office Worker,8,5101,4.494055
1579,Office Worker,9,5052,4.4937973
1579,Office Worker,10,5203,4.4924297
1580,Office Worker,1,5306,4.757203
1580,Office Worker,2,5300,4.74716
1580,Office Worker,3,5303,4.74421
1580,Office Worker,4,5302,4.7349424
1580,Office Worker,5,5298,4.7180758
1580,Office Worker,6,5194,4.501912
1580,Office Worker,7,5201,4.4974074
1580,Office Worker,8,5101,4.4944167
1580,Office Worker,9,5052,4.493453
1580,Office Worker,10,5203,4.4917874
1590,Office Worker,1,5306,4.7501493
1590,Office Worker,2,5300,4.739715
1590,Office Worker,3,5303,4.7376757
1590,Office Worker,4,5302,4.728041
1590,Office Worker,5,5298,4.711296
1590,Office Worker,6,5194,4.5004473
1590,Office Worker,7,5201,4.496101
1590,Office Worker,8,5052,4.4904103
1590,Office Worker,9,5101,4.490282
1590,Office Worker,10,5203,4.490274
1592,Office Worker,1,5300,4.744522
1592,Office Worker,2,5303,4.7418027
1592,Office Worker,3,5302,4.7323475
1592,Office Worker,4,5298,4.715682
1592,Office Worker,5,5304,4.714862
1592,Office Worker,6,5194,4.502248
1592,Office Worker,7,5201,4.4977045
1592,Office Worker,8,5101,4.49378
1592,Office Worker,9,5052,4.4936585
1592,Office Worker,10,5203,4.4919486
1593,Office Worker,1,5306,4.7510424
1593,Office Worker,2,5302,4.7288685
1593,Office Worker,3,5304,4.7115774
1593,Office Worker,4,5305,4.709907
1593,Office Worker,5,5301,4.692375
1593,Office Worker,6,5194,4.501167
1593,Office Worker,7,5201,4.496692
1593,Office Worker,8,5052,4.4912972
1593,Office Worker,9,5101,4.4909763
1593,Office Worker,10,5203,4.490836
1596,Office Worker,1,5306,4.75559
1596,Office Worker,2,5302,4.733208
1596,Office Worker,3,5298,4.7166033
1596,Office Worker,4,5304,4.7157254
1596,Office Worker,5,5301,4.697269
1596,Office Worker,6,5194,4.5027137
1596,Office Worker,7,5201,4.498207
1596,Office Worker,8,5101,4.495824
1596,Office Worker,9,5052,4.4952774
1596,Office Worker,10,5203,4.4925213
1601,Office Worker,1,5306,4.753194
1601,Office Worker,2,5300,4.742921
1601,Office Worker,3,5303,4.740485
1601,Office Worker,4,5302,4.7309847
1601,Office Worker,5,5298,4.7142725
1601,Office Worker,6,5194,4.501125
1601,Office Worker,7,5201,4.496818
1601,Office Worker,8,5101,4.4920845
1601,Office Worker,9,5052,4.492055
1601,Office Worker,10,5203,4.4910746
1607,Office Worker,1,5306,4.755357
1607,Office Worker,2,5300,4.7452097
1607,Office Worker,3,5303,4.7424674
1607,Office Worker,4,5302,4.733044
1607,Office Worker,5,5304,4.715618
1607,Office Worker,6,5194,4.501933
1607,Office Worker,7,5201,4.4976
1607,Office Worker,8,5101,4.4940095
1607,Office Worker,9,5052,4.4938245
1607,Office Worker,10,5203,4.4919095
1618,Office Worker,1,5306,4.7549725
1618,Office Worker,2,5303,4.7420673
1618,Office Worker,3,5302,4.7325907
1618,Office Worker,4,5298,4.7160068
1618,Office Worker,5,5305,4.7137017
1618,Office Worker,6,5194,4.5029287
1618,Office Worker,7,5201,4.498343
1618,Office Worker,8,5101,4.4932413
1618,Office Worker,9,5052,4.4928493
1618,Office Worker,10,5203,4.492606
1635,Office Worker,1,5306,4.7550325
1635,Office Worker,2,5300,4.744811
1635,Office Worker,3,5303,4.7422256
1635,Office Worker,4,5302,4.732828
1635,Office Worker,5,5298,4.716141
1635,Office Worker,6,5194,4.5004725
1635,Office Worker,7,5201,4.4965434
1635,Office Worker,8,5052,4.491513
1635,Office Worker,9,5101,4.4909525
1635,Office Worker,10,5203,4.4908547
1640,Office Worker,1,5306,4.756983
1640,Office Worker,2,5300,4.746978
1640,Office Worker,3,5303,4.743948
1640,Office Worker,4,5302,4.7346077
1640,Office Worker,5,5304,4.716899
1640,Office Worker,6,5194,4.503055
1640,Office Worker,7,5201,4.49835
1640,Office Worker,8,5101,4.496387
1640,Office Worker,9,5052,4.495389
1640,Office Worker,10,5203,4.4926906
1645,Office Worker,1,5306,4.7570167
1645,Office Worker,2,5300,4.7469997
1645,Office Worker,3,5303,4.743971
1645,Office Worker,4,5302,4.7346163
1645,Office Worker,5,5304,4.7169495
1645,Office Worker,6,5194,4.5031443
1645,Office Worker,7,5201,4.498484
1645,Office Worker,8,5101,4.4969177
1645,Office Worker,9,5052,4.4958754
1645,Office Worker,10,5203,4.49284
1670,Office Worker,1,5306,4.7561216
1670,Office Worker,2,5300,4.74606
1670,Office Worker,3,5303,4.7431746
1670,Office Worker,4,5302,4.733819
1670,Office Worker,5,5298,4.7170424
1670,Office Worker,6,5194,4.502414
1670,Office Worker,7,5201,4.4977827
1670,Office Worker,8,5101,4.494814
1670,Office Worker,9,5052,4.4940376
1670,Office Worker,10,5203,4.492099
1672,Office Worker,1,5306,4.751158
1672,Office Worker,2,5300,4.740822
1672,Office Worker,3,5303,4.7385945
1672,Office Worker,4,5298,4.7123184
1672,Office Worker,5,5305,4.710026
1672,Office Worker,6,5194,4.5009966
1672,Office Worker,7,5201,4.49661
1672,Office Worker,8,5052,4.491146
1672,Office Worker,9,5203,4.490756
1672,Office Worker,10,5101,4.490634
1677,Office Worker,1,5300,4.7441263
1677,Office Worker,2,5303,4.7415094
1677,Office Worker,3,5302,4.7320786
1677,Office Worker,4,5298,4.715317
1677,Office Worker,5,5304,4.7145877
1677,Office Worker,6,5194,4.5014834
1677,Office Worker,7,5201,4.4970326
1677,Office Worker,8,5101,4.4921823
1677,Office Worker,9,5052,4.492136
1677,Office Worker,10,5203,4.4912796
1678,Office Worker,1,5306,4.758488
1678,Office Worker,2,5300,4.748504
1678,Office Worker,3,5303,4.7453523
1678,Office Worker,4,5302,4.736066
1678,Office Worker,5,5298,4.719425
1678,Office Worker,6,5194,4.502852
1678,Office Worker,7,5201,4.4984603
1678,Office Worker,8,5101,4.496844
1678,Office Worker,9,5052,4.4960527
1678,Office Worker,10,5203,4.4928756
1679,Office Worker,1,5306,4.756734
1679,Office Worker,2,5302,4.7343817
1679,Office Worker,3,5305,4.715434
1679,Office Worker,4,5301,4.6984277
1679,Office Worker,5,5299,4.6809206
1679,Office Worker,6,5194,4.502334
1679,Office Worker,7,5201,4.497952
1679,Office Worker,8,5101,4.4947443
1679,Office Worker,9,5052,4.4944973
1679,Office Worker,10,5203,4.492282
1686,Office Worker,1,5306,4.753171
1686,Office Worker,2,5302,4.7309046
1686,Office Worker,3,5298,4.7142477
1686,Office Worker,4,5304,4.7135267
1686,Office Worker,5,5301,4.694662
1686,Office Worker,6,5194,4.5018153
1686,Office Worker,7,5201,4.4973454
1686,Office Worker,8,5101,4.4931726
1686,Office Worker,9,5052,4.4930677
1686,Office Worker,10,5203,4.4915757
1691,Office Worker,1,5300,4.741357
1691,Office Worker,2,5303,4.739073
1691,Office Worker,3,5302,4.7294707
1691,Office Worker,4,5298,4.71283
1691,Office Worker,5,5305,4.7105594
1691,Office Worker,6,5194,4.5013256
1691,Office Worker,7,5201,4.4969454
1691,Office Worker,8,5052,4.492304
1691,Office Worker,9,5101,4.492235
1691,Office Worker,10,5203,4.491149
1696,Office Worker,1,5306,4.748534
1696,Office Worker,2,5300,4.738012
1696,Office Worker,3,5302,4.726414
1696,Office Worker,4,5298,4.7097855
1696,Office Worker,5,5304,4.709358
1696,Office Worker,6,5194,4.500416
1696,Office Worker,7,5201,4.4961257
1696,Office Worker,8,5052,4.490519
1696,Office Worker,9,5203,4.4902472
1696,Office Worker,10,5101,4.49006
1698,Office Worker,1,5306,4.7536902
1698,Office Worker,2,5302,4.7314477
1698,Office Worker,3,5298,4.7147417
1698,Office Worker,4,5304,4.71403
1698,Office Worker,5,5305,4.712484
1698,Office Worker,6,5194,4.501588
1698,Office Worker,7,5201,4.497161
1698,Office Worker,8,5101,4.492811
1698,Office Worker,9,5052,4.4926734
1698,Office Worker,10,5203,4.491412
1708,Office Worker,1,5306,4.752492
1708,Office Worker,2,5300,4.7422566
1708,Office Worker,3,5302,4.730272
1708,Office Worker,4,5298,4.713558
1708,Office Worker,5,5304,4.7128406
1708,Office Worker,6,5194,4.5017295
1708,Office Worker,7,5201,4.497132
1708,Office Worker,8,5101,4.4922266
1708,Office Worker,9,5052,4.4922256
1708,Office Worker,10,5203,4.491309
1713,Office Worker,1,5306,4.7513237
1713,Office Worker,2,5303,4.7387333
1713,Office Worker,3,5302,4.7291055
1713,Office Worker,4,5298,4.712516
1713,Office Worker,5,5305,4.7101946
1713,Office Worker,6,5194,4.5012074
1713,Office Worker,7,5201,4.4968853
1713,Office Worker,8,5052,4.4919033
1713,Office Worker,9,5101,4.491334
1713,Office Worker,10,5203,4.491044
1714,Office Worker,1,5306,4.757403
1714,Office Worker,2,5300,4.747387
1714,Office Worker,3,5303,4.744342
1714,Office Worker,4,5302,4.7350044
1714,Office Worker,5,5298,4.7183566
1714,Office Worker,6,5194,4.5028405
1714,Office Worker,7,5201,4.4983506
1714,Office Worker,8,5101,4.496264
1714,Office Worker,9,5052,4.4955792
1714,Office Worker,10,5203,4.492715
1716,Office Worker,1,5306,4.7513533
1716,Office Worker,2,5300,4.741042
1716,Office Worker,3,5303,4.738797
1716,Office Worker,4,5302,4.729224
1716,Office Worker,5,5298,4.7125125
1716,Office Worker,6,5194,4.5006633
1716,Office Worker,7,5201,4.496311
1716,Office Worker,8,5203,4.4904327
1716,Office Worker,9,5052,4.4901667
1716,Office Worker,10,5101,4.4893227
1721,Office Worker,1,5306,4.7532883
1721,Office Worker,2,5300,4.742984
1721,Office Worker,3,5303,4.7405696
1721,Office Worker,4,5302,4.7310505
1721,Office Worker,5,5298,4.714418
1721,Office Worker,6,5194,4.500989
1721,Office Worker,7,5201,4.4968677
1721,Office Worker,8,5052,4.4924335
1721,Office Worker,9,5101,4.492294
1721,Office Worker,10,5203,4.4911504
1730,Office Worker,1,5306,4.74975
1730,Office Worker,2,5300,4.7393603
1730,Office Worker,3,5302,4.727644
1730,Office Worker,4,5298,4.7108946
1730,Office Worker,5,5304,4.710348
1730,Office Worker,6,5194,4.5008125
1730,Office Worker,7,5201,4.4962654
1730,Office Worker,8,5203,4.490366
1730,Office Worker,9,5052,4.4902325
1730,Office Worker,10,5101,4.489896
1734,Office Worker,1,5300,4.7394805
1734,Office Worker,2,5303,4.7373962
1734,Office Worker,3,5302,4.727696
1734,Office Worker,4,5298,4.7111053
1734,Office Worker,5,5305,4.7087994
1734,Office Worker,6,5194,4.501148
1734,Office Worker,7,5201,4.4967437
1734,Office Worker,8,5052,4.4913445
1734,Office Worker,9,5203,4.4908605
1734,Office Worker,10,5101,4.4908195
1736,Office Worker,1,5300,4.744769
1736,Office Worker,2,5302,4.732595
1736,Office Worker,3,5298,4.7159376
1736,Office Worker,4,5304,4.715128
1736,Office Worker,5,5305,4.7136555
1736,Office Worker,6,5194,4.5021944
1736,Office Worker,7,5201,4.497718
1736,Office Worker,8,5101,4.494151
1736,Office Worker,9,5052,4.4939094
1736,Office Worker,10,5203,4.491994
1741,Office Worker,1,5300,4.7441583
1741,Office Worker,2,5303,4.741609
1741,Office Worker,3,5302,4.7321386
1741,Office Worker,4,5298,4.7155204
1741,Office Worker,5,5304,4.714879
1741,Office Worker,6,5194,4.5011864
1741,Office Worker,7,5201,4.497108
1741,Office Worker,8,5052,4.4930925
1741,Office Worker,9,5101,4.493055
1741,Office Worker,10,5203,4.491432
1742,Office Worker,1,5306,4.754195
1742,Office Worker,2,5300,4.744011
1742,Office Worker,3,5303,4.741379
1742,Office Worker,4,5302,4.7318854
1742,Office Worker,5,5304,4.714512
1742,Office Worker,6,5194,4.5020294
1742,Office Worker,7,5201,4.497623
1742,Office Worker,8,5101,4.4937153
1742,Office Worker,9,5052,4.4937105
1742,Office Worker,10,5203,4.491877
1744,Office Worker,1,5306,4.7556086
1744,Office Worker,2,5300,4.745492
1744,Office Worker,3,5303,4.742735
1744,Office Worker,4,5302,4.73339
1744,Office Worker,5,5298,4.7165394
1744,Office Worker,6,5194,4.5015764
1744,Office Worker,7,5201,4.497081
1744,Office Worker,8,5101,4.4930973
1744,Office Worker,9,5052,4.4925065
1744,Office Worker,10,5203,4.491396
1745,Office Worker,1,5306,4.7516055
1745,Office Worker,2,5300,4.741187
1745,Office Worker,3,5303,4.7390313
1745,Office Worker,4,5302,4.7294483
1745,Office Worker,5,5298,4.7127876
1745,Office Worker,6,5194,4.5002065
1745,Office Worker,7,5201,4.4961915
1745,Office Worker,8,5052,4.491027
1745,Office Worker,9,5101,4.4906754
1745,Office Worker,10,5203,4.4904423
1747,Office Worker,1,5300,4.7426043
1747,Office Worker,2,5303,4.740116
1747,Office Worker,3,5302,4.730606
1747,Office Worker,4,5298,4.713842
1747,Office Worker,5,5304,4.7131014
1747,Office Worker,6,5194,4.5017543
1747,Office Worker,7,5201,4.497094
1747,Office Worker,8,5101,4.4921713
1747,Office Worker,9,5052,4.4920435
1747,Office Worker,10,5203,4.491276
1762,Office Worker,1,5306,4.7548494
1762,Office Worker,2,5300,4.7446423
1762,Office Worker,3,5303,4.742042
1762,Office Worker,4,5302,4.7326365
1762,Office Worker,5,5298,4.7159176
1762,Office Worker,6,5194,4.5008507
1762,Office Worker,7,5201,4.4967346
1762,Office Worker,8,5052,4.491887
1762,Office Worker,9,5101,4.49166
1762,Office Worker,10,5203,4.4910364
1771,Office Worker,1,5306,4.7532544
1771,Office Worker,2,5303,4.7405305
1771,Office Worker,3,5302,4.731023
1771,Office Worker,4,5298,4.714329
1771,Office Worker,5,5304,4.713655
1771,Office Worker,6,5194,4.5014067
1771,Office Worker,7,5201,4.497031
1771,Office Worker,8,5101,4.492511
1771,Office Worker,9,5052,4.4924464
1771,Office Worker,10,5203,4.4912777
1772,Office Worker,1,5306,4.7569575
1772,Office Worker,2,5300,4.7469006
1772,Office Worker,3,5303,4.743913
1772,Office Worker,4,5302,4.734521
1772,Office Worker,5,5298,4.7179775
1772,Office Worker,6,5194,4.5028944
1772,Office Worker,7,5201,4.49852
1772,Office Worker,8,5101,4.4963355
1772,Office Worker,9,5052,4.4958735
1772,Office Worker,10,5203,4.49288
1775,Office Worker,1,5306,4.756928
1775,Office Worker,2,5300,4.746907
1775,Office Worker,3,5303,4.743907
1775,Office Worker,4,5302,4.7345657
1775,Office Worker,5,5298,4.7178564
1775,Office Worker,6,5194,4.502789
1775,Office Worker,7,5201,4.4981866
1775,Office Worker,8,5101,4.495805
1775,Office Worker,9,5052,4.4950294
1775,Office Worker,10,5203,4.492525
1780,Office Worker,1,5306,4.7544847
1780,Office Worker,2,5303,4.741631
1780,Office Worker,3,5302,4.732137
1780,Office Worker,4,5298,4.7155485
1780,Office Worker,5,5304,4.7147446
1780,Office Worker,6,5194,4.5023556
1780,Office Worker,7,5201,4.4979067
1780,Office Worker,8,5101,4.494769
1780,Office Worker,9,5052,4.494512
1780,Office Worker,10,5203,4.4921837
1786,Office Worker,1,5306,4.7489243
1786,Office Worker,2,5303,4.7364726
1786,Office Worker,3,5304,4.709526
1786,Office Worker,4,5301,4.69022
1786,Office Worker,5,5299,4.673032
1786,Office Worker,6,5194,4.501956
1786,Office Worker,7,5201,4.4972982
1786,Office Worker,8,5203,4.4913545
1786,Office Worker,9,5214,4.4877906
1786,Office Worker,10,5052,4.4874268
1787,Office Worker,1,5306,4.751248
1787,Office Worker,2,5300,4.74091
1787,Office Worker,3,5303,4.738719
1787,Office Worker,4,5302,4.729168
1787,Office Worker,5,5298,4.712385
1787,Office Worker,6,5194,4.5002337
1787,Office Worker,7,5201,4.4959254
1787,Office Worker,8,5203,4.490065
1787,Office Worker,9,5052,4.4894295
1787,Office Worker,10,5101,4.4887
1793,Office Worker,1,5303,4.736954
1793,Office Worker,2,5302,4.727234
1793,Office Worker,3,5298,4.7105994
1793,Office Worker,4,5304,4.7099075
1793,Office Worker,5,5301,4.690709
1793,Office Worker,6,5194,4.502225
1793,Office Worker,7,5201,4.4973836
1793,Office Worker,8,5203,4.491416
1793,Office Worker,9,5214,4.4879565
1793,Office Worker,10,5052,4.4871883
1794,Office Worker,1,5306,4.755192
1794,Office Worker,2,5300,4.745089
1794,Office Worker,3,5303,4.7423077
1794,Office Worker,4,5302,4.7328887
1794,Office Worker,5,5298,4.7161865
1794,Office Worker,6,5194,4.502293
1794,Office Worker,7,5201,4.497726
1794,Office Worker,8,5101,4.494052
1794,Office Worker,9,5052,4.493743
1794,Office Worker,10,5203,4.4919925
1795,Office Worker,1,5306,4.75275
1795,Office Worker,2,5300,4.742445
1795,Office Worker,3,5302,4.730516
1795,Office Worker,4,5298,4.713832
1795,Office Worker,5,5304,4.7131853
1795,Office Worker,6,5194,4.50136
1795,Office Worker,7,5201,4.4970045
1795,Office Worker,8,5101,4.4929743
1795,Office Worker,9,5052,4.4926853
1795,Office Worker,10,5203,4.49127
1799,Office Worker,1,5306,4.753834
1799,Office Worker,2,5300,4.7435846
1799,Office Worker,3,5303,4.741043
1799,Office Worker,4,5298,4.714855
1799,Office Worker,5,5304,4.714116
1799,Office Worker,6,5194,4.501909
1799,Office Worker,7,5201,4.497462
1799,Office Worker,8,5101,4.4947376
1799,Office Worker,9,5052,4.4939437
1799,Office Worker,10,5203,4.4917793
1800,Office Worker,1,5306,4.7507577
1800,Office Worker,2,5300,4.7404165
1800,Office Worker,3,5303,4.7381907
1800,Office Worker,4,5298,4.711917
1800,Office Worker,5,5304,4.711275
1800,Office Worker,6,5194,4.5016174
1800,Office Worker,7,5201,4.4970827
1800,Office Worker,8,5052,4.492301
1800,Office Worker,9,5101,4.492096
1800,Office Worker,10,5203,4.491222
1803,Office Worker,1,5306,4.752526
1803,Office Worker,2,5300,4.74219
1803,Office Worker,3,5303,4.7398987
1803,Office Worker,4,5302,4.7304115
1803,Office Worker,5,5298,4.713571
1803,Office Worker,6,5194,4.50038
1803,Office Worker,7,5201,4.4961047
1803,Office Worker,8,5101,4.4908648
1803,Office Worker,9,5052,4.49063
1803,Office Worker,10,5203,4.4903736
1810,Office Worker,1,5306,4.7541475
1810,Office Worker,2,5303,4.741336
1810,Office Worker,3,5298,4.71521
1810,Office Worker,4,5304,4.71439
1810,Office Worker,5,5305,4.712882
1810,Office Worker,6,5194,4.502281
1810,Office Worker,7,5201,4.4976845
1810,Office Worker,8,5052,4.492914
1810,Office Worker,9,5101,4.492628
1810,Office Worker,10,5203,4.491864
1824,Office Worker,1,5306,4.756769
1824,Office Worker,2,5300,4.7466817
1824,Office Worker,3,5303,4.7437553
1824,Office Worker,4,5304,4.7168713
1824,Office Worker,5,5305,4.715485
1824,Office Worker,6,5194,4.5025406
1824,Office Worker,7,5201,4.4981565
1824,Office Worker,8,5101,4.4962277
1824,Office Worker,9,5052,4.495467
1824,Office Worker,10,5203,4.49254
1826,Office Worker,1,5306,4.7571964
1826,Office Worker,2,5300,4.747121
1826,Office Worker,3,5303,4.744177
1826,Office Worker,4,5302,4.7348413
1826,Office Worker,5,5298,4.7182
1826,Office Worker,6,5194,4.502065
1826,Office Worker,7,5201,4.497842
1826,Office Worker,8,5101,4.494943
1826,Office Worker,9,5052,4.4946146
1826,Office Worker,10,5203,4.4922223
1828,Office Worker,1,5306,4.7553015
1828,Office Worker,2,5300,4.7451367
1828,Office Worker,3,5303,4.742441
1828,Office Worker,4,5302,4.7330475
1828,Office Worker,5,5304,4.7155924
1828,Office Worker,6,5194,4.5014424
1828,Office Worker,7,5201,4.497158
1828,Office Worker,8,5101,4.493065
1828,Office Worker,9,5052,4.4928536
1828,Office Worker,10,5203,4.491477
1839,Office Worker,1,5300,4.7450466
1839,Office Worker,2,5303,4.742262
1839,Office Worker,3,5302,4.732836
1839,Office Worker,4,5298,4.71617
1839,Office Worker,5,5304,4.7153378
1839,Office Worker,6,5194,4.502224
1839,Office Worker,7,5201,4.4977045
1839,Office Worker,8,5052,4.4934654
1839,Office Worker,9,5101,4.493389
1839,Office Worker,10,5203,4.4919415
1847,Office Worker,1,5306,4.7541494
1847,Office Worker,2,5300,4.7439036
1847,Office Worker,3,5302,4.7319803
1847,Office Worker,4,5298,4.715179
1847,Office Worker,5,5304,4.71456
1847,Office Worker,6,5194,4.5007143
1847,Office Worker,7,5201,4.496491
1847,Office Worker,8,5101,4.4915648
1847,Office Worker,9,5052,4.4914255
1847,Office Worker,10,5203,4.4907923
1852,Office Worker,1,5306,4.7552404
1852,Office Worker,2,5300,4.7451496
1852,Office Worker,3,5303,4.742345
1852,Office Worker,4,5302,4.7329264
1852,Office Worker,5,5298,4.716215
1852,Office Worker,6,5194,4.5025115
1852,Office Worker,7,5201,4.4978657
1852,Office Worker,8,5101,4.494535
1852,Office Worker,9,5052,4.494049
1852,Office Worker,10,5203,4.492134
1853,Office Worker,1,5306,4.7513876
1853,Office Worker,2,5300,4.7409887
1853,Office Worker,3,5298,4.712513
1853,Office Worker,4,5304,4.7120523
1853,Office Worker,5,5305,4.7102895
1853,Office Worker,6,5194,4.4999747
1853,Office Worker,7,5201,4.4958115
1853,Office Worker,8,5203,4.4900317
1853,Office Worker,9,5052,4.489863
1853,Office Worker,10,5101,4.4895935
1861,Office Worker,1,5306,4.75626
1861,Office Worker,2,5300,4.7462015
1861,Office Worker,3,5303,4.743294
1861,Office Worker,4,5302,4.733931
1861,Office Worker,5,5298,4.7171917
1861,Office Worker,6,5194,4.5025625
1861,Office Worker,7,5201,4.4979486
1861,Office Worker,8,5101,4.4952517
1861,Office Worker,9,5052,4.4944744
1861,Office Worker,10,5203,4.4922724
1866,Office Worker,1,5306,4.7545238
1866,Office Worker,2,5300,4.7442827
1866,Office Worker,3,5303,4.74169
1866,Office Worker,4,5298,4.715639
1866,Office Worker,5,5304,4.714953
1866,Office Worker,6,5194,4.5016007
1866,Office Worker,7,5201,4.4974766
1866,Office Worker,8,5101,4.4940124
1866,Office Worker,9,5052,4.4939795
1866,Office Worker,10,5203,4.491802
1869,Office Worker,1,5306,4.757372
1869,Office Worker,2,5300,4.747233
1869,Office Worker,3,5303,4.7443647
1869,Office Worker,4,5302,4.7350545
1869,Office Worker,5,5298,4.7183824
1869,Office Worker,6,5194,4.50133
1869,Office Worker,7,5201,4.4973636
1869,Office Worker,8,5101,4.4945297
1869,Office Worker,9,5052,4.4940834
1869,Office Worker,10,5203,4.491814
1887,Office Worker,1,5306,4.7527885
1887,Office Worker,2,5300,4.742442
1887,Office Worker,3,5303,4.740117
1887,Office Worker,4,5302,4.730564
1887,Office Worker,5,5305,4.7116623
1887,Office Worker,6,5194,4.5005264
1887,Office Worker,7,5201,4.496619
1887,Office Worker,8,5052,4.4918237
1887,Office Worker,9,5101,4.4910583
1887,Office Worker,10,5203,4.4908752
1899,Office Worker,1,5306,4.7508006
1899,Office Worker,2,5300,4.7403708
1899,Office Worker,3,5303,4.7382927
1899,Office Worker,4,5302,4.728691
1899,Office Worker,5,5298,4.7119727
1899,Office Worker,6,5194,4.5001106
1899,Office Worker,7,5201,4.4959655
1899,Office Worker,8,5052,4.490226
1899,Office Worker,9,5203,4.490166
1899,Office Worker,10,5101,4.4898224
1903,Office Worker,1,5300,4.7459636
1903,Office Worker,2,5303,4.7431064
1903,Office Worker,3,5302,4.733737
1903,Office Worker,4,5298,4.7170134
1903,Office Worker,5,5304,4.716163
1903,Office Worker,6,5194,4.5021996
1903,Office Worker,7,5201,4.497704
1903,Office Worker,8,5101,4.494286
1903,Office Worker,9,5052,4.4938517
1903,Office Worker,10,5203,4.4920144
1905,Office Worker,1,5306,4.7519712
1905,Office Worker,2,5300,4.7416387
1905,Office Worker,3,5302,4.7297277
1905,Office Worker,4,5298,4.71313
1905,Office Worker,5,5304,4.7125173
1905,Office Worker,6,5194,4.5013275
1905,Office Worker,7,5201,4.4970303
1905,Office Worker,8,5052,4.49256
1905,Office Worker,9,5101,4.4923544
1905,Office Worker,10,5203,4.4912443
1923,Office Worker,1,5306,4.7544765
1923,Office Worker,2,5300,4.7443113
1923,Office Worker,3,5303,4.7416377
1923,Office Worker,4,5302,4.732161
1923,Office Worker,5,5298,4.7155347
1923,Office Worker,6,5194,4.502139
1923,Office Worker,7,5201,4.497695
1923,Office Worker,8,5101,4.4939632
1923,Office Worker,9,5052,4.493852
1923,Office Worker,10,5203,4.491956
1924,Office Worker,1,5306,4.7583227
1924,Office Worker,2,5300,4.748329
1924,Office Worker,3,5303,4.7452407
1924,Office Worker,4,5302,4.7360015
1924,Office Worker,5,5298,4.7192307
1924,Office Worker,6,5194,4.502119
1924,Office Worker,7,5201,4.497754
1924,Office Worker,8,5101,4.4948997
1924,Office Worker,9,5052,4.4942408
1924,Office Worker,10,5203,4.4921546
1925,Office Worker,1,5306,4.753554
1925,Office Worker,2,5300,4.7432804
1925,Office Worker,3,5303,4.740814
1925,Office Worker,4,5302,4.7313027
1925,Office Worker,5,5298,4.7147007
1925,Office Worker,6,5194,4.501077
1925,Office Worker,7,5201,4.4969687
1925,Office Worker,8,5052,4.492461
1925,Office Worker,9,5101,4.4920554
1925,Office Worker,10,5203,4.4912324
1934,Office Worker,1,5306,4.754424
1934,Office Worker,2,5300,4.744296
1934,Office Worker,3,5303,4.741628
1934,Office Worker,4,5302,4.732198
1934,Office Worker,5,5304,4.714731
1934,Office Worker,6,5194,4.501568
1934,Office Worker,7,5201,4.497116
1934,Office Worker,8,5052,4.491903
1934,Office Worker,9,5101,4.491448
1934,Office Worker,10,5203,4.4913144
1936,Office Worker,1,5306,4.7529564
1936,Office Worker,2,5300,4.7427354
1936,Office Worker,3,5302,4.7306905
1936,Office Worker,4,5298,4.7140355
1936,Office Worker,5,5304,4.713293
1936,Office Worker,6,5194,4.5019627
1936,Office Worker,7,5201,4.497413
1936,Office Worker,8,5101,4.493001
1936,Office Worker,9,5052,4.49299
1936,Office Worker,10,5203,4.4916124
1940,Office Worker,1,5306,4.7580414
1940,Office Worker,2,5300,4.7480707
1940,Office Worker,3,5303,4.744933
1940,Office Worker,4,5302,4.7356358
1940,Office Worker,5,5298,4.718951
1940,Office Worker,6,5194,4.503051
1940,Office Worker,7,5201,4.498481
1940,Office Worker,8,5101,4.4967465
1940,Office Worker,9,5052,4.4958444
1940,Office Worker,10,5203,4.4928603
1949,Office Worker,1,5306,4.754359
1949,Office Worker,2,5300,4.7442183
1949,Office Worker,3,5303,4.7415075
1949,Office Worker,4,5298,4.7154756
1949,Office Worker,5,5305,4.713107
1949,Office Worker,6,5194,4.5025816
1949,Office Worker,7,5201,4.4981356
1949,Office Worker,8,5203,4.4923496
1949,Office Worker,9,5052,4.4920454
1949,Office Worker,10,5101,4.491762
1954,Office Worker,1,5306,4.7581897
1954,Office Worker,2,5300,4.7481823
1954,Office Worker,3,5303,4.7451077
1954,Office Worker,4,5298,4.7191224
1954,Office Worker,5,5304,4.718233
1954,Office Worker,6,5194,4.5022054
1954,Office Worker,7,5201,4.497879
1954,Office Worker,8,5101,4.495221
1954,Office Worker,9,5052,4.494608
1954,Office Worker,10,5203,4.492283
1956,Office Worker,1,5306,4.7542152
1956,Office Worker,2,5300,4.7439966
1956,Office Worker,3,5303,4.741425
1956,Office Worker,4,5302,4.731965
1956,Office Worker,5,5304,4.71458
1956,Office Worker,6,5194,4.5014167
1956,Office Worker,7,5201,4.4971147
1956,Office Worker,8,5101,4.492856
1956,Office Worker,9,5052,4.492754
1956,Office Worker,10,5203,4.4914
1959,Office Worker,1,5306,4.757334
1959,Office Worker,2,5300,4.7472553
1959,Office Worker,3,5303,4.744306
1959,Office Worker,4,5302,4.7349887
1959,Office Worker,5,5298,4.7182903
1959,Office Worker,6,5194,4.5020967
1959,Office Worker,7,5201,4.4978094
1959,Office Worker,8,5101,4.4954896
1959,Office Worker,9,5052,4.4947395
1959,Office Worker,10,5203,4.4922204
1963,Office Worker,1,5306,4.755939
1963,Office Worker,2,5300,4.7458205
1963,Office Worker,3,5302,4.7336497
1963,Office Worker,4,5304,4.716111
1963,Office Worker,5,5305,4.714674
1963,Office Worker,6,5194,4.501893
1963,Office Worker,7,5201,4.497496
1963,Office Worker,8,5101,4.494195
1963,Office Worker,9,5052,4.4936643
1963,Office Worker,10,5203,4.4918346
1967,Office Worker,1,5306,4.750471
1967,Office Worker,2,5300,4.7400866
1967,Office Worker,3,5303,4.737964
1967,Office Worker,4,5298,4.7117014
1967,Office Worker,5,5304,4.7111936
1967,Office Worker,6,5194,4.500652
1967,Office Worker,7,5201,4.4964027
1967,Office Worker,8,5052,4.490658
1967,Office Worker,9,5203,4.490522
1967,Office Worker,10,5101,4.4897223
1983,Office Worker,1,5300,4.744564
1983,Office Worker,2,5303,4.7418623
1983,Office Worker,3,5302,4.7323585
1983,Office Worker,4,5304,4.715111
1983,Office Worker,5,5305,4.7134995
1983,Office Worker,6,5194,4.5022535
1983,Office Worker,7,5201,4.498014
1983,Office Worker,8,5052,4.4928493
1983,Office Worker,9,5101,4.4925013
1983,Office Worker,10,5203,4.4922757
1998,Office Worker,1,5306,4.7531223
1998,Office Worker,2,5300,4.742862
1998,Office Worker,3,5303,4.7403755
1998,Office Worker,4,5302,4.7308116
1998,Office Worker,5,5298,4.7142544
1998,Office Worker,6,5194,4.501901
1998,Office Worker,7,5201,4.497554
1998,Office Worker,8,5052,4.493753
1998,Office Worker,9,5101,4.4937
1998,Office Worker,10,5203,4.4917955
350,Reviewer / Tech Reviewer,1,5306,4.7558784
350,Reviewer / Tech Reviewer,2,5300,4.746267
350,Reviewer / Tech Reviewer,3,5303,4.742145
350,Reviewer / Tech Reviewer,4,5298,4.71816
350,Reviewer / Tech Reviewer,5,5304,4.716224
350,Reviewer / Tech Reviewer,6,5201,4.510323
350,Reviewer / Tech Reviewer,7,5203,4.504079
350,Reviewer / Tech Reviewer,8,5214,4.5013437
350,Reviewer / Tech Reviewer,9,5427,4.499939
350,Reviewer / Tech Reviewer,10,5197,4.4984155
351,Reviewer / Tech Reviewer,1,5306,4.7549815
351,Reviewer / Tech Reviewer,2,5300,4.745495
351,Reviewer / Tech Reviewer,3,5303,4.7411747
351,Reviewer / Tech Reviewer,4,5302,4.7306833
351,Reviewer / Tech Reviewer,5,5298,4.7173347
351,Reviewer / Tech Reviewer,6,5194,4.516486
351,Reviewer / Tech Reviewer,7,5201,4.5115776
351,Reviewer / Tech Reviewer,8,5203,4.505211
351,Reviewer / Tech Reviewer,9,5197,4.49997
351,Reviewer / Tech Reviewer,10,5202,4.49083
352,Reviewer / Tech Reviewer,1,5306,4.7529683
352,Reviewer / Tech Reviewer,2,5300,4.7433643
352,Reviewer / Tech Reviewer,3,5303,4.7393484
352,Reviewer / Tech Reviewer,4,5302,4.7287483
352,Reviewer / Tech Reviewer,5,5298,4.715577
352,Reviewer / Tech Reviewer,6,5194,4.5150495
352,Reviewer / Tech Reviewer,7,5201,4.5106335
352,Reviewer / Tech Reviewer,8,5203,4.504135
352,Reviewer / Tech Reviewer,9,5214,4.5016117
352,Reviewer / Tech Reviewer,10,5202,4.4894075
353,Reviewer / Tech Reviewer,1,5300,4.740657
353,Reviewer / Tech Reviewer,2,5303,4.7369876
353,Reviewer / Tech Reviewer,3,5302,4.7262316
353,Reviewer / Tech Reviewer,4,5298,4.713204
353,Reviewer / Tech Reviewer,5,5304,4.711377
353,Reviewer / Tech Reviewer,6,5194,4.5143733
353,Reviewer / Tech Reviewer,7,5197,4.4979935
353,Reviewer / Tech Reviewer,8,5427,4.4954176
353,Reviewer / Tech Reviewer,9,5202,4.4887395
353,Reviewer / Tech Reviewer,10,5195,4.483708
354,Reviewer / Tech Reviewer,1,5300,4.7333684
354,Reviewer / Tech Reviewer,2,5303,4.7302628
354,Reviewer / Tech Reviewer,3,5298,4.7065606
354,Reviewer / Tech Reviewer,4,5304,4.704752
354,Reviewer / Tech Reviewer,5,5305,4.7020774
354,Reviewer / Tech Reviewer,6,5194,4.5140495
354,Reviewer / Tech Reviewer,7,5201,4.5095663
354,Reviewer / Tech Reviewer,8,5197,4.4972982
354,Reviewer / Tech Reviewer,9,5427,4.4884844
354,Reviewer / Tech Reviewer,10,5195,4.483721
355,Reviewer / Tech Reviewer,1,5306,4.7428064
355,Reviewer / Tech Reviewer,2,5302,4.7189612
355,Reviewer / Tech Reviewer,3,5298,4.7060385
355,Reviewer / Tech Reviewer,4,5305,4.701679
355,Reviewer / Tech Reviewer,5,5301,4.6856036
355,Reviewer / Tech Reviewer,6,5194,4.5114994
355,Reviewer / Tech Reviewer,7,5201,4.5075846
355,Reviewer / Tech Reviewer,8,5203,4.5005894
355,Reviewer / Tech Reviewer,9,5197,4.494857
355,Reviewer / Tech Reviewer,10,5427,4.4869843
356,Reviewer / Tech Reviewer,1,5302,4.720351
356,Reviewer / Tech Reviewer,2,5304,4.705382
356,Reviewer / Tech Reviewer,3,5305,4.7031684
356,Reviewer / Tech Reviewer,4,5301,4.6875057
356,Reviewer / Tech Reviewer,5,5299,4.670695
356,Reviewer / Tech Reviewer,6,5194,4.5150385
356,Reviewer / Tech Reviewer,7,5203,4.502958
356,Reviewer / Tech Reviewer,8,5202,4.4891605
356,Reviewer / Tech Reviewer,9,5427,4.4885716
356,Reviewer / Tech Reviewer,10,5195,4.484825
357,Reviewer / Tech Reviewer,1,5300,4.7352357
357,Reviewer / Tech Reviewer,2,5298,4.7083435
357,Reviewer / Tech Reviewer,3,5304,4.706708
357,Reviewer / Tech Reviewer,4,5305,4.704013
357,Reviewer / Tech Reviewer,5,5301,4.688381
357,Reviewer / Tech Reviewer,6,5194,4.5133967
357,Reviewer / Tech Reviewer,7,5201,4.509282
357,Reviewer / Tech Reviewer,8,5214,4.4999084
357,Reviewer / Tech Reviewer,9,5197,4.4968796
357,Reviewer / Tech Reviewer,10,5427,4.4901905
358,Reviewer / Tech Reviewer,1,5300,4.7315464
358,Reviewer / Tech Reviewer,2,5302,4.7175527
358,Reviewer / Tech Reviewer,3,5298,4.7049174
358,Reviewer / Tech Reviewer,4,5304,4.703345
358,Reviewer / Tech Reviewer,5,5301,4.684639
358,Reviewer / Tech Reviewer,6,5194,4.512892
358,Reviewer / Tech Reviewer,7,5201,4.5085945
358,Reviewer / Tech Reviewer,8,5203,4.501569
358,Reviewer / Tech Reviewer,9,5197,4.496122
358,Reviewer / Tech Reviewer,10,5202,4.4870906
359,Reviewer / Tech Reviewer,1,5303,4.7409053
359,Reviewer / Tech Reviewer,2,5302,4.730419
359,Reviewer / Tech Reviewer,3,5304,4.7151003
359,Reviewer / Tech Reviewer,4,5301,4.6979394
359,Reviewer / Tech Reviewer,5,5299,4.6807604
359,Reviewer / Tech Reviewer,6,5194,4.5151033
359,Reviewer / Tech Reviewer,7,5201,4.51069
359,Reviewer / Tech Reviewer,8,5203,4.5042725
359,Reviewer / Tech Reviewer,9,5214,4.5017033
359,Reviewer / Tech Reviewer,10,5427,4.4993997
360,Reviewer / Tech Reviewer,1,5306,4.7512546
360,Reviewer / Tech Reviewer,2,5303,4.7378106
360,Reviewer / Tech Reviewer,3,5302,4.7271423
360,Reviewer / Tech Reviewer,4,5298,4.71395
360,Reviewer / Tech Reviewer,5,5304,4.7121696
360,Reviewer / Tech Reviewer,6,5201,4.5098777
360,Reviewer / Tech Reviewer,7,5203,4.503356
360,Reviewer / Tech Reviewer,8,5214,4.500682
360,Reviewer / Tech Reviewer,9,5197,4.497689
360,Reviewer / Tech Reviewer,10,5427,4.4959188
361,Reviewer / Tech Reviewer,1,5306,4.7458496
361,Reviewer / Tech Reviewer,2,5300,4.7357635
361,Reviewer / Tech Reviewer,3,5302,4.72164
361,Reviewer / Tech Reviewer,4,5305,4.7047353
361,Reviewer / Tech Reviewer,5,5297,4.6514354
361,Reviewer / Tech Reviewer,6,5194,4.512408
361,Reviewer / Tech Reviewer,7,5201,4.509194
361,Reviewer / Tech Reviewer,8,5203,4.502487
361,Reviewer / Tech Reviewer,9,5214,4.499487
361,Reviewer / Tech Reviewer,10,5427,4.491997
362,Reviewer / Tech Reviewer,1,5306,4.746885
362,Reviewer / Tech Reviewer,2,5300,4.737165
362,Reviewer / Tech Reviewer,3,5303,4.7335935
362,Reviewer / Tech Reviewer,4,5298,4.709697
362,Reviewer / Tech Reviewer,5,5304,4.707583
362,Reviewer / Tech Reviewer,6,5194,4.5159554
362,Reviewer / Tech Reviewer,7,5201,4.510786
362,Reviewer / Tech Reviewer,8,5203,4.5040207
362,Reviewer / Tech Reviewer,9,5214,4.501953
362,Reviewer / Tech Reviewer,10,5197,4.4990454
363,Reviewer / Tech Reviewer,1,5300,4.740559
363,Reviewer / Tech Reviewer,2,5304,4.7111616
363,Reviewer / Tech Reviewer,3,5301,4.693649
363,Reviewer / Tech Reviewer,4,5194,4.515013
363,Reviewer / Tech Reviewer,5,5203,4.504027
363,Reviewer / Tech Reviewer,6,5214,4.501588
363,Reviewer / Tech Reviewer,7,5427,4.4958897
363,Reviewer / Tech Reviewer,8,5202,4.4893236
363,Reviewer / Tech Reviewer,9,5199,4.483138
363,Reviewer / Tech Reviewer,10,5329,4.473239
364,Reviewer / Tech Reviewer,1,5306,4.747762
364,Reviewer / Tech Reviewer,2,5300,4.7379766
364,Reviewer / Tech Reviewer,3,5303,4.734544
364,Reviewer / Tech Reviewer,4,5302,4.7237296
364,Reviewer / Tech Reviewer,5,5305,4.7064
364,Reviewer / Tech Reviewer,6,5194,4.514718
364,Reviewer / Tech Reviewer,7,5201,4.5097675
364,Reviewer / Tech Reviewer,8,5214,4.500799
364,Reviewer / Tech Reviewer,9,5197,4.4978604
364,Reviewer / Tech Reviewer,10,5427,4.491555
365,Reviewer / Tech Reviewer,1,5306,4.7551365
365,Reviewer / Tech Reviewer,2,5300,4.745875
365,Reviewer / Tech Reviewer,3,5303,4.741092
365,Reviewer / Tech Reviewer,4,5302,4.7304354
365,Reviewer / Tech Reviewer,5,5298,4.717695
365,Reviewer / Tech Reviewer,6,5201,4.5132513
365,Reviewer / Tech Reviewer,7,5214,4.504775
365,Reviewer / Tech Reviewer,8,5197,4.5019298
365,Reviewer / Tech Reviewer,9,5427,4.501323
365,Reviewer / Tech Reviewer,10,5195,4.48767
366,Reviewer / Tech Reviewer,1,5306,4.7479706
366,Reviewer / Tech Reviewer,2,5303,4.7346992
366,Reviewer / Tech Reviewer,3,5302,4.7237816
366,Reviewer / Tech Reviewer,4,5304,4.7091556
366,Reviewer / Tech Reviewer,5,5305,4.706679
366,Reviewer / Tech Reviewer,6,5194,4.5141706
366,Reviewer / Tech Reviewer,7,5201,4.509975
366,Reviewer / Tech Reviewer,8,5203,4.5033193
366,Reviewer / Tech Reviewer,9,5197,4.497741
366,Reviewer / Tech Reviewer,10,5202,4.488517
367,Reviewer / Tech Reviewer,1,5306,4.7557282
367,Reviewer / Tech Reviewer,2,5300,4.746524
367,Reviewer / Tech Reviewer,3,5303,4.741739
367,Reviewer / Tech Reviewer,4,5302,4.7312446
367,Reviewer / Tech Reviewer,5,5304,4.7154026
367,Reviewer / Tech Reviewer,6,5194,4.518304
367,Reviewer / Tech Reviewer,7,5201,4.512705
367,Reviewer / Tech Reviewer,8,5214,4.504322
367,Reviewer / Tech Reviewer,9,5197,4.5014815
367,Reviewer / Tech Reviewer,10,5427,4.5008945
368,Reviewer / Tech Reviewer,1,5306,4.753269
368,Reviewer / Tech Reviewer,2,5303,4.7398257
368,Reviewer / Tech Reviewer,3,5302,4.7293797
368,Reviewer / Tech Reviewer,4,5298,4.715688
368,Reviewer / Tech Reviewer,5,5304,4.714143
368,Reviewer / Tech Reviewer,6,5194,4.5126257
368,Reviewer / Tech Reviewer,7,5201,4.508805
368,Reviewer / Tech Reviewer,8,5203,4.502562
368,Reviewer / Tech Reviewer,9,5427,4.4968195
368,Reviewer / Tech Reviewer,10,5197,4.4964943
369,Reviewer / Tech Reviewer,1,5300,4.742937
369,Reviewer / Tech Reviewer,2,5303,4.739274
369,Reviewer / Tech Reviewer,3,5302,4.728841
369,Reviewer / Tech Reviewer,4,5298,4.714875
369,Reviewer / Tech Reviewer,5,5304,4.7130375
369,Reviewer / Tech Reviewer,6,5201,4.5095005
369,Reviewer / Tech Reviewer,7,5203,4.503236
369,Reviewer / Tech Reviewer,8,5214,4.5006
369,Reviewer / Tech Reviewer,9,5197,4.4977217
369,Reviewer / Tech Reviewer,10,5427,4.495399
370,Reviewer / Tech Reviewer,1,5300,4.740105
370,Reviewer / Tech Reviewer,2,5302,4.7253046
370,Reviewer / Tech Reviewer,3,5298,4.712471
370,Reviewer / Tech Reviewer,4,5304,4.710249
370,Reviewer / Tech Reviewer,5,5305,4.708233
370,Reviewer / Tech Reviewer,6,5194,4.5164347
370,Reviewer / Tech Reviewer,7,5214,4.5026255
370,Reviewer / Tech Reviewer,8,5197,4.499717
370,Reviewer / Tech Reviewer,9,5427,4.494977
370,Reviewer / Tech Reviewer,10,5202,4.4906616
371,Reviewer / Tech Reviewer,1,5306,4.746054
371,Reviewer / Tech Reviewer,2,5303,4.7329063
371,Reviewer / Tech Reviewer,3,5302,4.7218485
371,Reviewer / Tech Reviewer,4,5298,4.709174
371,Reviewer / Tech Reviewer,5,5304,4.7074842
371,Reviewer / Tech Reviewer,6,5194,4.513839
371,Reviewer / Tech Reviewer,7,5201,4.5097723
371,Reviewer / Tech Reviewer,8,5203,4.5030513
371,Reviewer / Tech Reviewer,9,5427,4.491375
371,Reviewer / Tech Reviewer,10,5202,4.488186
372,Reviewer / Tech Reviewer,1,5306,4.747621
372,Reviewer / Tech Reviewer,2,5300,4.737542
372,Reviewer / Tech Reviewer,3,5298,4.7105494
372,Reviewer / Tech Reviewer,4,5304,4.7091713
372,Reviewer / Tech Reviewer,5,5305,4.7064457
372,Reviewer / Tech Reviewer,6,5194,4.51208
372,Reviewer / Tech Reviewer,7,5201,4.508497
372,Reviewer / Tech Reviewer,8,5203,4.5019374
372,Reviewer / Tech Reviewer,9,5214,4.49893
372,Reviewer / Tech Reviewer,10,5197,4.495881
373,Reviewer / Tech Reviewer,1,5306,4.748644
373,Reviewer / Tech Reviewer,2,5300,4.7387133
373,Reviewer / Tech Reviewer,3,5303,4.7353287
373,Reviewer / Tech Reviewer,4,5302,4.7243876
373,Reviewer / Tech Reviewer,5,5298,4.7117844
373,Reviewer / Tech Reviewer,6,5201,4.5098557
373,Reviewer / Tech Reviewer,7,5203,4.503253
373,Reviewer / Tech Reviewer,8,5214,4.500349
373,Reviewer / Tech Reviewer,9,5427,4.494659
373,Reviewer / Tech Reviewer,10,5202,4.4878073
374,Reviewer / Tech Reviewer,1,5306,4.745904
374,Reviewer / Tech Reviewer,2,5300,4.736071
374,Reviewer / Tech Reviewer,3,5303,4.7328043
374,Reviewer / Tech Reviewer,4,5298,4.7087364
374,Reviewer / Tech Reviewer,5,5305,4.7045975
374,Reviewer / Tech Reviewer,6,5194,4.514375
374,Reviewer / Tech Reviewer,7,5203,4.502695
374,Reviewer / Tech Reviewer,8,5427,4.4899473
374,Reviewer / Tech Reviewer,9,5202,4.488565
374,Reviewer / Tech Reviewer,10,5200,4.478278
375,Reviewer / Tech Reviewer,1,5306,4.756531
375,Reviewer / Tech Reviewer,2,5300,4.7469873
375,Reviewer / Tech Reviewer,3,5303,4.74263
375,Reviewer / Tech Reviewer,4,5302,4.732155
375,Reviewer / Tech Reviewer,5,5304,4.7170396
375,Reviewer / Tech Reviewer,6,5194,4.515478
375,Reviewer / Tech Reviewer,7,5201,4.5114536
375,Reviewer / Tech Reviewer,8,5203,4.5051823
375,Reviewer / Tech Reviewer,9,5214,4.502409
375,Reviewer / Tech Reviewer,10,5427,4.50231
376,Reviewer / Tech Reviewer,1,5306,4.745308
376,Reviewer / Tech Reviewer,2,5300,4.735565
376,Reviewer / Tech Reviewer,3,5303,4.7321434
376,Reviewer / Tech Reviewer,4,5302,4.721105
376,Reviewer / Tech Reviewer,5,5298,4.708189
376,Reviewer / Tech Reviewer,6,5194,4.515586
376,Reviewer / Tech Reviewer,7,5203,4.503457
376,Reviewer / Tech Reviewer,8,5214,4.50147
376,Reviewer / Tech Reviewer,9,5197,4.498544
376,Reviewer / Tech Reviewer,10,5427,4.489764
377,Reviewer / Tech Reviewer,1,5303,4.7338104
377,Reviewer / Tech Reviewer,2,5302,4.7227845
377,Reviewer / Tech Reviewer,3,5298,4.7102013
377,Reviewer / Tech Reviewer,4,5304,4.7083416
377,Reviewer / Tech Reviewer,5,5305,4.7057877
377,Reviewer / Tech Reviewer,6,5194,4.514499
377,Reviewer / Tech Reviewer,7,5203,4.503479
377,Reviewer / Tech Reviewer,8,5214,4.501025
377,Reviewer / Tech Reviewer,9,5427,4.4927053
377,Reviewer / Tech Reviewer,10,5195,4.4839354
378,Reviewer / Tech Reviewer,1,5306,4.7520986
378,Reviewer / Tech Reviewer,2,5300,4.742257
378,Reviewer / Tech Reviewer,3,5303,4.7386217
378,Reviewer / Tech Reviewer,4,5298,4.7146416
378,Reviewer / Tech Reviewer,5,5304,4.7128954
378,Reviewer / Tech Reviewer,6,5194,4.514084
378,Reviewer / Tech Reviewer,7,5203,4.5036063
378,Reviewer / Tech Reviewer,8,5214,4.500777
378,Reviewer / Tech Reviewer,9,5197,4.4978275
378,Reviewer / Tech Reviewer,10,5427,4.496414
379,Reviewer / Tech Reviewer,1,5306,4.750763
379,Reviewer / Tech Reviewer,2,5300,4.7413163
379,Reviewer / Tech Reviewer,3,5302,4.726438
379,Reviewer / Tech Reviewer,4,5298,4.71338
379,Reviewer / Tech Reviewer,5,5305,4.709178
379,Reviewer / Tech Reviewer,6,5194,4.516652
379,Reviewer / Tech Reviewer,7,5203,4.504603
379,Reviewer / Tech Reviewer,8,5214,4.5026517
379,Reviewer / Tech Reviewer,9,5197,4.4997416
379,Reviewer / Tech Reviewer,10,5427,4.495601
380,Reviewer / Tech Reviewer,1,5306,4.7489967
380,Reviewer / Tech Reviewer,2,5300,4.739419
380,Reviewer / Tech Reviewer,3,5303,4.735512
380,Reviewer / Tech Reviewer,4,5302,4.7246027
380,Reviewer / Tech Reviewer,5,5298,4.7118654
380,Reviewer / Tech Reviewer,6,5194,4.516121
380,Reviewer / Tech Reviewer,7,5201,4.511163
380,Reviewer / Tech Reviewer,8,5197,4.4993687
380,Reviewer / Tech Reviewer,9,5427,4.4943614
380,Reviewer / Tech Reviewer,10,5202,4.4903126
381,Reviewer / Tech Reviewer,1,5300,4.7322164
381,Reviewer / Tech Reviewer,2,5298,4.7051506
381,Reviewer / Tech Reviewer,3,5304,4.7031775
381,Reviewer / Tech Reviewer,4,5305,4.700716
381,Reviewer / Tech Reviewer,5,5301,4.6850443
381,Reviewer / Tech Reviewer,6,5194,4.5145645
381,Reviewer / Tech Reviewer,7,5197,4.4973435
381,Reviewer / Tech Reviewer,8,5202,4.488576
381,Reviewer / Tech Reviewer,9,5427,4.4863706
381,Reviewer / Tech Reviewer,10,5195,4.4844394
382,Reviewer / Tech Reviewer,1,5303,4.7356377
382,Reviewer / Tech Reviewer,2,5298,4.7114353
382,Reviewer / Tech Reviewer,3,5304,4.70928
382,Reviewer / Tech Reviewer,4,5305,4.7075734
382,Reviewer / Tech Reviewer,5,5301,4.692109
382,Reviewer / Tech Reviewer,6,5194,4.516288
382,Reviewer / Tech Reviewer,7,5201,4.510785
382,Reviewer / Tech Reviewer,8,5203,4.504193
382,Reviewer / Tech Reviewer,9,5197,4.499277
382,Reviewer / Tech Reviewer,10,5427,4.4926996
383,Reviewer / Tech Reviewer,1,5306,4.754833
383,Reviewer / Tech Reviewer,2,5300,4.745225
383,Reviewer / Tech Reviewer,3,5303,4.7411265
383,Reviewer / Tech Reviewer,4,5302,4.7306547
383,Reviewer / Tech Reviewer,5,5298,4.717311
383,Reviewer / Tech Reviewer,6,5194,4.514796
383,Reviewer / Tech Reviewer,7,5201,4.510545
383,Reviewer / Tech Reviewer,8,5214,4.5014963
383,Reviewer / Tech Reviewer,9,5427,4.499571
383,Reviewer / Tech Reviewer,10,5202,4.489231
384,Reviewer / Tech Reviewer,1,5306,4.7495823
384,Reviewer / Tech Reviewer,2,5300,4.7398934
384,Reviewer / Tech Reviewer,3,5302,4.725229
384,Reviewer / Tech Reviewer,4,5298,4.7122974
384,Reviewer / Tech Reviewer,5,5304,4.710153
384,Reviewer / Tech Reviewer,6,5194,4.5162888
384,Reviewer / Tech Reviewer,7,5201,4.5113516
384,Reviewer / Tech Reviewer,8,5214,4.5025225
384,Reviewer / Tech Reviewer,9,5197,4.499631
384,Reviewer / Tech Reviewer,10,5427,4.4946766
385,Reviewer / Tech Reviewer,1,5306,4.754694
385,Reviewer / Tech Reviewer,2,5300,4.745104
385,Reviewer / Tech Reviewer,3,5303,4.740953
385,Reviewer / Tech Reviewer,4,5304,4.715084
385,Reviewer / Tech Reviewer,5,5305,4.7131577
385,Reviewer / Tech Reviewer,6,5201,4.511053
385,Reviewer / Tech Reviewer,7,5427,4.4995027
385,Reviewer / Tech Reviewer,8,5197,4.4992123
385,Reviewer / Tech Reviewer,9,5196,4.4599667
385,Reviewer / Tech Reviewer,10,5423,4.4579024
386,Reviewer / Tech Reviewer,1,5306,4.744987
386,Reviewer / Tech Reviewer,2,5300,4.7351446
386,Reviewer / Tech Reviewer,3,5303,4.731834
386,Reviewer / Tech Reviewer,4,5302,4.7206826
386,Reviewer / Tech Reviewer,5,5298,4.7082124
386,Reviewer / Tech Reviewer,6,5194,4.51446
386,Reviewer / Tech Reviewer,7,5203,4.5031414
386,Reviewer / Tech Reviewer,8,5214,4.500824
386,Reviewer / Tech Reviewer,9,5197,4.4978185
386,Reviewer / Tech Reviewer,10,5427,4.4904847
387,Reviewer / Tech Reviewer,1,5300,4.742694
387,Reviewer / Tech Reviewer,2,5298,4.714553
387,Reviewer / Tech Reviewer,3,5304,4.7122736
387,Reviewer / Tech Reviewer,4,5305,4.71066
387,Reviewer / Tech Reviewer,5,5301,4.6954713
387,Reviewer / Tech Reviewer,6,5201,4.5113816
387,Reviewer / Tech Reviewer,7,5203,4.504885
387,Reviewer / Tech Reviewer,8,5214,4.5027866
387,Reviewer / Tech Reviewer,9,5202,4.491026
387,Reviewer / Tech Reviewer,10,5195,4.4862633
388,Reviewer / Tech Reviewer,1,5306,4.7479215
388,Reviewer / Tech Reviewer,2,5303,4.7346783
388,Reviewer / Tech Reviewer,3,5302,4.723808
388,Reviewer / Tech Reviewer,4,5298,4.71085
388,Reviewer / Tech Reviewer,5,5304,4.709079
388,Reviewer / Tech Reviewer,6,5201,4.5095634
388,Reviewer / Tech Reviewer,7,5203,4.5027976
388,Reviewer / Tech Reviewer,8,5197,4.4973125
388,Reviewer / Tech Reviewer,9,5195,4.4833584
388,Reviewer / Tech Reviewer,10,5199,4.481907
389,Reviewer / Tech Reviewer,1,5300,4.7308764
389,Reviewer / Tech Reviewer,2,5302,4.717214
389,Reviewer / Tech Reviewer,3,5304,4.703175
389,Reviewer / Tech Reviewer,4,5305,4.699977
389,Reviewer / Tech Reviewer,5,5194,4.510884
389,Reviewer / Tech Reviewer,6,5201,4.5071263
389,Reviewer / Tech Reviewer,7,5214,4.497385
389,Reviewer / Tech Reviewer,8,5197,4.4942427
389,Reviewer / Tech Reviewer,9,5202,4.4851246
389,Reviewer / Tech Reviewer,10,5329,4.4657736
390,Reviewer / Tech Reviewer,1,5306,4.756029
390,Reviewer / Tech Reviewer,2,5300,4.7463183
390,Reviewer / Tech Reviewer,3,5303,4.7424088
390,Reviewer / Tech Reviewer,4,5302,4.7321215
390,Reviewer / Tech Reviewer,5,5298,4.718451
390,Reviewer / Tech Reviewer,6,5194,4.512339
390,Reviewer / Tech Reviewer,7,5201,4.5087786
390,Reviewer / Tech Reviewer,8,5203,4.5025234
390,Reviewer / Tech Reviewer,9,5427,4.500021
390,Reviewer / Tech Reviewer,10,5214,4.499387
391,Reviewer / Tech Reviewer,1,5306,4.7525263
391,Reviewer / Tech Reviewer,2,5300,4.7426643
391,Reviewer / Tech Reviewer,3,5303,4.7391167
391,Reviewer / Tech Reviewer,4,5302,4.7286134
391,Reviewer / Tech Reviewer,5,5298,4.7150445
391,Reviewer / Tech Reviewer,6,5194,4.512696
391,Reviewer / Tech Reviewer,7,5201,4.5088563
391,Reviewer / Tech Reviewer,8,5214,4.499513
391,Reviewer / Tech Reviewer,9,5197,4.4965086
391,Reviewer / Tech Reviewer,10,5202,4.4871936
392,Reviewer / Tech Reviewer,1,5306,4.7521563
392,Reviewer / Tech Reviewer,2,5300,4.7424607
392,Reviewer / Tech Reviewer,3,5303,4.7385664
392,Reviewer / Tech Reviewer,4,5302,4.7278976
392,Reviewer / Tech Reviewer,5,5298,4.714713
392,Reviewer / Tech Reviewer,6,5194,4.515602
392,Reviewer / Tech Reviewer,7,5203,4.504589
392,Reviewer / Tech Reviewer,8,5214,4.502074
392,Reviewer / Tech Reviewer,9,5197,4.4991655
392,Reviewer / Tech Reviewer,10,5427,4.496958
393,Reviewer / Tech Reviewer,1,5306,4.750467
393,Reviewer / Tech Reviewer,2,5300,4.7404957
393,Reviewer / Tech Reviewer,3,5303,4.737209
393,Reviewer / Tech Reviewer,4,5298,4.713066
393,Reviewer / Tech Reviewer,5,5304,4.711587
393,Reviewer / Tech Reviewer,6,5194,4.512429
393,Reviewer / Tech Reviewer,7,5203,4.502168
393,Reviewer / Tech Reviewer,8,5214,4.49918
393,Reviewer / Tech Reviewer,9,5197,4.4961753
393,Reviewer / Tech Reviewer,10,5202,4.4869103
394,Reviewer / Tech Reviewer,1,5306,4.746398
394,Reviewer / Tech Reviewer,2,5302,4.7221627
394,Reviewer / Tech Reviewer,3,5305,4.705086
394,Reviewer / Tech Reviewer,4,5299,4.673025
394,Reviewer / Tech Reviewer,5,5297,4.6513295
394,Reviewer / Tech Reviewer,6,5194,4.513951
394,Reviewer / Tech Reviewer,7,5203,4.5028496
394,Reviewer / Tech Reviewer,8,5214,4.500438
394,Reviewer / Tech Reviewer,9,5197,4.497397
394,Reviewer / Tech Reviewer,10,5427,4.491827
395,Reviewer / Tech Reviewer,1,5306,4.751336
395,Reviewer / Tech Reviewer,2,5300,4.7416205
395,Reviewer / Tech Reviewer,3,5303,4.737878
395,Reviewer / Tech Reviewer,4,5302,4.7272577
395,Reviewer / Tech Reviewer,5,5298,4.7138085
395,Reviewer / Tech Reviewer,6,5201,4.510183
395,Reviewer / Tech Reviewer,7,5203,4.5037017
395,Reviewer / Tech Reviewer,8,5197,4.498314
395,Reviewer / Tech Reviewer,9,5427,4.495282
395,Reviewer / Tech Reviewer,10,5202,4.4892526
396,Reviewer / Tech Reviewer,1,5306,4.75743
396,Reviewer / Tech Reviewer,2,5298,4.7198715
396,Reviewer / Tech Reviewer,3,5305,4.715783
396,Reviewer / Tech Reviewer,4,5301,4.700895
396,Reviewer / Tech Reviewer,5,5194,4.5153255
396,Reviewer / Tech Reviewer,6,5203,4.504774
396,Reviewer / Tech Reviewer,7,5427,4.5027013
396,Reviewer / Tech Reviewer,8,5214,4.5021186
396,Reviewer / Tech Reviewer,9,5197,4.499153
396,Reviewer / Tech Reviewer,10,5195,4.4843454
397,Reviewer / Tech Reviewer,1,5306,4.7465124
397,Reviewer / Tech Reviewer,2,5300,4.736609
397,Reviewer / Tech Reviewer,3,5303,4.7334466
397,Reviewer / Tech Reviewer,4,5302,4.722595
397,Reviewer / Tech Reviewer,5,5298,4.709267
397,Reviewer / Tech Reviewer,6,5194,4.5135255
397,Reviewer / Tech Reviewer,7,5201,4.5089045
397,Reviewer / Tech Reviewer,8,5203,4.502166
397,Reviewer / Tech Reviewer,9,5214,4.499729
397,Reviewer / Tech Reviewer,10,5197,4.4967437
398,Reviewer / Tech Reviewer,1,5306,4.7423077
398,Reviewer / Tech Reviewer,2,5300,4.7323256
398,Reviewer / Tech Reviewer,3,5303,4.7293935
398,Reviewer / Tech Reviewer,4,5302,4.7181726
398,Reviewer / Tech Reviewer,5,5298,4.705386
398,Reviewer / Tech Reviewer,6,5203,4.5027876
398,Reviewer / Tech Reviewer,7,5427,4.486692
398,Reviewer / Tech Reviewer,8,5195,4.4845204
398,Reviewer / Tech Reviewer,9,5200,4.4786406
398,Reviewer / Tech Reviewer,10,5198,4.4640985
399,Reviewer / Tech Reviewer,1,5306,4.755234
399,Reviewer / Tech Reviewer,2,5300,4.7458124
399,Reviewer / Tech Reviewer,3,5303,4.741335
399,Reviewer / Tech Reviewer,4,5302,4.7307825
399,Reviewer / Tech Reviewer,5,5298,4.7177024
399,Reviewer / Tech Reviewer,6,5194,4.5170426
399,Reviewer / Tech Reviewer,7,5201,4.512169
399,Reviewer / Tech Reviewer,8,5203,4.50577
399,Reviewer / Tech Reviewer,9,5427,4.500697
399,Reviewer / Tech Reviewer,10,5197,4.500585
500,Reviewer / Tech Reviewer,1,5306,4.744413
500,Reviewer / Tech Reviewer,2,5300,4.734393
500,Reviewer / Tech Reviewer,3,5303,4.7313857
500,Reviewer / Tech Reviewer,4,5302,4.7202544
500,Reviewer / Tech Reviewer,5,5298,4.7075505
500,Reviewer / Tech Reviewer,6,5201,4.50959
500,Reviewer / Tech Reviewer,7,5203,4.5028076
500,Reviewer / Tech Reviewer,8,5214,4.500289
500,Reviewer / Tech Reviewer,9,5427,4.4894257
500,Reviewer / Tech Reviewer,10,5202,4.4881635
506,Reviewer / Tech Reviewer,1,5300,4.747251
506,Reviewer / Tech Reviewer,2,5303,4.742795
506,Reviewer / Tech Reviewer,3,5302,4.7324204
506,Reviewer / Tech Reviewer,4,5298,4.718931
506,Reviewer / Tech Reviewer,5,5304,4.716689
506,Reviewer / Tech Reviewer,6,5201,4.511588
506,Reviewer / Tech Reviewer,7,5203,4.505315
506,Reviewer / Tech Reviewer,8,5427,4.5012813
506,Reviewer / Tech Reviewer,9,5197,4.5000076
506,Reviewer / Tech Reviewer,10,5202,4.4908376
507,Reviewer / Tech Reviewer,1,5300,4.7360144
507,Reviewer / Tech Reviewer,2,5303,4.73273
507,Reviewer / Tech Reviewer,3,5298,4.708902
507,Reviewer / Tech Reviewer,4,5304,4.707053
507,Reviewer / Tech Reviewer,5,5305,4.70464
507,Reviewer / Tech Reviewer,6,5197,4.4979553
507,Reviewer / Tech Reviewer,7,5427,4.49083
507,Reviewer / Tech Reviewer,8,5202,4.4888787
507,Reviewer / Tech Reviewer,9,5195,4.4842033
507,Reviewer / Tech Reviewer,10,5200,4.4784293
520,Reviewer / Tech Reviewer,1,5306,4.751232
520,Reviewer / Tech Reviewer,2,5300,4.7415166
520,Reviewer / Tech Reviewer,3,5302,4.727248
520,Reviewer / Tech Reviewer,4,5304,4.7120066
520,Reviewer / Tech Reviewer,5,5301,4.694237
520,Reviewer / Tech Reviewer,6,5194,4.5138483
520,Reviewer / Tech Reviewer,7,5201,4.509411
520,Reviewer / Tech Reviewer,8,5203,4.5028515
520,Reviewer / Tech Reviewer,9,5214,4.5002875
520,Reviewer / Tech Reviewer,10,5197,4.4973
524,Reviewer / Tech Reviewer,1,5306,4.751585
524,Reviewer / Tech Reviewer,2,5300,4.741801
524,Reviewer / Tech Reviewer,3,5302,4.7274685
524,Reviewer / Tech Reviewer,4,5298,4.714359
524,Reviewer / Tech Reviewer,5,5304,4.712668
524,Reviewer / Tech Reviewer,6,5194,4.513503
524,Reviewer / Tech Reviewer,7,5201,4.5096726
524,Reviewer / Tech Reviewer,8,5214,4.5003405
524,Reviewer / Tech Reviewer,9,5197,4.4973154
524,Reviewer / Tech Reviewer,10,5427,4.4965396
530,Reviewer / Tech Reviewer,1,5306,4.755327
530,Reviewer / Tech Reviewer,2,5303,4.7415233
530,Reviewer / Tech Reviewer,3,5298,4.7176285
530,Reviewer / Tech Reviewer,4,5304,4.7153945
530,Reviewer / Tech Reviewer,5,5301,4.698654
530,Reviewer / Tech Reviewer,6,5194,4.5163126
530,Reviewer / Tech Reviewer,7,5201,4.511322
530,Reviewer / Tech Reviewer,8,5214,4.502612
530,Reviewer / Tech Reviewer,9,5202,4.4906244
530,Reviewer / Tech Reviewer,10,5195,4.485574
542,Reviewer / Tech Reviewer,1,5306,4.7538004
542,Reviewer / Tech Reviewer,2,5300,4.744424
542,Reviewer / Tech Reviewer,3,5303,4.7399435
542,Reviewer / Tech Reviewer,4,5302,4.7292633
542,Reviewer / Tech Reviewer,5,5304,4.7141085
542,Reviewer / Tech Reviewer,6,5194,4.517005
542,Reviewer / Tech Reviewer,7,5201,4.5121603
542,Reviewer / Tech Reviewer,8,5203,4.5055914
542,Reviewer / Tech Reviewer,9,5214,4.5034146
542,Reviewer / Tech Reviewer,10,5427,4.499778
552,Reviewer / Tech Reviewer,1,5306,4.750435
552,Reviewer / Tech Reviewer,2,5300,4.7406807
552,Reviewer / Tech Reviewer,3,5303,4.736977
552,Reviewer / Tech Reviewer,4,5302,4.7261753
552,Reviewer / Tech Reviewer,5,5298,4.713352
552,Reviewer / Tech Reviewer,6,5194,4.514267
552,Reviewer / Tech Reviewer,7,5203,4.503688
552,Reviewer / Tech Reviewer,8,5214,4.501023
552,Reviewer / Tech Reviewer,9,5197,4.4980097
552,Reviewer / Tech Reviewer,10,5427,4.495991
554,Reviewer / Tech Reviewer,1,5306,4.7525954
554,Reviewer / Tech Reviewer,2,5300,4.743021
554,Reviewer / Tech Reviewer,3,5303,4.7389507
554,Reviewer / Tech Reviewer,4,5304,4.713009
554,Reviewer / Tech Reviewer,5,5301,4.6959653
554,Reviewer / Tech Reviewer,6,5203,4.5046864
554,Reviewer / Tech Reviewer,7,5214,4.5023365
554,Reviewer / Tech Reviewer,8,5197,4.4994226
554,Reviewer / Tech Reviewer,9,5427,4.4974604
554,Reviewer / Tech Reviewer,10,5195,4.4852934
555,Reviewer / Tech Reviewer,1,5306,4.7522783
555,Reviewer / Tech Reviewer,2,5300,4.7425003
555,Reviewer / Tech Reviewer,3,5303,4.7388196
555,Reviewer / Tech Reviewer,4,5302,4.7282696
555,Reviewer / Tech Reviewer,5,5298,4.7147846
555,Reviewer / Tech Reviewer,6,5194,4.5137963
555,Reviewer / Tech Reviewer,7,5203,4.5031624
555,Reviewer / Tech Reviewer,8,5214,4.500407
555,Reviewer / Tech Reviewer,9,5197,4.4974375
555,Reviewer / Tech Reviewer,10,5427,4.496256
563,Reviewer / Tech Reviewer,1,5306,4.7436366
563,Reviewer / Tech Reviewer,2,5303,4.730834
563,Reviewer / Tech Reviewer,3,5302,4.7197714
563,Reviewer / Tech Reviewer,4,5298,4.7067547
563,Reviewer / Tech Reviewer,5,5304,4.705489
563,Reviewer / Tech Reviewer,6,5194,4.5116506
563,Reviewer / Tech Reviewer,7,5197,4.495262
563,Reviewer / Tech Reviewer,8,5202,4.4860535
563,Reviewer / Tech Reviewer,9,5195,4.481306
563,Reviewer / Tech Reviewer,10,5199,4.4797697
579,Reviewer / Tech Reviewer,1,5306,4.7450514
579,Reviewer / Tech Reviewer,2,5300,4.735072
579,Reviewer / Tech Reviewer,3,5302,4.7209067
579,Reviewer / Tech Reviewer,4,5304,4.706306
579,Reviewer / Tech Reviewer,5,5305,4.703866
579,Reviewer / Tech Reviewer,6,5194,4.5142803
579,Reviewer / Tech Reviewer,7,5201,4.5097814
579,Reviewer / Tech Reviewer,8,5214,4.5005937
579,Reviewer / Tech Reviewer,9,5197,4.4976296
579,Reviewer / Tech Reviewer,10,5427,4.4897637
586,Reviewer / Tech Reviewer,1,5306,4.745892
586,Reviewer / Tech Reviewer,2,5300,4.7358804
586,Reviewer / Tech Reviewer,3,5302,4.7217493
586,Reviewer / Tech Reviewer,4,5298,4.7093034
586,Reviewer / Tech Reviewer,5,5304,4.7079096
586,Reviewer / Tech Reviewer,6,5194,4.511832
586,Reviewer / Tech Reviewer,7,5201,4.5086784
586,Reviewer / Tech Reviewer,8,5203,4.5018563
586,Reviewer / Tech Reviewer,9,5214,4.498904
586,Reviewer / Tech Reviewer,10,5197,4.495764
604,Reviewer / Tech Reviewer,1,5306,4.7463837
604,Reviewer / Tech Reviewer,2,5302,4.722083
604,Reviewer / Tech Reviewer,3,5304,4.707655
604,Reviewer / Tech Reviewer,4,5301,4.689788
604,Reviewer / Tech Reviewer,5,5299,4.673067
604,Reviewer / Tech Reviewer,6,5194,4.514559
604,Reviewer / Tech Reviewer,7,5201,4.5102553
604,Reviewer / Tech Reviewer,8,5203,4.503496
604,Reviewer / Tech Reviewer,9,5214,4.501044
604,Reviewer / Tech Reviewer,10,5197,4.4980545
605,Reviewer / Tech Reviewer,1,5300,4.7352147
605,Reviewer / Tech Reviewer,2,5303,4.7315845
605,Reviewer / Tech Reviewer,3,5302,4.720404
605,Reviewer / Tech Reviewer,4,5298,4.707906
605,Reviewer / Tech Reviewer,5,5304,4.7055826
605,Reviewer / Tech Reviewer,6,5194,4.5166206
605,Reviewer / Tech Reviewer,7,5201,4.511178
605,Reviewer / Tech Reviewer,8,5214,4.5024424
605,Reviewer / Tech Reviewer,9,5427,4.490096
605,Reviewer / Tech Reviewer,10,5195,4.4863253
616,Reviewer / Tech Reviewer,1,5306,4.7527165
616,Reviewer / Tech Reviewer,2,5300,4.7429333
616,Reviewer / Tech Reviewer,3,5303,4.739265
616,Reviewer / Tech Reviewer,4,5302,4.72876
616,Reviewer / Tech Reviewer,5,5298,4.7152443
616,Reviewer / Tech Reviewer,6,5201,4.509135
616,Reviewer / Tech Reviewer,7,5203,4.5027323
616,Reviewer / Tech Reviewer,8,5197,4.4968596
616,Reviewer / Tech Reviewer,9,5427,4.4966536
616,Reviewer / Tech Reviewer,10,5202,4.4875784
617,Reviewer / Tech Reviewer,1,5306,4.753373
617,Reviewer / Tech Reviewer,2,5303,4.739655
617,Reviewer / Tech Reviewer,3,5302,4.7289863
617,Reviewer / Tech Reviewer,4,5298,4.7160277
617,Reviewer / Tech Reviewer,5,5304,4.713972
617,Reviewer / Tech Reviewer,6,5194,4.515772
617,Reviewer / Tech Reviewer,7,5201,4.5114565
617,Reviewer / Tech Reviewer,8,5203,4.5050764
617,Reviewer / Tech Reviewer,9,5214,4.5024676
617,Reviewer / Tech Reviewer,10,5197,4.4995413
638,Reviewer / Tech Reviewer,1,5306,4.741689
638,Reviewer / Tech Reviewer,2,5304,4.703451
638,Reviewer / Tech Reviewer,3,5305,4.7006373
638,Reviewer / Tech Reviewer,4,5301,4.684654
638,Reviewer / Tech Reviewer,5,5299,4.6682115
638,Reviewer / Tech Reviewer,6,5194,4.5125837
638,Reviewer / Tech Reviewer,7,5197,4.4958606
638,Reviewer / Tech Reviewer,8,5202,4.4868298
638,Reviewer / Tech Reviewer,9,5427,4.486003
638,Reviewer / Tech Reviewer,10,5195,4.4823775
658,Reviewer / Tech Reviewer,1,5300,4.746184
658,Reviewer / Tech Reviewer,2,5302,4.7312927
658,Reviewer / Tech Reviewer,3,5298,4.7181478
658,Reviewer / Tech Reviewer,4,5304,4.715955
658,Reviewer / Tech Reviewer,5,5305,4.714078
658,Reviewer / Tech Reviewer,6,5194,4.5162697
658,Reviewer / Tech Reviewer,7,5201,4.5117235
658,Reviewer / Tech Reviewer,8,5427,4.5010448
658,Reviewer / Tech Reviewer,9,5197,4.4999685
658,Reviewer / Tech Reviewer,10,5202,4.490673
659,Reviewer / Tech Reviewer,1,5306,4.755148
659,Reviewer / Tech Reviewer,2,5300,4.7455773
659,Reviewer / Tech Reviewer,3,5303,4.7414293
659,Reviewer / Tech Reviewer,4,5302,4.7310047
659,Reviewer / Tech Reviewer,5,5298,4.717535
659,Reviewer / Tech Reviewer,6,5203,4.504187
659,Reviewer / Tech Reviewer,7,5214,4.501568
659,Reviewer / Tech Reviewer,8,5427,4.499572
659,Reviewer / Tech Reviewer,9,5202,4.489387
659,Reviewer / Tech Reviewer,10,5195,4.484187
679,Reviewer / Tech Reviewer,1,5306,4.7580223
679,Reviewer / Tech Reviewer,2,5300,4.748476
679,Reviewer / Tech Reviewer,3,5303,4.7441325
679,Reviewer / Tech Reviewer,4,5302,4.7338543
679,Reviewer / Tech Reviewer,5,5298,4.720358
679,Reviewer / Tech Reviewer,6,5194,4.514553
679,Reviewer / Tech Reviewer,7,5201,4.5105696
679,Reviewer / Tech Reviewer,8,5427,4.5028067
679,Reviewer / Tech Reviewer,9,5197,4.498528
679,Reviewer / Tech Reviewer,10,5195,4.4835634
684,Reviewer / Tech Reviewer,1,5306,4.751236
684,Reviewer / Tech Reviewer,2,5300,4.7414894
684,Reviewer / Tech Reviewer,3,5303,4.7377386
684,Reviewer / Tech Reviewer,4,5302,4.727031
684,Reviewer / Tech Reviewer,5,5298,4.71388
684,Reviewer / Tech Reviewer,6,5194,4.514982
684,Reviewer / Tech Reviewer,7,5203,4.504076
684,Reviewer / Tech Reviewer,8,5214,4.501505
684,Reviewer / Tech Reviewer,9,5197,4.4985642
684,Reviewer / Tech Reviewer,10,5202,4.489361
688,Reviewer / Tech Reviewer,1,5300,4.7395186
688,Reviewer / Tech Reviewer,2,5303,4.7359834
688,Reviewer / Tech Reviewer,3,5302,4.7252216
688,Reviewer / Tech Reviewer,4,5304,4.7100673
688,Reviewer / Tech Reviewer,5,5305,4.7079506
688,Reviewer / Tech Reviewer,6,5201,4.5100822
688,Reviewer / Tech Reviewer,7,5203,4.503517
688,Reviewer / Tech Reviewer,8,5214,4.5010715
688,Reviewer / Tech Reviewer,9,5197,4.498138
688,Reviewer / Tech Reviewer,10,5427,4.493469
700,Reviewer / Tech Reviewer,1,5300,4.7371125
700,Reviewer / Tech Reviewer,2,5303,4.7338133
700,Reviewer / Tech Reviewer,3,5302,4.7228265
700,Reviewer / Tech Reviewer,4,5304,4.708522
700,Reviewer / Tech Reviewer,5,5305,4.7057433
700,Reviewer / Tech Reviewer,6,5203,4.5026693
700,Reviewer / Tech Reviewer,7,5214,4.499998
700,Reviewer / Tech Reviewer,8,5197,4.496938
700,Reviewer / Tech Reviewer,9,5427,4.492486
700,Reviewer / Tech Reviewer,10,5202,4.4876194
714,Reviewer / Tech Reviewer,1,5306,4.7540016
714,Reviewer / Tech Reviewer,2,5302,4.729944
714,Reviewer / Tech Reviewer,3,5304,4.714426
714,Reviewer / Tech Reviewer,4,5305,4.7125063
714,Reviewer / Tech Reviewer,5,5299,4.679946
714,Reviewer / Tech Reviewer,6,5194,4.514682
714,Reviewer / Tech Reviewer,7,5203,4.5038223
714,Reviewer / Tech Reviewer,8,5214,4.5011797
714,Reviewer / Tech Reviewer,9,5197,4.4982553
714,Reviewer / Tech Reviewer,10,5427,4.49788
715,Reviewer / Tech Reviewer,1,5306,4.7496505
715,Reviewer / Tech Reviewer,2,5303,4.73617
715,Reviewer / Tech Reviewer,3,5302,4.7252703
715,Reviewer / Tech Reviewer,4,5298,4.712629
715,Reviewer / Tech Reviewer,5,5305,4.7082567
715,Reviewer / Tech Reviewer,6,5194,4.51509
715,Reviewer / Tech Reviewer,7,5201,4.510833
715,Reviewer / Tech Reviewer,8,5203,4.5041847
715,Reviewer / Tech Reviewer,9,5214,4.501701
715,Reviewer / Tech Reviewer,10,5197,4.4987164
737,Reviewer / Tech Reviewer,1,5306,4.7513123
737,Reviewer / Tech Reviewer,2,5300,4.741622
737,Reviewer / Tech Reviewer,3,5303,4.737748
737,Reviewer / Tech Reviewer,4,5302,4.7270303
737,Reviewer / Tech Reviewer,5,5298,4.7138205
737,Reviewer / Tech Reviewer,6,5194,4.516263
737,Reviewer / Tech Reviewer,7,5201,4.5113134
737,Reviewer / Tech Reviewer,8,5203,4.504877
737,Reviewer / Tech Reviewer,9,5214,4.5025253
737,Reviewer / Tech Reviewer,10,5197,4.4996576
741,Reviewer / Tech Reviewer,1,5306,4.758726
741,Reviewer / Tech Reviewer,2,5300,4.7492785
741,Reviewer / Tech Reviewer,3,5303,4.7448735
741,Reviewer / Tech Reviewer,4,5302,4.734773
741,Reviewer / Tech Reviewer,5,5304,4.718815
741,Reviewer / Tech Reviewer,6,5194,4.514263
741,Reviewer / Tech Reviewer,7,5201,4.5097814
741,Reviewer / Tech Reviewer,8,5203,4.503582
741,Reviewer / Tech Reviewer,9,5197,4.4979153
741,Reviewer / Tech Reviewer,10,5202,4.488706
755,Reviewer / Tech Reviewer,1,5306,4.7597
755,Reviewer / Tech Reviewer,2,5300,4.7505326
755,Reviewer / Tech Reviewer,3,5303,4.745466
755,Reviewer / Tech Reviewer,4,5302,4.7351823
755,Reviewer / Tech Reviewer,5,5298,4.7218328
755,Reviewer / Tech Reviewer,6,5194,4.518422
755,Reviewer / Tech Reviewer,7,5201,4.5131392
755,Reviewer / Tech Reviewer,8,5203,4.5069065
755,Reviewer / Tech Reviewer,9,5427,4.5050774
755,Reviewer / Tech Reviewer,10,5214,4.5047436
798,Reviewer / Tech Reviewer,1,5306,4.7534227
798,Reviewer / Tech Reviewer,2,5300,4.7437134
798,Reviewer / Tech Reviewer,3,5303,4.7398324
798,Reviewer / Tech Reviewer,4,5302,4.7293262
798,Reviewer / Tech Reviewer,5,5298,4.715763
798,Reviewer / Tech Reviewer,6,5214,4.501471
798,Reviewer / Tech Reviewer,7,5427,4.497348
798,Reviewer / Tech Reviewer,8,5202,4.4894295
798,Reviewer / Tech Reviewer,9,5195,4.4843583
798,Reviewer / Tech Reviewer,10,5199,4.483305
800,Reviewer / Tech Reviewer,1,5306,4.7478166
800,Reviewer / Tech Reviewer,2,5300,4.737869
800,Reviewer / Tech Reviewer,3,5302,4.72388
800,Reviewer / Tech Reviewer,4,5298,4.7106905
800,Reviewer / Tech Reviewer,5,5304,4.7091827
800,Reviewer / Tech Reviewer,6,5194,4.5125604
800,Reviewer / Tech Reviewer,7,5201,4.508622
800,Reviewer / Tech Reviewer,8,5203,4.5019593
800,Reviewer / Tech Reviewer,9,5214,4.4991913
800,Reviewer / Tech Reviewer,10,5197,4.4961467
830,Reviewer / Tech Reviewer,1,5306,4.743518
830,Reviewer / Tech Reviewer,2,5300,4.7336445
830,Reviewer / Tech Reviewer,3,5302,4.7193213
830,Reviewer / Tech Reviewer,4,5298,4.706679
830,Reviewer / Tech Reviewer,5,5304,4.7048073
830,Reviewer / Tech Reviewer,6,5201,4.5097017
830,Reviewer / Tech Reviewer,7,5203,4.502743
830,Reviewer / Tech Reviewer,8,5202,4.488614
830,Reviewer / Tech Reviewer,9,5195,4.4841747
830,Reviewer / Tech Reviewer,10,5199,4.482065
837,Reviewer / Tech Reviewer,1,5306,4.7498226
837,Reviewer / Tech Reviewer,2,5300,4.7401733
837,Reviewer / Tech Reviewer,3,5303,4.736418
837,Reviewer / Tech Reviewer,4,5302,4.7257376
837,Reviewer / Tech Reviewer,5,5298,4.712159
837,Reviewer / Tech Reviewer,6,5194,4.516208
837,Reviewer / Tech Reviewer,7,5214,4.5020323
837,Reviewer / Tech Reviewer,8,5197,4.4991827
837,Reviewer / Tech Reviewer,9,5195,4.4858522
837,Reviewer / Tech Reviewer,10,5199,4.483933
844,Reviewer / Tech Reviewer,1,5306,4.754728
844,Reviewer / Tech Reviewer,2,5300,4.7452097
844,Reviewer / Tech Reviewer,3,5303,4.7409525
844,Reviewer / Tech Reviewer,4,5298,4.71706
844,Reviewer / Tech Reviewer,5,5304,4.714858
844,Reviewer / Tech Reviewer,6,5194,4.5163565
844,Reviewer / Tech Reviewer,7,5203,4.505084
844,Reviewer / Tech Reviewer,8,5214,4.5027037
844,Reviewer / Tech Reviewer,9,5197,4.4998264
844,Reviewer / Tech Reviewer,10,5202,4.490705
845,Reviewer / Tech Reviewer,1,5300,4.739997
845,Reviewer / Tech Reviewer,2,5302,4.725621
845,Reviewer / Tech Reviewer,3,5298,4.7125874
845,Reviewer / Tech Reviewer,4,5304,4.7107577
845,Reviewer / Tech Reviewer,5,5305,4.7084637
845,Reviewer / Tech Reviewer,6,5194,4.5145698
845,Reviewer / Tech Reviewer,7,5203,4.5037374
845,Reviewer / Tech Reviewer,8,5214,4.501133
845,Reviewer / Tech Reviewer,9,5197,4.498169
845,Reviewer / Tech Reviewer,10,5427,4.494724
856,Reviewer / Tech Reviewer,1,5303,4.732932
856,Reviewer / Tech Reviewer,2,5302,4.721954
856,Reviewer / Tech Reviewer,3,5298,4.7089853
856,Reviewer / Tech Reviewer,4,5304,4.7072263
856,Reviewer / Tech Reviewer,5,5305,4.704792
856,Reviewer / Tech Reviewer,6,5194,4.5140815
856,Reviewer / Tech Reviewer,7,5201,4.5095625
856,Reviewer / Tech Reviewer,8,5203,4.5028
856,Reviewer / Tech Reviewer,9,5202,4.4883447
856,Reviewer / Tech Reviewer,10,5195,4.4836903
857,Reviewer / Tech Reviewer,1,5306,4.749627
857,Reviewer / Tech Reviewer,2,5303,4.736138
857,Reviewer / Tech Reviewer,3,5298,4.712388
857,Reviewer / Tech Reviewer,4,5305,4.7082276
857,Reviewer / Tech Reviewer,5,5299,4.676055
857,Reviewer / Tech Reviewer,6,5194,4.5160494
857,Reviewer / Tech Reviewer,7,5203,4.5046997
857,Reviewer / Tech Reviewer,8,5214,4.502377
857,Reviewer / Tech Reviewer,9,5197,4.499471
857,Reviewer / Tech Reviewer,10,5427,4.494864
866,Reviewer / Tech Reviewer,1,5306,4.7504416
866,Reviewer / Tech Reviewer,2,5300,4.740728
866,Reviewer / Tech Reviewer,3,5303,4.736973
866,Reviewer / Tech Reviewer,4,5302,4.726178
866,Reviewer / Tech Reviewer,5,5298,4.71333
866,Reviewer / Tech Reviewer,6,5201,4.510373
866,Reviewer / Tech Reviewer,7,5203,4.503751
866,Reviewer / Tech Reviewer,8,5197,4.4981747
866,Reviewer / Tech Reviewer,9,5427,4.4959025
866,Reviewer / Tech Reviewer,10,5202,4.488872
870,Reviewer / Tech Reviewer,1,5306,4.7528186
870,Reviewer / Tech Reviewer,2,5300,4.7429824
870,Reviewer / Tech Reviewer,3,5303,4.73941
870,Reviewer / Tech Reviewer,4,5302,4.7289824
870,Reviewer / Tech Reviewer,5,5304,4.713502
870,Reviewer / Tech Reviewer,6,5201,4.508737
870,Reviewer / Tech Reviewer,7,5203,4.502434
870,Reviewer / Tech Reviewer,8,5427,4.495764
870,Reviewer / Tech Reviewer,9,5202,4.4874372
870,Reviewer / Tech Reviewer,10,5195,4.482382
879,Reviewer / Tech Reviewer,1,5306,4.7469673
879,Reviewer / Tech Reviewer,2,5303,4.733742
879,Reviewer / Tech Reviewer,3,5298,4.709826
879,Reviewer / Tech Reviewer,4,5305,4.705637
879,Reviewer / Tech Reviewer,5,5299,4.6732883
879,Reviewer / Tech Reviewer,6,5194,4.5148735
879,Reviewer / Tech Reviewer,7,5214,4.501068
879,Reviewer / Tech Reviewer,8,5202,4.489102
879,Reviewer / Tech Reviewer,9,5195,4.48446
879,Reviewer / Tech Reviewer,10,5199,4.482691
882,Reviewer / Tech Reviewer,1,5306,4.755845
882,Reviewer / Tech Reviewer,2,5300,4.746523
882,Reviewer / Tech Reviewer,3,5303,4.7418804
882,Reviewer / Tech Reviewer,4,5298,4.7185063
882,Reviewer / Tech Reviewer,5,5304,4.716172
882,Reviewer / Tech Reviewer,6,5203,4.5055633
882,Reviewer / Tech Reviewer,7,5427,4.5020084
882,Reviewer / Tech Reviewer,8,5197,4.5002837
882,Reviewer / Tech Reviewer,9,5195,4.4856567
882,Reviewer / Tech Reviewer,10,5199,4.484908
886,Reviewer / Tech Reviewer,1,5306,4.753478
886,Reviewer / Tech Reviewer,2,5300,4.743828
886,Reviewer / Tech Reviewer,3,5303,4.7398443
886,Reviewer / Tech Reviewer,4,5302,4.729285
886,Reviewer / Tech Reviewer,5,5298,4.7159996
886,Reviewer / Tech Reviewer,6,5194,4.5150185
886,Reviewer / Tech Reviewer,7,5201,4.5106287
886,Reviewer / Tech Reviewer,8,5203,4.5042286
886,Reviewer / Tech Reviewer,9,5214,4.5016146
886,Reviewer / Tech Reviewer,10,5197,4.4986706
902,Reviewer / Tech Reviewer,1,5306,4.753525
902,Reviewer / Tech Reviewer,2,5300,4.743766
902,Reviewer / Tech Reviewer,3,5302,4.7294436
902,Reviewer / Tech Reviewer,4,5304,4.7141886
902,Reviewer / Tech Reviewer,5,5305,4.7120924
902,Reviewer / Tech Reviewer,6,5194,4.514187
902,Reviewer / Tech Reviewer,7,5201,4.5100136
902,Reviewer / Tech Reviewer,8,5203,4.503705
902,Reviewer / Tech Reviewer,9,5197,4.497939
902,Reviewer / Tech Reviewer,10,5195,4.483446
917,Reviewer / Tech Reviewer,1,5306,4.7487407
917,Reviewer / Tech Reviewer,2,5300,4.7391286
917,Reviewer / Tech Reviewer,3,5303,4.735369
917,Reviewer / Tech Reviewer,4,5298,4.711705
917,Reviewer / Tech Reviewer,5,5304,4.709747
917,Reviewer / Tech Reviewer,6,5194,4.5145645
917,Reviewer / Tech Reviewer,7,5201,4.5100503
917,Reviewer / Tech Reviewer,8,5203,4.503195
917,Reviewer / Tech Reviewer,9,5214,4.5009336
917,Reviewer / Tech Reviewer,10,5197,4.4979067
931,Reviewer / Tech Reviewer,1,5306,4.754858
931,Reviewer / Tech Reviewer,2,5300,4.7454786
931,Reviewer / Tech Reviewer,3,5302,4.7304163
931,Reviewer / Tech Reviewer,4,5298,4.7173758
931,Reviewer / Tech Reviewer,5,5305,4.7132034
931,Reviewer / Tech Reviewer,6,5194,4.516941
931,Reviewer / Tech Reviewer,7,5201,4.5120273
931,Reviewer / Tech Reviewer,8,5203,4.505544
931,Reviewer / Tech Reviewer,9,5214,4.50332
931,Reviewer / Tech Reviewer,10,5427,4.5003448
938,Reviewer / Tech Reviewer,1,5306,4.7536154
938,Reviewer / Tech Reviewer,2,5300,4.743802
938,Reviewer / Tech Reviewer,3,5303,4.7401876
938,Reviewer / Tech Reviewer,4,5302,4.72985
938,Reviewer / Tech Reviewer,5,5298,4.7158318
938,Reviewer / Tech Reviewer,6,5194,4.51269
938,Reviewer / Tech Reviewer,7,5201,4.508422
938,Reviewer / Tech Reviewer,8,5202,4.487154
938,Reviewer / Tech Reviewer,9,5195,4.482094
938,Reviewer / Tech Reviewer,10,5199,4.481164
942,Reviewer / Tech Reviewer,1,5306,4.7519665
942,Reviewer / Tech Reviewer,2,5300,4.7422123
942,Reviewer / Tech Reviewer,3,5303,4.7384224
942,Reviewer / Tech Reviewer,4,5302,4.727771
942,Reviewer / Tech Reviewer,5,5298,4.714467
942,Reviewer / Tech Reviewer,6,5194,4.515356
942,Reviewer / Tech Reviewer,7,5201,4.510769
942,Reviewer / Tech Reviewer,8,5214,4.5018215
942,Reviewer / Tech Reviewer,9,5197,4.4989214
942,Reviewer / Tech Reviewer,10,5427,4.496453
945,Reviewer / Tech Reviewer,1,5306,4.7472944
945,Reviewer / Tech Reviewer,2,5303,4.7341757
945,Reviewer / Tech Reviewer,3,5302,4.7232757
945,Reviewer / Tech Reviewer,4,5304,4.708816
945,Reviewer / Tech Reviewer,5,5301,4.690402
945,Reviewer / Tech Reviewer,6,5194,4.5126
945,Reviewer / Tech Reviewer,7,5201,4.5088997
945,Reviewer / Tech Reviewer,8,5214,4.4993916
945,Reviewer / Tech Reviewer,9,5197,4.496351
945,Reviewer / Tech Reviewer,10,5202,4.487034
952,Reviewer / Tech Reviewer,1,5300,4.7384005
952,Reviewer / Tech Reviewer,2,5303,4.7347565
952,Reviewer / Tech Reviewer,3,5302,4.7237673
952,Reviewer / Tech Reviewer,4,5298,4.7112684
952,Reviewer / Tech Reviewer,5,5305,4.706772
952,Reviewer / Tech Reviewer,6,5194,4.5146017
952,Reviewer / Tech Reviewer,7,5203,4.5036583
952,Reviewer / Tech Reviewer,8,5427,4.494075
952,Reviewer / Tech Reviewer,9,5202,4.4888983
952,Reviewer / Tech Reviewer,10,5195,4.4839506
958,Reviewer / Tech Reviewer,1,5306,4.7478704
958,Reviewer / Tech Reviewer,2,5300,4.7379236
958,Reviewer / Tech Reviewer,3,5298,4.7108045
958,Reviewer / Tech Reviewer,4,5304,4.709223
958,Reviewer / Tech Reviewer,5,5305,4.706617
958,Reviewer / Tech Reviewer,6,5201,4.509208
958,Reviewer / Tech Reviewer,7,5203,4.502572
958,Reviewer / Tech Reviewer,8,5214,4.499814
958,Reviewer / Tech Reviewer,9,5427,4.4925957
958,Reviewer / Tech Reviewer,10,5195,4.4825745
990,Reviewer / Tech Reviewer,1,5302,4.728913
990,Reviewer / Tech Reviewer,2,5298,4.7152915
990,Reviewer / Tech Reviewer,3,5304,4.7131176
990,Reviewer / Tech Reviewer,4,5299,4.678849
990,Reviewer / Tech Reviewer,5,5297,4.65695
990,Reviewer / Tech Reviewer,6,5201,4.51081
990,Reviewer / Tech Reviewer,7,5203,4.5043464
990,Reviewer / Tech Reviewer,8,5214,4.5021334
990,Reviewer / Tech Reviewer,9,5197,4.499259
990,Reviewer / Tech Reviewer,10,5427,4.4967394
994,Reviewer / Tech Reviewer,1,5306,4.7504635
994,Reviewer / Tech Reviewer,2,5300,4.7407255
994,Reviewer / Tech Reviewer,3,5303,4.737051
994,Reviewer / Tech Reviewer,4,5302,4.7264066
994,Reviewer / Tech Reviewer,5,5298,4.7127867
994,Reviewer / Tech Reviewer,6,5214,4.5017037
994,Reviewer / Tech Reviewer,7,5197,4.498847
994,Reviewer / Tech Reviewer,8,5427,4.493864
994,Reviewer / Tech Reviewer,9,5202,4.4899626
994,Reviewer / Tech Reviewer,10,5195,4.485264
1000,Reviewer / Tech Reviewer,1,5306,4.7515774
1000,Reviewer / Tech Reviewer,2,5300,4.74191
1000,Reviewer / Tech Reviewer,3,5303,4.737991
1000,Reviewer / Tech Reviewer,4,5302,4.7272434
1000,Reviewer / Tech Reviewer,5,5298,4.714309
1000,Reviewer / Tech Reviewer,6,5194,4.515526
1000,Reviewer / Tech Reviewer,7,5201,4.51108
1000,Reviewer / Tech Reviewer,8,5214,4.5020766
1000,Reviewer / Tech Reviewer,9,5197,4.499134
1000,Reviewer / Tech Reviewer,10,5202,4.4898853
1005,Reviewer / Tech Reviewer,1,5306,4.742902
1005,Reviewer / Tech Reviewer,2,5300,4.7328167
1005,Reviewer / Tech Reviewer,3,5303,4.729994
1005,Reviewer / Tech Reviewer,4,5298,4.706175
1005,Reviewer / Tech Reviewer,5,5305,4.701822
1005,Reviewer / Tech Reviewer,6,5201,4.5091786
1005,Reviewer / Tech Reviewer,7,5214,4.4997716
1005,Reviewer / Tech Reviewer,8,5197,4.4967523
1005,Reviewer / Tech Reviewer,9,5202,4.4876165
1005,Reviewer / Tech Reviewer,10,5195,4.482998
1017,Reviewer / Tech Reviewer,1,5303,4.740236
1017,Reviewer / Tech Reviewer,2,5302,4.729617
1017,Reviewer / Tech Reviewer,3,5298,4.716625
1017,Reviewer / Tech Reviewer,4,5305,4.7124863
1017,Reviewer / Tech Reviewer,5,5301,4.697464
1017,Reviewer / Tech Reviewer,6,5203,4.504631
1017,Reviewer / Tech Reviewer,7,5214,4.5017986
1017,Reviewer / Tech Reviewer,8,5197,4.498831
1017,Reviewer / Tech Reviewer,9,5202,4.489371
1017,Reviewer / Tech Reviewer,10,5195,4.4839644
1028,Reviewer / Tech Reviewer,1,5306,4.7515907
1028,Reviewer / Tech Reviewer,2,5300,4.7418437
1028,Reviewer / Tech Reviewer,3,5303,4.7380724
1028,Reviewer / Tech Reviewer,4,5302,4.727383
1028,Reviewer / Tech Reviewer,5,5298,4.714225
1028,Reviewer / Tech Reviewer,6,5194,4.514942
1028,Reviewer / Tech Reviewer,7,5201,4.5105686
1028,Reviewer / Tech Reviewer,8,5214,4.5015106
1028,Reviewer / Tech Reviewer,9,5197,4.4985685
1028,Reviewer / Tech Reviewer,10,5195,4.484261
1031,Reviewer / Tech Reviewer,1,5306,4.7487187
1031,Reviewer / Tech Reviewer,2,5300,4.7388372
1031,Reviewer / Tech Reviewer,3,5303,4.735505
1031,Reviewer / Tech Reviewer,4,5302,4.7247386
1031,Reviewer / Tech Reviewer,5,5298,4.711521
1031,Reviewer / Tech Reviewer,6,5194,4.5130854
1031,Reviewer / Tech Reviewer,7,5201,4.508995
1031,Reviewer / Tech Reviewer,8,5203,4.5023613
1031,Reviewer / Tech Reviewer,9,5214,4.4996643
1031,Reviewer / Tech Reviewer,10,5197,4.4966393
1048,Reviewer / Tech Reviewer,1,5306,4.745476
1048,Reviewer / Tech Reviewer,2,5303,4.7324805
1048,Reviewer / Tech Reviewer,3,5302,4.7215276
1048,Reviewer / Tech Reviewer,4,5298,4.708355
1048,Reviewer / Tech Reviewer,5,5304,4.7067804
1048,Reviewer / Tech Reviewer,6,5194,4.5132294
1048,Reviewer / Tech Reviewer,7,5201,4.5088778
1048,Reviewer / Tech Reviewer,8,5203,4.50218
1048,Reviewer / Tech Reviewer,9,5214,4.499584
1048,Reviewer / Tech Reviewer,10,5427,4.489379
1066,Reviewer / Tech Reviewer,1,5306,4.7613893
1066,Reviewer / Tech Reviewer,2,5300,4.7522683
1066,Reviewer / Tech Reviewer,3,5303,4.7470713
1066,Reviewer / Tech Reviewer,4,5302,4.736881
1066,Reviewer / Tech Reviewer,5,5298,4.723544
1066,Reviewer / Tech Reviewer,6,5194,4.5179377
1066,Reviewer / Tech Reviewer,7,5427,4.5070095
1066,Reviewer / Tech Reviewer,8,5203,4.5067835
1066,Reviewer / Tech Reviewer,9,5197,4.5016146
1066,Reviewer / Tech Reviewer,10,5202,4.4923224
1073,Reviewer / Tech Reviewer,1,5300,4.7386746
1073,Reviewer / Tech Reviewer,2,5303,4.734997
1073,Reviewer / Tech Reviewer,3,5298,4.711141
1073,Reviewer / Tech Reviewer,4,5305,4.706971
1073,Reviewer / Tech Reviewer,5,5299,4.6746883
1073,Reviewer / Tech Reviewer,6,5194,4.5157857
1073,Reviewer / Tech Reviewer,7,5203,4.50412
1073,Reviewer / Tech Reviewer,8,5214,4.501933
1073,Reviewer / Tech Reviewer,9,5197,4.4990134
1073,Reviewer / Tech Reviewer,10,5427,4.4931784
1096,Reviewer / Tech Reviewer,1,5306,4.7566204
1096,Reviewer / Tech Reviewer,2,5300,4.7469835
1096,Reviewer / Tech Reviewer,3,5303,4.742897
1096,Reviewer / Tech Reviewer,4,5302,4.732606
1096,Reviewer / Tech Reviewer,5,5298,4.7189684
1096,Reviewer / Tech Reviewer,6,5194,4.513528
1096,Reviewer / Tech Reviewer,7,5201,4.5096235
1096,Reviewer / Tech Reviewer,8,5203,4.503396
1096,Reviewer / Tech Reviewer,9,5197,4.497441
1096,Reviewer / Tech Reviewer,10,5199,4.482232
1101,Reviewer / Tech Reviewer,1,5303,4.736091
1101,Reviewer / Tech Reviewer,2,5298,4.711946
1101,Reviewer / Tech Reviewer,3,5304,4.7102118
1101,Reviewer / Tech Reviewer,4,5305,4.707995
1101,Reviewer / Tech Reviewer,5,5301,4.692313
1101,Reviewer / Tech Reviewer,6,5194,4.5137997
1101,Reviewer / Tech Reviewer,7,5203,4.502694
1101,Reviewer / Tech Reviewer,8,5214,4.500142
1101,Reviewer / Tech Reviewer,9,5197,4.4971747
1101,Reviewer / Tech Reviewer,10,5427,4.4929857
1103,Reviewer / Tech Reviewer,1,5306,4.7562532
1103,Reviewer / Tech Reviewer,2,5300,4.746737
1103,Reviewer / Tech Reviewer,3,5303,4.742385
1103,Reviewer / Tech Reviewer,4,5298,4.7186604
1103,Reviewer / Tech Reviewer,5,5304,4.716543
1103,Reviewer / Tech Reviewer,6,5194,4.515852
1103,Reviewer / Tech Reviewer,7,5201,4.511414
1103,Reviewer / Tech Reviewer,8,5203,4.50513
1103,Reviewer / Tech Reviewer,9,5214,4.502522
1103,Reviewer / Tech Reviewer,10,5427,4.501368
1105,Reviewer / Tech Reviewer,1,5300,4.740776
1105,Reviewer / Tech Reviewer,2,5303,4.7370677
1105,Reviewer / Tech Reviewer,3,5298,4.713096
1105,Reviewer / Tech Reviewer,4,5301,4.693609
1105,Reviewer / Tech Reviewer,5,5299,4.6765943
1105,Reviewer / Tech Reviewer,6,5194,4.5147142
1105,Reviewer / Tech Reviewer,7,5214,4.5010576
1105,Reviewer / Tech Reviewer,8,5197,4.4981017
1105,Reviewer / Tech Reviewer,9,5427,4.4947586
1105,Reviewer / Tech Reviewer,10,5202,4.489014
1108,Reviewer / Tech Reviewer,1,5306,4.7448034
1108,Reviewer / Tech Reviewer,2,5300,4.734845
1108,Reviewer / Tech Reviewer,3,5303,4.7317657
1108,Reviewer / Tech Reviewer,4,5302,4.7206984
1108,Reviewer / Tech Reviewer,5,5304,4.706134
1108,Reviewer / Tech Reviewer,6,5194,4.5138993
1108,Reviewer / Tech Reviewer,7,5201,4.50945
1108,Reviewer / Tech Reviewer,8,5203,4.50264
1108,Reviewer / Tech Reviewer,9,5197,4.4972186
1108,Reviewer / Tech Reviewer,10,5427,4.4894342
1115,Reviewer / Tech Reviewer,1,5306,4.746508
1115,Reviewer / Tech Reviewer,2,5300,4.7366
1115,Reviewer / Tech Reviewer,3,5303,4.7333612
1115,Reviewer / Tech Reviewer,4,5304,4.707921
1115,Reviewer / Tech Reviewer,5,5305,4.7052555
1115,Reviewer / Tech Reviewer,6,5194,4.513501
1115,Reviewer / Tech Reviewer,7,5201,4.509426
1115,Reviewer / Tech Reviewer,8,5203,4.502654
1115,Reviewer / Tech Reviewer,9,5214,4.5000696
1115,Reviewer / Tech Reviewer,10,5197,4.497036
1116,Reviewer / Tech Reviewer,1,5306,4.745323
1116,Reviewer / Tech Reviewer,2,5300,4.73524
1116,Reviewer / Tech Reviewer,3,5303,4.73248
1116,Reviewer / Tech Reviewer,4,5298,4.7079844
1116,Reviewer / Tech Reviewer,5,5304,4.7065973
1116,Reviewer / Tech Reviewer,6,5194,4.5118504
1116,Reviewer / Tech Reviewer,7,5201,4.5074124
1116,Reviewer / Tech Reviewer,8,5203,4.5007167
1116,Reviewer / Tech Reviewer,9,5214,4.498063
1116,Reviewer / Tech Reviewer,10,5197,4.4950557
1120,Reviewer / Tech Reviewer,1,5306,4.7436757
1120,Reviewer / Tech Reviewer,2,5303,4.7307587
1120,Reviewer / Tech Reviewer,3,5301,4.686811
1120,Reviewer / Tech Reviewer,4,5299,4.670307
1120,Reviewer / Tech Reviewer,5,5297,4.6489735
1120,Reviewer / Tech Reviewer,6,5201,4.5088854
1120,Reviewer / Tech Reviewer,7,5214,4.499398
1120,Reviewer / Tech Reviewer,8,5197,4.496361
1120,Reviewer / Tech Reviewer,9,5202,4.4871697
1120,Reviewer / Tech Reviewer,10,5195,4.48246
1126,Reviewer / Tech Reviewer,1,5300,4.74181
1126,Reviewer / Tech Reviewer,2,5303,4.7379274
1126,Reviewer / Tech Reviewer,3,5302,4.7271867
1126,Reviewer / Tech Reviewer,4,5304,4.7122607
1126,Reviewer / Tech Reviewer,5,5305,4.7100444
1126,Reviewer / Tech Reviewer,6,5194,4.5152316
1126,Reviewer / Tech Reviewer,7,5201,4.510873
1126,Reviewer / Tech Reviewer,8,5203,4.504346
1126,Reviewer / Tech Reviewer,9,5195,4.4845076
1126,Reviewer / Tech Reviewer,10,5199,4.4834437
1137,Reviewer / Tech Reviewer,1,5306,4.75087
1137,Reviewer / Tech Reviewer,2,5300,4.740995
1137,Reviewer / Tech Reviewer,3,5303,4.737534
1137,Reviewer / Tech Reviewer,4,5302,4.7269096
1137,Reviewer / Tech Reviewer,5,5298,4.7134876
1137,Reviewer / Tech Reviewer,6,5201,4.509126
1137,Reviewer / Tech Reviewer,7,5214,4.499831
1137,Reviewer / Tech Reviewer,8,5197,4.4968343
1137,Reviewer / Tech Reviewer,9,5427,4.494892
1137,Reviewer / Tech Reviewer,10,5199,4.481521
1138,Reviewer / Tech Reviewer,1,5306,4.7453637
1138,Reviewer / Tech Reviewer,2,5300,4.735412
1138,Reviewer / Tech Reviewer,3,5302,4.721365
1138,Reviewer / Tech Reviewer,4,5298,4.7083426
1138,Reviewer / Tech Reviewer,5,5304,4.7067137
1138,Reviewer / Tech Reviewer,6,5214,4.499661
1138,Reviewer / Tech Reviewer,7,5197,4.4966445
1138,Reviewer / Tech Reviewer,8,5427,4.489636
1138,Reviewer / Tech Reviewer,9,5200,4.477168
1138,Reviewer / Tech Reviewer,10,5219,4.463836
1140,Reviewer / Tech Reviewer,1,5306,4.7563906
1140,Reviewer / Tech Reviewer,2,5300,4.7469616
1140,Reviewer / Tech Reviewer,3,5303,4.742508
1140,Reviewer / Tech Reviewer,4,5304,4.7162657
1140,Reviewer / Tech Reviewer,5,5305,4.71474
1140,Reviewer / Tech Reviewer,6,5194,4.5167427
1140,Reviewer / Tech Reviewer,7,5201,4.5116405
1140,Reviewer / Tech Reviewer,8,5203,4.5053544
1140,Reviewer / Tech Reviewer,9,5214,4.503024
1140,Reviewer / Tech Reviewer,10,5427,4.500706
1165,Reviewer / Tech Reviewer,1,5306,4.7555985
1165,Reviewer / Tech Reviewer,2,5300,4.745997
1165,Reviewer / Tech Reviewer,3,5303,4.741835
1165,Reviewer / Tech Reviewer,4,5302,4.7313776
1165,Reviewer / Tech Reviewer,5,5298,4.718147
1165,Reviewer / Tech Reviewer,6,5201,4.510598
1165,Reviewer / Tech Reviewer,7,5203,4.5042725
1165,Reviewer / Tech Reviewer,8,5427,4.500804
1165,Reviewer / Tech Reviewer,9,5197,4.498469
1165,Reviewer / Tech Reviewer,10,5202,4.4890366
1173,Reviewer / Tech Reviewer,1,5306,4.751512
1173,Reviewer / Tech Reviewer,2,5300,4.741914
1173,Reviewer / Tech Reviewer,3,5303,4.7380314
1173,Reviewer / Tech Reviewer,4,5302,4.727455
1173,Reviewer / Tech Reviewer,5,5304,4.711839
1173,Reviewer / Tech Reviewer,6,5201,4.510274
1173,Reviewer / Tech Reviewer,7,5214,4.501475
1173,Reviewer / Tech Reviewer,8,5197,4.4985647
1173,Reviewer / Tech Reviewer,9,5427,4.495156
1173,Reviewer / Tech Reviewer,10,5195,4.4848957
1188,Reviewer / Tech Reviewer,1,5306,4.758784
1188,Reviewer / Tech Reviewer,2,5300,4.7495217
1188,Reviewer / Tech Reviewer,3,5303,4.744615
1188,Reviewer / Tech Reviewer,4,5302,4.7342243
1188,Reviewer / Tech Reviewer,5,5304,4.7187343
1188,Reviewer / Tech Reviewer,6,5194,4.517466
1188,Reviewer / Tech Reviewer,7,5201,4.5127845
1188,Reviewer / Tech Reviewer,8,5203,4.5064993
1188,Reviewer / Tech Reviewer,9,5427,4.504866
1188,Reviewer / Tech Reviewer,10,5214,4.504113
1196,Reviewer / Tech Reviewer,1,5306,4.7529
1196,Reviewer / Tech Reviewer,2,5300,4.7432194
1196,Reviewer / Tech Reviewer,3,5303,4.739376
1196,Reviewer / Tech Reviewer,4,5302,4.728898
1196,Reviewer / Tech Reviewer,5,5304,4.7132387
1196,Reviewer / Tech Reviewer,6,5201,4.510001
1196,Reviewer / Tech Reviewer,7,5214,4.501116
1196,Reviewer / Tech Reviewer,8,5197,4.4982123
1196,Reviewer / Tech Reviewer,9,5427,4.4962764
1196,Reviewer / Tech Reviewer,10,5202,4.4891853
1206,Reviewer / Tech Reviewer,1,5306,4.76111
1206,Reviewer / Tech Reviewer,2,5300,4.751734
1206,Reviewer / Tech Reviewer,3,5303,4.746917
1206,Reviewer / Tech Reviewer,4,5302,4.7367325
1206,Reviewer / Tech Reviewer,5,5298,4.7233315
1206,Reviewer / Tech Reviewer,6,5194,4.516122
1206,Reviewer / Tech Reviewer,7,5201,4.5119534
1206,Reviewer / Tech Reviewer,8,5427,4.506598
1206,Reviewer / Tech Reviewer,9,5203,4.5059147
1206,Reviewer / Tech Reviewer,10,5197,4.500185
1207,Reviewer / Tech Reviewer,1,5306,4.74576
1207,Reviewer / Tech Reviewer,2,5300,4.7359734
1207,Reviewer / Tech Reviewer,3,5304,4.706765
1207,Reviewer / Tech Reviewer,4,5305,4.7044344
1207,Reviewer / Tech Reviewer,5,5301,4.6888404
1207,Reviewer / Tech Reviewer,6,5194,4.5146503
1207,Reviewer / Tech Reviewer,7,5203,4.5028934
1207,Reviewer / Tech Reviewer,8,5197,4.4977508
1207,Reviewer / Tech Reviewer,9,5199,4.4823427
1207,Reviewer / Tech Reviewer,10,5200,4.478537
1214,Reviewer / Tech Reviewer,1,5306,4.7486024
1214,Reviewer / Tech Reviewer,2,5300,4.7388844
1214,Reviewer / Tech Reviewer,3,5303,4.7351775
1214,Reviewer / Tech Reviewer,4,5298,4.711474
1214,Reviewer / Tech Reviewer,5,5304,4.7093987
1214,Reviewer / Tech Reviewer,6,5194,4.515801
1214,Reviewer / Tech Reviewer,7,5203,4.504397
1214,Reviewer / Tech Reviewer,8,5214,4.502114
1214,Reviewer / Tech Reviewer,9,5202,4.490071
1214,Reviewer / Tech Reviewer,10,5199,4.4837074
1248,Reviewer / Tech Reviewer,1,5306,4.74906
1248,Reviewer / Tech Reviewer,2,5303,4.7357044
1248,Reviewer / Tech Reviewer,3,5298,4.7116623
1248,Reviewer / Tech Reviewer,4,5304,4.7096796
1248,Reviewer / Tech Reviewer,5,5305,4.707682
1248,Reviewer / Tech Reviewer,6,5194,4.5154233
1248,Reviewer / Tech Reviewer,7,5201,4.510488
1248,Reviewer / Tech Reviewer,8,5203,4.503915
1248,Reviewer / Tech Reviewer,9,5197,4.4986887
1248,Reviewer / Tech Reviewer,10,5427,4.4932666
1260,Reviewer / Tech Reviewer,1,5306,4.7534704
1260,Reviewer / Tech Reviewer,2,5302,4.7293243
1260,Reviewer / Tech Reviewer,3,5304,4.714506
1260,Reviewer / Tech Reviewer,4,5305,4.712022
1260,Reviewer / Tech Reviewer,5,5301,4.6967697
1260,Reviewer / Tech Reviewer,6,5194,4.5134554
1260,Reviewer / Tech Reviewer,7,5201,4.5098214
1260,Reviewer / Tech Reviewer,8,5214,4.500458
1260,Reviewer / Tech Reviewer,9,5427,4.498731
1260,Reviewer / Tech Reviewer,10,5197,4.497418
1278,Reviewer / Tech Reviewer,1,5300,4.7405868
1278,Reviewer / Tech Reviewer,2,5303,4.7371874
1278,Reviewer / Tech Reviewer,3,5302,4.7265677
1278,Reviewer / Tech Reviewer,4,5298,4.7131376
1278,Reviewer / Tech Reviewer,5,5304,4.711612
1278,Reviewer / Tech Reviewer,6,5194,4.51249
1278,Reviewer / Tech Reviewer,7,5201,4.508601
1278,Reviewer / Tech Reviewer,8,5203,4.5020747
1278,Reviewer / Tech Reviewer,9,5214,4.4992075
1278,Reviewer / Tech Reviewer,10,5197,4.4961705
1288,Reviewer / Tech Reviewer,1,5303,4.7407713
1288,Reviewer / Tech Reviewer,2,5302,4.730277
1288,Reviewer / Tech Reviewer,3,5298,4.716942
1288,Reviewer / Tech Reviewer,4,5304,4.714936
1288,Reviewer / Tech Reviewer,5,5305,4.7129326
1288,Reviewer / Tech Reviewer,6,5201,4.510736
1288,Reviewer / Tech Reviewer,7,5214,4.501765
1288,Reviewer / Tech Reviewer,8,5427,4.4991846
1288,Reviewer / Tech Reviewer,9,5195,4.484392
1288,Reviewer / Tech Reviewer,10,5199,4.4835305
1298,Reviewer / Tech Reviewer,1,5306,4.7557073
1298,Reviewer / Tech Reviewer,2,5300,4.7464275
1298,Reviewer / Tech Reviewer,3,5303,4.74176
1298,Reviewer / Tech Reviewer,4,5302,4.731304
1298,Reviewer / Tech Reviewer,5,5304,4.715297
1298,Reviewer / Tech Reviewer,6,5201,4.512561
1298,Reviewer / Tech Reviewer,7,5203,4.5061555
1298,Reviewer / Tech Reviewer,8,5214,4.5042086
1298,Reviewer / Tech Reviewer,9,5197,4.501399
1298,Reviewer / Tech Reviewer,10,5427,4.500355
1299,Reviewer / Tech Reviewer,1,5306,4.7531223
1299,Reviewer / Tech Reviewer,2,5300,4.7436376
1299,Reviewer / Tech Reviewer,3,5305,4.711555
1299,Reviewer / Tech Reviewer,4,5299,4.6796293
1299,Reviewer / Tech Reviewer,5,5297,4.657658
1299,Reviewer / Tech Reviewer,6,5194,4.516566
1299,Reviewer / Tech Reviewer,7,5201,4.5119247
1299,Reviewer / Tech Reviewer,8,5203,4.505391
1299,Reviewer / Tech Reviewer,9,5427,4.499091
1299,Reviewer / Tech Reviewer,10,5200,4.4801555
1300,Reviewer / Tech Reviewer,1,5303,4.7349997
1300,Reviewer / Tech Reviewer,2,5302,4.724122
1300,Reviewer / Tech Reviewer,3,5298,4.711201
1300,Reviewer / Tech Reviewer,4,5304,4.7094765
1300,Reviewer / Tech Reviewer,5,5305,4.706955
1300,Reviewer / Tech Reviewer,6,5194,4.5138383
1300,Reviewer / Tech Reviewer,7,5203,4.5030355
1300,Reviewer / Tech Reviewer,8,5214,4.500427
1300,Reviewer / Tech Reviewer,9,5197,4.4974146
1300,Reviewer / Tech Reviewer,10,5427,4.493239
1334,Reviewer / Tech Reviewer,1,5302,4.7214403
1334,Reviewer / Tech Reviewer,2,5304,4.706285
1334,Reviewer / Tech Reviewer,3,5305,4.704089
1334,Reviewer / Tech Reviewer,4,5301,4.6882744
1334,Reviewer / Tech Reviewer,5,5297,4.6497765
1334,Reviewer / Tech Reviewer,6,5194,4.514488
1334,Reviewer / Tech Reviewer,7,5201,4.5093536
1334,Reviewer / Tech Reviewer,8,5203,4.502504
1334,Reviewer / Tech Reviewer,9,5427,4.488963
1334,Reviewer / Tech Reviewer,10,5202,4.488628
1336,Reviewer / Tech Reviewer,1,5300,4.73279
1336,Reviewer / Tech Reviewer,2,5303,4.729578
1336,Reviewer / Tech Reviewer,3,5298,4.7054415
1336,Reviewer / Tech Reviewer,4,5304,4.703295
1336,Reviewer / Tech Reviewer,5,5299,4.6687717
1336,Reviewer / Tech Reviewer,6,5201,4.5101714
1336,Reviewer / Tech Reviewer,7,5427,4.486497
1336,Reviewer / Tech Reviewer,8,5199,4.4831333
1336,Reviewer / Tech Reviewer,9,5198,4.465465
1336,Reviewer / Tech Reviewer,10,5196,4.4612284
1341,Reviewer / Tech Reviewer,1,5303,4.7411613
1341,Reviewer / Tech Reviewer,2,5302,4.7305202
1341,Reviewer / Tech Reviewer,3,5298,4.71788
1341,Reviewer / Tech Reviewer,4,5305,4.713462
1341,Reviewer / Tech Reviewer,5,5301,4.6988363
1341,Reviewer / Tech Reviewer,6,5194,4.516068
1341,Reviewer / Tech Reviewer,7,5203,4.5054293
1341,Reviewer / Tech Reviewer,8,5427,4.5016737
1341,Reviewer / Tech Reviewer,9,5202,4.4904633
1341,Reviewer / Tech Reviewer,10,5195,4.4850607
1356,Reviewer / Tech Reviewer,1,5300,4.7413683
1356,Reviewer / Tech Reviewer,2,5303,4.737728
1356,Reviewer / Tech Reviewer,3,5302,4.7270966
1356,Reviewer / Tech Reviewer,4,5298,4.713726
1356,Reviewer / Tech Reviewer,5,5304,4.7119484
1356,Reviewer / Tech Reviewer,6,5201,4.509675
1356,Reviewer / Tech Reviewer,7,5203,4.503169
1356,Reviewer / Tech Reviewer,8,5214,4.500536
1356,Reviewer / Tech Reviewer,9,5427,4.4952765
1356,Reviewer / Tech Reviewer,10,5195,4.4834085
1360,Reviewer / Tech Reviewer,1,5306,4.7545123
1360,Reviewer / Tech Reviewer,2,5300,4.744746
1360,Reviewer / Tech Reviewer,3,5302,4.7306323
1360,Reviewer / Tech Reviewer,4,5298,4.716794
1360,Reviewer / Tech Reviewer,5,5304,4.715117
1360,Reviewer / Tech Reviewer,6,5201,4.5089755
1360,Reviewer / Tech Reviewer,7,5203,4.5027313
1360,Reviewer / Tech Reviewer,8,5214,4.499799
1360,Reviewer / Tech Reviewer,9,5427,4.4977202
1360,Reviewer / Tech Reviewer,10,5197,4.4968357
1361,Reviewer / Tech Reviewer,1,5300,4.7354984
1361,Reviewer / Tech Reviewer,2,5302,4.7216015
1361,Reviewer / Tech Reviewer,3,5298,4.708563
1361,Reviewer / Tech Reviewer,4,5304,4.7071333
1361,Reviewer / Tech Reviewer,5,5301,4.6884203
1361,Reviewer / Tech Reviewer,6,5194,4.512105
1361,Reviewer / Tech Reviewer,7,5214,4.4986897
1361,Reviewer / Tech Reviewer,8,5202,4.4864306
1361,Reviewer / Tech Reviewer,9,5195,4.481678
1361,Reviewer / Tech Reviewer,10,5199,4.4801955
1362,Reviewer / Tech Reviewer,1,5306,4.7555003
1362,Reviewer / Tech Reviewer,2,5300,4.746005
1362,Reviewer / Tech Reviewer,3,5304,4.715685
1362,Reviewer / Tech Reviewer,4,5305,4.713891
1362,Reviewer / Tech Reviewer,5,5301,4.698697
1362,Reviewer / Tech Reviewer,6,5194,4.515385
1362,Reviewer / Tech Reviewer,7,5201,4.5106087
1362,Reviewer / Tech Reviewer,8,5203,4.504239
1362,Reviewer / Tech Reviewer,9,5214,4.5017776
1362,Reviewer / Tech Reviewer,10,5197,4.498859
1367,Reviewer / Tech Reviewer,1,5306,4.7529316
1367,Reviewer / Tech Reviewer,2,5300,4.7431526
1367,Reviewer / Tech Reviewer,3,5303,4.7395616
1367,Reviewer / Tech Reviewer,4,5302,4.729215
1367,Reviewer / Tech Reviewer,5,5298,4.7151546
1367,Reviewer / Tech Reviewer,6,5201,4.5081863
1367,Reviewer / Tech Reviewer,7,5203,4.5018263
1367,Reviewer / Tech Reviewer,8,5214,4.499041
1367,Reviewer / Tech Reviewer,9,5427,4.495227
1367,Reviewer / Tech Reviewer,10,5202,4.4870143
1370,Reviewer / Tech Reviewer,1,5306,4.754339
1370,Reviewer / Tech Reviewer,2,5300,4.7450213
1370,Reviewer / Tech Reviewer,3,5303,4.740375
1370,Reviewer / Tech Reviewer,4,5302,4.7296515
1370,Reviewer / Tech Reviewer,5,5298,4.717141
1370,Reviewer / Tech Reviewer,6,5194,4.517337
1370,Reviewer / Tech Reviewer,7,5427,4.5009546
1370,Reviewer / Tech Reviewer,8,5195,4.4864216
1370,Reviewer / Tech Reviewer,9,5199,4.48547
1370,Reviewer / Tech Reviewer,10,5200,4.4808655
1374,Reviewer / Tech Reviewer,1,5306,4.751787
1374,Reviewer / Tech Reviewer,2,5300,4.7420774
1374,Reviewer / Tech Reviewer,3,5303,4.7382755
1374,Reviewer / Tech Reviewer,4,5298,4.7141604
1374,Reviewer / Tech Reviewer,5,5304,4.7121453
1374,Reviewer / Tech Reviewer,6,5194,4.5155244
1374,Reviewer / Tech Reviewer,7,5201,4.5105915
1374,Reviewer / Tech Reviewer,8,5197,4.4988823
1374,Reviewer / Tech Reviewer,9,5202,4.489861
1374,Reviewer / Tech Reviewer,10,5195,4.484978
1394,Reviewer / Tech Reviewer,1,5306,4.744593
1394,Reviewer / Tech Reviewer,2,5300,4.7346344
1394,Reviewer / Tech Reviewer,3,5303,4.731618
1394,Reviewer / Tech Reviewer,4,5302,4.7206044
1394,Reviewer / Tech Reviewer,5,5298,4.7075357
1394,Reviewer / Tech Reviewer,6,5194,4.5136456
1394,Reviewer / Tech Reviewer,7,5201,4.509037
1394,Reviewer / Tech Reviewer,8,5203,4.502208
1394,Reviewer / Tech Reviewer,9,5214,4.499827
1394,Reviewer / Tech Reviewer,10,5197,4.4968367
1410,Reviewer / Tech Reviewer,1,5306,4.740861
1410,Reviewer / Tech Reviewer,2,5303,4.728135
1410,Reviewer / Tech Reviewer,3,5302,4.7168903
1410,Reviewer / Tech Reviewer,4,5298,4.7041054
1410,Reviewer / Tech Reviewer,5,5304,4.7025127
1410,Reviewer / Tech Reviewer,6,5203,4.501388
1410,Reviewer / Tech Reviewer,7,5214,4.4991035
1410,Reviewer / Tech Reviewer,8,5197,4.4960737
1410,Reviewer / Tech Reviewer,9,5202,4.4871674
1410,Reviewer / Tech Reviewer,10,5195,4.482897
1429,Reviewer / Tech Reviewer,1,5306,4.741542
1429,Reviewer / Tech Reviewer,2,5300,4.7315845
1429,Reviewer / Tech Reviewer,3,5303,4.728743
1429,Reviewer / Tech Reviewer,4,5302,4.7175474
1429,Reviewer / Tech Reviewer,5,5304,4.7029486
1429,Reviewer / Tech Reviewer,6,5203,4.501725
1429,Reviewer / Tech Reviewer,7,5214,4.4995975
1429,Reviewer / Tech Reviewer,8,5197,4.4965935
1429,Reviewer / Tech Reviewer,9,5202,4.487768
1429,Reviewer / Tech Reviewer,10,5427,4.485572
1433,Reviewer / Tech Reviewer,1,5300,4.736391
1433,Reviewer / Tech Reviewer,2,5303,4.733228
1433,Reviewer / Tech Reviewer,3,5305,4.7050943
1433,Reviewer / Tech Reviewer,4,5301,4.6893873
1433,Reviewer / Tech Reviewer,5,5297,4.651097
1433,Reviewer / Tech Reviewer,6,5194,4.5140553
1433,Reviewer / Tech Reviewer,7,5201,4.5094924
1433,Reviewer / Tech Reviewer,8,5203,4.502806
1433,Reviewer / Tech Reviewer,9,5214,4.5003347
1433,Reviewer / Tech Reviewer,10,5197,4.4973726
1434,Reviewer / Tech Reviewer,1,5300,4.7338223
1434,Reviewer / Tech Reviewer,2,5302,4.7197976
1434,Reviewer / Tech Reviewer,3,5298,4.706579
1434,Reviewer / Tech Reviewer,4,5304,4.704773
1434,Reviewer / Tech Reviewer,5,5305,4.702552
1434,Reviewer / Tech Reviewer,6,5194,4.5144105
1434,Reviewer / Tech Reviewer,7,5201,4.5092893
1434,Reviewer / Tech Reviewer,8,5214,4.5002813
1434,Reviewer / Tech Reviewer,9,5197,4.497347
1434,Reviewer / Tech Reviewer,10,5427,4.4872837
1446,Reviewer / Tech Reviewer,1,5300,4.7340064
1446,Reviewer / Tech Reviewer,2,5303,4.7312293
1446,Reviewer / Tech Reviewer,3,5302,4.7201695
1446,Reviewer / Tech Reviewer,4,5304,4.705825
1446,Reviewer / Tech Reviewer,5,5305,4.7030144
1446,Reviewer / Tech Reviewer,6,5194,4.5123143
1446,Reviewer / Tech Reviewer,7,5201,4.5083966
1446,Reviewer / Tech Reviewer,8,5203,4.501604
1446,Reviewer / Tech Reviewer,9,5197,4.495823
1446,Reviewer / Tech Reviewer,10,5427,4.488524
1456,Reviewer / Tech Reviewer,1,5306,4.753494
1456,Reviewer / Tech Reviewer,2,5300,4.743752
1456,Reviewer / Tech Reviewer,3,5302,4.729297
1456,Reviewer / Tech Reviewer,4,5298,4.716194
1456,Reviewer / Tech Reviewer,5,5305,4.712063
1456,Reviewer / Tech Reviewer,6,5194,4.513964
1456,Reviewer / Tech Reviewer,7,5203,4.5038466
1456,Reviewer / Tech Reviewer,8,5214,4.5009336
1456,Reviewer / Tech Reviewer,9,5195,4.4830866
1456,Reviewer / Tech Reviewer,10,5199,4.482543
1482,Reviewer / Tech Reviewer,1,5306,4.7497425
1482,Reviewer / Tech Reviewer,2,5303,4.7362933
1482,Reviewer / Tech Reviewer,3,5298,4.7122674
1482,Reviewer / Tech Reviewer,4,5304,4.710092
1482,Reviewer / Tech Reviewer,5,5305,4.7082663
1482,Reviewer / Tech Reviewer,6,5201,4.51094
1482,Reviewer / Tech Reviewer,7,5203,4.5043144
1482,Reviewer / Tech Reviewer,8,5214,4.502226
1482,Reviewer / Tech Reviewer,9,5197,4.499344
1482,Reviewer / Tech Reviewer,10,5202,4.4904494
1489,Reviewer / Tech Reviewer,1,5306,4.7512345
1489,Reviewer / Tech Reviewer,2,5302,4.727456
1489,Reviewer / Tech Reviewer,3,5298,4.7136674
1489,Reviewer / Tech Reviewer,4,5304,4.7121873
1489,Reviewer / Tech Reviewer,5,5305,4.709923
1489,Reviewer / Tech Reviewer,6,5194,4.5122194
1489,Reviewer / Tech Reviewer,7,5201,4.5082045
1489,Reviewer / Tech Reviewer,8,5214,4.4988737
1489,Reviewer / Tech Reviewer,9,5197,4.495886
1489,Reviewer / Tech Reviewer,10,5427,4.494154
1491,Reviewer / Tech Reviewer,1,5300,4.749459
1491,Reviewer / Tech Reviewer,2,5303,4.744972
1491,Reviewer / Tech Reviewer,3,5302,4.734743
1491,Reviewer / Tech Reviewer,4,5298,4.7211537
1491,Reviewer / Tech Reviewer,5,5304,4.719092
1491,Reviewer / Tech Reviewer,6,5194,4.5153246
1491,Reviewer / Tech Reviewer,7,5203,4.50495
1491,Reviewer / Tech Reviewer,8,5427,4.503575
1491,Reviewer / Tech Reviewer,9,5214,4.502137
1491,Reviewer / Tech Reviewer,10,5197,4.4992247
1492,Reviewer / Tech Reviewer,1,5306,4.756004
1492,Reviewer / Tech Reviewer,2,5300,4.7465377
1492,Reviewer / Tech Reviewer,3,5303,4.742136
1492,Reviewer / Tech Reviewer,4,5302,4.7317305
1492,Reviewer / Tech Reviewer,5,5305,4.7143793
1492,Reviewer / Tech Reviewer,6,5194,4.5168514
1492,Reviewer / Tech Reviewer,7,5203,4.5054708
1492,Reviewer / Tech Reviewer,8,5214,4.503129
1492,Reviewer / Tech Reviewer,9,5197,4.5002875
1492,Reviewer / Tech Reviewer,10,5202,4.491206
1508,Reviewer / Tech Reviewer,1,5306,4.7516203
1508,Reviewer / Tech Reviewer,2,5305,4.710223
1508,Reviewer / Tech Reviewer,3,5301,4.695139
1508,Reviewer / Tech Reviewer,4,5299,4.6782894
1508,Reviewer / Tech Reviewer,5,5297,4.656601
1508,Reviewer / Tech Reviewer,6,5194,4.514167
1508,Reviewer / Tech Reviewer,7,5201,4.5105143
1508,Reviewer / Tech Reviewer,8,5203,4.5039883
1508,Reviewer / Tech Reviewer,9,5214,4.5011663
1508,Reviewer / Tech Reviewer,10,5197,4.4981356
1521,Reviewer / Tech Reviewer,1,5306,4.748781
1521,Reviewer / Tech Reviewer,2,5300,4.7390246
1521,Reviewer / Tech Reviewer,3,5303,4.735367
1521,Reviewer / Tech Reviewer,4,5302,4.724402
1521,Reviewer / Tech Reviewer,5,5298,4.7119045
1521,Reviewer / Tech Reviewer,6,5201,4.510513
1521,Reviewer / Tech Reviewer,7,5214,4.501246
1521,Reviewer / Tech Reviewer,8,5197,4.4982257
1521,Reviewer / Tech Reviewer,9,5427,4.494865
1521,Reviewer / Tech Reviewer,10,5195,4.483815
1528,Reviewer / Tech Reviewer,1,5306,4.749647
1528,Reviewer / Tech Reviewer,2,5300,4.7398233
1528,Reviewer / Tech Reviewer,3,5302,4.725548
1528,Reviewer / Tech Reviewer,4,5298,4.7124777
1528,Reviewer / Tech Reviewer,5,5304,4.7107754
1528,Reviewer / Tech Reviewer,6,5194,4.513648
1528,Reviewer / Tech Reviewer,7,5201,4.50959
1528,Reviewer / Tech Reviewer,8,5214,4.5003014
1528,Reviewer / Tech Reviewer,9,5197,4.497286
1528,Reviewer / Tech Reviewer,10,5202,4.4880238
1531,Reviewer / Tech Reviewer,1,5306,4.745551
1531,Reviewer / Tech Reviewer,2,5300,4.735692
1531,Reviewer / Tech Reviewer,3,5303,4.732415
1531,Reviewer / Tech Reviewer,4,5302,4.7213845
1531,Reviewer / Tech Reviewer,5,5298,4.708474
1531,Reviewer / Tech Reviewer,6,5194,4.514891
1531,Reviewer / Tech Reviewer,7,5201,4.5100546
1531,Reviewer / Tech Reviewer,8,5203,4.503265
1531,Reviewer / Tech Reviewer,9,5214,4.50102
1531,Reviewer / Tech Reviewer,10,5427,4.490116
1547,Reviewer / Tech Reviewer,1,5306,4.747366
1547,Reviewer / Tech Reviewer,2,5302,4.7231565
1547,Reviewer / Tech Reviewer,3,5298,4.710319
1547,Reviewer / Tech Reviewer,4,5304,4.708532
1547,Reviewer / Tech Reviewer,5,5305,4.706104
1547,Reviewer / Tech Reviewer,6,5194,4.5144205
1547,Reviewer / Tech Reviewer,7,5201,4.510124
1547,Reviewer / Tech Reviewer,8,5203,4.5034738
1547,Reviewer / Tech Reviewer,9,5214,4.500924
1547,Reviewer / Tech Reviewer,10,5197,4.497951
1559,Reviewer / Tech Reviewer,1,5306,4.752796
1559,Reviewer / Tech Reviewer,2,5303,4.739031
1559,Reviewer / Tech Reviewer,3,5298,4.7154484
1559,Reviewer / Tech Reviewer,4,5304,4.713152
1559,Reviewer / Tech Reviewer,5,5305,4.711252
1559,Reviewer / Tech Reviewer,6,5203,4.5056033
1559,Reviewer / Tech Reviewer,7,5214,4.5033283
1559,Reviewer / Tech Reviewer,8,5197,4.5004373
1559,Reviewer / Tech Reviewer,9,5202,4.491241
1559,Reviewer / Tech Reviewer,10,5195,4.486169
1585,Reviewer / Tech Reviewer,1,5306,4.7602654
1585,Reviewer / Tech Reviewer,2,5300,4.7508955
1585,Reviewer / Tech Reviewer,3,5303,4.7461686
1585,Reviewer / Tech Reviewer,4,5302,4.736003
1585,Reviewer / Tech Reviewer,5,5298,4.722419
1585,Reviewer / Tech Reviewer,6,5201,4.511467
1585,Reviewer / Tech Reviewer,7,5203,4.505355
1585,Reviewer / Tech Reviewer,8,5427,4.5050654
1585,Reviewer / Tech Reviewer,9,5195,4.484854
1585,Reviewer / Tech Reviewer,10,5199,4.4845457
1586,Reviewer / Tech Reviewer,1,5306,4.755619
1586,Reviewer / Tech Reviewer,2,5300,4.7460155
1586,Reviewer / Tech Reviewer,3,5303,4.7419434
1586,Reviewer / Tech Reviewer,4,5302,4.731603
1586,Reviewer / Tech Reviewer,5,5304,4.7161345
1586,Reviewer / Tech Reviewer,6,5194,4.513951
1586,Reviewer / Tech Reviewer,7,5203,4.5034275
1586,Reviewer / Tech Reviewer,8,5427,4.4996386
1586,Reviewer / Tech Reviewer,9,5197,4.497675
1586,Reviewer / Tech Reviewer,10,5202,4.4883957
1587,Reviewer / Tech Reviewer,1,5306,4.7512503
1587,Reviewer / Tech Reviewer,2,5300,4.741368
1587,Reviewer / Tech Reviewer,3,5303,4.7378883
1587,Reviewer / Tech Reviewer,4,5302,4.72725
1587,Reviewer / Tech Reviewer,5,5304,4.7124834
1587,Reviewer / Tech Reviewer,6,5194,4.5126023
1587,Reviewer / Tech Reviewer,7,5201,4.5090036
1587,Reviewer / Tech Reviewer,8,5203,4.502542
1587,Reviewer / Tech Reviewer,9,5214,4.4995403
1587,Reviewer / Tech Reviewer,10,5197,4.4964952
1602,Reviewer / Tech Reviewer,1,5306,4.751309
1602,Reviewer / Tech Reviewer,2,5302,4.726849
1602,Reviewer / Tech Reviewer,3,5305,4.709861
1602,Reviewer / Tech Reviewer,4,5194,4.5153046
1602,Reviewer / Tech Reviewer,5,5201,4.5112023
1602,Reviewer / Tech Reviewer,6,5203,4.504614
1602,Reviewer / Tech Reviewer,7,5427,4.497582
1602,Reviewer / Tech Reviewer,8,5202,4.4896793
1602,Reviewer / Tech Reviewer,9,5200,4.4788623
1602,Reviewer / Tech Reviewer,10,5314,4.466462
1605,Reviewer / Tech Reviewer,1,5306,4.756119
1605,Reviewer / Tech Reviewer,2,5300,4.7466373
1605,Reviewer / Tech Reviewer,3,5303,4.742306
1605,Reviewer / Tech Reviewer,4,5302,4.731937
1605,Reviewer / Tech Reviewer,5,5298,4.718398
1605,Reviewer / Tech Reviewer,6,5194,4.515682
1605,Reviewer / Tech Reviewer,7,5203,4.504643
1605,Reviewer / Tech Reviewer,8,5214,4.5021486
1605,Reviewer / Tech Reviewer,9,5202,4.4900603
1605,Reviewer / Tech Reviewer,10,5195,4.484888
1617,Reviewer / Tech Reviewer,1,5306,4.747788
1617,Reviewer / Tech Reviewer,2,5300,4.737872
1617,Reviewer / Tech Reviewer,3,5302,4.7237372
1617,Reviewer / Tech Reviewer,4,5298,4.7108
1617,Reviewer / Tech Reviewer,5,5305,4.7065163
1617,Reviewer / Tech Reviewer,6,5194,4.5127945
1617,Reviewer / Tech Reviewer,7,5201,4.508993
1617,Reviewer / Tech Reviewer,8,5203,4.50229
1617,Reviewer / Tech Reviewer,9,5214,4.499528
1617,Reviewer / Tech Reviewer,10,5197,4.4964666
1633,Reviewer / Tech Reviewer,1,5300,4.7312374
1633,Reviewer / Tech Reviewer,2,5298,4.7043324
1633,Reviewer / Tech Reviewer,3,5297,4.6460576
1633,Reviewer / Tech Reviewer,4,5214,4.500202
1633,Reviewer / Tech Reviewer,5,5197,4.4972296
1633,Reviewer / Tech Reviewer,6,5202,4.488441
1633,Reviewer / Tech Reviewer,7,5427,4.485442
1633,Reviewer / Tech Reviewer,8,5199,4.4817305
1633,Reviewer / Tech Reviewer,9,5200,4.478381
1633,Reviewer / Tech Reviewer,10,5329,4.4621687
1641,Reviewer / Tech Reviewer,1,5306,4.7502365
1641,Reviewer / Tech Reviewer,2,5300,4.740206
1641,Reviewer / Tech Reviewer,3,5303,4.7370625
1641,Reviewer / Tech Reviewer,4,5302,4.726524
1641,Reviewer / Tech Reviewer,5,5298,4.712653
1641,Reviewer / Tech Reviewer,6,5194,4.5119114
1641,Reviewer / Tech Reviewer,7,5201,4.50786
1641,Reviewer / Tech Reviewer,8,5203,4.50152
1641,Reviewer / Tech Reviewer,9,5214,4.4985113
1641,Reviewer / Tech Reviewer,10,5197,4.4955316
1646,Reviewer / Tech Reviewer,1,5306,4.7590446
1646,Reviewer / Tech Reviewer,2,5300,4.749807
1646,Reviewer / Tech Reviewer,3,5302,4.7344465
1646,Reviewer / Tech Reviewer,4,5298,4.7213354
1646,Reviewer / Tech Reviewer,5,5304,4.7187605
1646,Reviewer / Tech Reviewer,6,5201,4.5132403
1646,Reviewer / Tech Reviewer,7,5203,4.5070076
1646,Reviewer / Tech Reviewer,8,5427,4.5049644
1646,Reviewer / Tech Reviewer,9,5214,4.5047293
1646,Reviewer / Tech Reviewer,10,5197,4.501889
1659,Reviewer / Tech Reviewer,1,5302,4.716943
1659,Reviewer / Tech Reviewer,2,5298,4.7039027
1659,Reviewer / Tech Reviewer,3,5301,4.6835337
1659,Reviewer / Tech Reviewer,4,5299,4.6670938
1659,Reviewer / Tech Reviewer,5,5297,4.6458416
1659,Reviewer / Tech Reviewer,6,5194,4.5122366
1659,Reviewer / Tech Reviewer,7,5201,4.507848
1659,Reviewer / Tech Reviewer,8,5203,4.500899
1659,Reviewer / Tech Reviewer,9,5214,4.4984045
1659,Reviewer / Tech Reviewer,10,5202,4.486459
1671,Reviewer / Tech Reviewer,1,5306,4.7422447
1671,Reviewer / Tech Reviewer,2,5300,4.732307
1671,Reviewer / Tech Reviewer,3,5303,4.7294064
1671,Reviewer / Tech Reviewer,4,5302,4.718231
1671,Reviewer / Tech Reviewer,5,5304,4.703885
1671,Reviewer / Tech Reviewer,6,5201,4.508478
1671,Reviewer / Tech Reviewer,7,5203,4.501387
1671,Reviewer / Tech Reviewer,8,5197,4.49604
1671,Reviewer / Tech Reviewer,9,5202,4.487055
1671,Reviewer / Tech Reviewer,10,5195,4.482676
1673,Reviewer / Tech Reviewer,1,5306,4.7499647
1673,Reviewer / Tech Reviewer,2,5300,4.740056
1673,Reviewer / Tech Reviewer,3,5302,4.7260327
1673,Reviewer / Tech Reviewer,4,5298,4.7125163
1673,Reviewer / Tech Reviewer,5,5304,4.7108707
1673,Reviewer / Tech Reviewer,6,5194,4.513449
1673,Reviewer / Tech Reviewer,7,5201,4.509144
1673,Reviewer / Tech Reviewer,8,5203,4.5026894
1673,Reviewer / Tech Reviewer,9,5427,4.4935513
1673,Reviewer / Tech Reviewer,10,5202,4.4878526
1675,Reviewer / Tech Reviewer,1,5306,4.7556925
1675,Reviewer / Tech Reviewer,2,5303,4.741969
1675,Reviewer / Tech Reviewer,3,5302,4.7315884
1675,Reviewer / Tech Reviewer,4,5298,4.718041
1675,Reviewer / Tech Reviewer,5,5304,4.7161365
1675,Reviewer / Tech Reviewer,6,5201,4.5102854
1675,Reviewer / Tech Reviewer,7,5203,4.5040207
1675,Reviewer / Tech Reviewer,8,5214,4.5012474
1675,Reviewer / Tech Reviewer,9,5427,4.499965
1675,Reviewer / Tech Reviewer,10,5197,4.4983034
1680,Reviewer / Tech Reviewer,1,5306,4.7587833
1680,Reviewer / Tech Reviewer,2,5300,4.7494082
1680,Reviewer / Tech Reviewer,3,5303,4.744689
1680,Reviewer / Tech Reviewer,4,5302,4.734338
1680,Reviewer / Tech Reviewer,5,5298,4.7211637
1680,Reviewer / Tech Reviewer,6,5201,4.51216
1680,Reviewer / Tech Reviewer,7,5203,4.505947
1680,Reviewer / Tech Reviewer,8,5427,4.5045366
1680,Reviewer / Tech Reviewer,9,5214,4.5033374
1680,Reviewer / Tech Reviewer,10,5202,4.491007
1699,Reviewer / Tech Reviewer,1,5306,4.743151
1699,Reviewer / Tech Reviewer,2,5303,4.730321
1699,Reviewer / Tech Reviewer,3,5298,4.7061996
1699,Reviewer / Tech Reviewer,4,5305,4.702007
1699,Reviewer / Tech Reviewer,5,5301,4.6860037
1699,Reviewer / Tech Reviewer,6,5194,4.5127916
1699,Reviewer / Tech Reviewer,7,5201,4.5083666
1699,Reviewer / Tech Reviewer,8,5203,4.501462
1699,Reviewer / Tech Reviewer,9,5197,4.495985
1699,Reviewer / Tech Reviewer,10,5202,4.487015
1703,Reviewer / Tech Reviewer,1,5306,4.7494736
1703,Reviewer / Tech Reviewer,2,5303,4.7361207
1703,Reviewer / Tech Reviewer,3,5302,4.725334
1703,Reviewer / Tech Reviewer,4,5298,4.712178
1703,Reviewer / Tech Reviewer,5,5304,4.710344
1703,Reviewer / Tech Reviewer,6,5194,4.5146074
1703,Reviewer / Tech Reviewer,7,5201,4.5101476
1703,Reviewer / Tech Reviewer,8,5214,4.501055
1703,Reviewer / Tech Reviewer,9,5197,4.4981074
1703,Reviewer / Tech Reviewer,10,5427,4.493991
1710,Reviewer / Tech Reviewer,1,5306,4.748206
1710,Reviewer / Tech Reviewer,2,5300,4.7385025
1710,Reviewer / Tech Reviewer,3,5302,4.723792
1710,Reviewer / Tech Reviewer,4,5304,4.7089643
1710,Reviewer / Tech Reviewer,5,5301,4.691719
1710,Reviewer / Tech Reviewer,6,5194,4.51614
1710,Reviewer / Tech Reviewer,7,5203,4.504601
1710,Reviewer / Tech Reviewer,8,5214,4.502392
1710,Reviewer / Tech Reviewer,9,5202,4.490389
1710,Reviewer / Tech Reviewer,10,5199,4.4839773
1756,Reviewer / Tech Reviewer,1,5306,4.745949
1756,Reviewer / Tech Reviewer,2,5303,4.733083
1756,Reviewer / Tech Reviewer,3,5302,4.7223463
1756,Reviewer / Tech Reviewer,4,5298,4.708521
1756,Reviewer / Tech Reviewer,5,5304,4.7071457
1756,Reviewer / Tech Reviewer,6,5194,4.511758
1756,Reviewer / Tech Reviewer,7,5201,4.507307
1756,Reviewer / Tech Reviewer,8,5203,4.500672
1756,Reviewer / Tech Reviewer,9,5197,4.494979
1756,Reviewer / Tech Reviewer,10,5427,4.488059
1798,Reviewer / Tech Reviewer,1,5306,4.759075
1798,Reviewer / Tech Reviewer,2,5300,4.7497234
1798,Reviewer / Tech Reviewer,3,5303,4.744975
1798,Reviewer / Tech Reviewer,4,5298,4.721524
1798,Reviewer / Tech Reviewer,5,5304,4.719305
1798,Reviewer / Tech Reviewer,6,5201,4.5119524
1798,Reviewer / Tech Reviewer,7,5203,4.505703
1798,Reviewer / Tech Reviewer,8,5427,4.505039
1798,Reviewer / Tech Reviewer,9,5214,4.503039
1798,Reviewer / Tech Reviewer,10,5197,4.5000935
1802,Reviewer / Tech Reviewer,1,5306,4.7488685
1802,Reviewer / Tech Reviewer,2,5300,4.7390523
1802,Reviewer / Tech Reviewer,3,5302,4.724489
1802,Reviewer / Tech Reviewer,4,5298,4.712102
1802,Reviewer / Tech Reviewer,5,5304,4.710351
1802,Reviewer / Tech Reviewer,6,5194,4.51383
1802,Reviewer / Tech Reviewer,7,5201,4.510249
1802,Reviewer / Tech Reviewer,8,5203,4.503565
1802,Reviewer / Tech Reviewer,9,5214,4.5008025
1802,Reviewer / Tech Reviewer,10,5197,4.4977427
1818,Reviewer / Tech Reviewer,1,5300,4.737873
1818,Reviewer / Tech Reviewer,2,5303,4.734012
1818,Reviewer / Tech Reviewer,3,5302,4.723052
1818,Reviewer / Tech Reviewer,4,5305,4.705892
1818,Reviewer / Tech Reviewer,5,5301,4.690703
1818,Reviewer / Tech Reviewer,6,5194,4.5160317
1818,Reviewer / Tech Reviewer,7,5214,4.5019646
1818,Reviewer / Tech Reviewer,8,5427,4.492403
1818,Reviewer / Tech Reviewer,9,5202,4.4901056
1818,Reviewer / Tech Reviewer,10,5199,4.4836063
1823,Reviewer / Tech Reviewer,1,5306,4.756425
1823,Reviewer / Tech Reviewer,2,5300,4.7467823
1823,Reviewer / Tech Reviewer,3,5303,4.742732
1823,Reviewer / Tech Reviewer,4,5302,4.732463
1823,Reviewer / Tech Reviewer,5,5298,4.718697
1823,Reviewer / Tech Reviewer,6,5194,4.513529
1823,Reviewer / Tech Reviewer,7,5201,4.5094595
1823,Reviewer / Tech Reviewer,8,5203,4.5032372
1823,Reviewer / Tech Reviewer,9,5197,4.4973454
1823,Reviewer / Tech Reviewer,10,5202,4.4880304
1830,Reviewer / Tech Reviewer,1,5300,4.739196
1830,Reviewer / Tech Reviewer,2,5302,4.7248893
1830,Reviewer / Tech Reviewer,3,5298,4.7117414
1830,Reviewer / Tech Reviewer,4,5304,4.709908
1830,Reviewer / Tech Reviewer,5,5305,4.7076626
1830,Reviewer / Tech Reviewer,6,5194,4.5145283
1830,Reviewer / Tech Reviewer,7,5201,4.5100183
1830,Reviewer / Tech Reviewer,8,5203,4.5034227
1830,Reviewer / Tech Reviewer,9,5214,4.500924
1830,Reviewer / Tech Reviewer,10,5427,4.4934735
1850,Reviewer / Tech Reviewer,1,5306,4.7479305
1850,Reviewer / Tech Reviewer,2,5300,4.738144
1850,Reviewer / Tech Reviewer,3,5302,4.7236633
1850,Reviewer / Tech Reviewer,4,5298,4.710927
1850,Reviewer / Tech Reviewer,5,5304,4.709051
1850,Reviewer / Tech Reviewer,6,5194,4.5146112
1850,Reviewer / Tech Reviewer,7,5201,4.510269
1850,Reviewer / Tech Reviewer,8,5203,4.5035453
1850,Reviewer / Tech Reviewer,9,5427,4.4932756
1850,Reviewer / Tech Reviewer,10,5202,4.488908
1886,Reviewer / Tech Reviewer,1,5306,4.753458
1886,Reviewer / Tech Reviewer,2,5300,4.743683
1886,Reviewer / Tech Reviewer,3,5303,4.739951
1886,Reviewer / Tech Reviewer,4,5302,4.729508
1886,Reviewer / Tech Reviewer,5,5298,4.7158003
1886,Reviewer / Tech Reviewer,6,5201,4.5094156
1886,Reviewer / Tech Reviewer,7,5214,4.500303
1886,Reviewer / Tech Reviewer,8,5197,4.4973564
1886,Reviewer / Tech Reviewer,9,5427,4.496936
1886,Reviewer / Tech Reviewer,10,5202,4.4881625
1909,Reviewer / Tech Reviewer,1,5300,4.734131
1909,Reviewer / Tech Reviewer,2,5302,4.7196584
1909,Reviewer / Tech Reviewer,3,5304,4.7052937
1909,Reviewer / Tech Reviewer,4,5305,4.7027383
1909,Reviewer / Tech Reviewer,5,5301,4.687358
1909,Reviewer / Tech Reviewer,6,5201,4.510052
1909,Reviewer / Tech Reviewer,7,5203,4.503108
1909,Reviewer / Tech Reviewer,8,5214,4.500904
1909,Reviewer / Tech Reviewer,9,5427,4.489352
1909,Reviewer / Tech Reviewer,10,5202,4.4888616
1915,Reviewer / Tech Reviewer,1,5300,4.7406845
1915,Reviewer / Tech Reviewer,2,5303,4.737291
1915,Reviewer / Tech Reviewer,3,5298,4.7130795
1915,Reviewer / Tech Reviewer,4,5304,4.711445
1915,Reviewer / Tech Reviewer,5,5305,4.709268
1915,Reviewer / Tech Reviewer,6,5201,4.509057
1915,Reviewer / Tech Reviewer,7,5203,4.502655
1915,Reviewer / Tech Reviewer,8,5214,4.4998636
1915,Reviewer / Tech Reviewer,9,5197,4.496907
1915,Reviewer / Tech Reviewer,10,5202,4.487768
1920,Reviewer / Tech Reviewer,1,5300,4.737978
1920,Reviewer / Tech Reviewer,2,5303,4.7344956
1920,Reviewer / Tech Reviewer,3,5302,4.7236304
1920,Reviewer / Tech Reviewer,4,5304,4.708562
1920,Reviewer / Tech Reviewer,5,5305,4.7063975
1920,Reviewer / Tech Reviewer,6,5194,4.514988
1920,Reviewer / Tech Reviewer,7,5201,4.5101185
1920,Reviewer / Tech Reviewer,8,5203,4.503419
1920,Reviewer / Tech Reviewer,9,5214,4.501141
1920,Reviewer / Tech Reviewer,10,5197,4.498202
1928,Reviewer / Tech Reviewer,1,5306,4.745249
1928,Reviewer / Tech Reviewer,2,5300,4.7354603
1928,Reviewer / Tech Reviewer,3,5303,4.7320967
1928,Reviewer / Tech Reviewer,4,5302,4.721048
1928,Reviewer / Tech Reviewer,5,5298,4.7081356
1928,Reviewer / Tech Reviewer,6,5214,4.5014253
1928,Reviewer / Tech Reviewer,7,5197,4.4985027
1928,Reviewer / Tech Reviewer,8,5427,4.4897175
1928,Reviewer / Tech Reviewer,9,5202,4.4896355
1928,Reviewer / Tech Reviewer,10,5195,4.4852085
1960,Reviewer / Tech Reviewer,1,5306,4.748908
1960,Reviewer / Tech Reviewer,2,5300,4.7388196
1960,Reviewer / Tech Reviewer,3,5303,4.7357583
1960,Reviewer / Tech Reviewer,4,5302,4.724998
1960,Reviewer / Tech Reviewer,5,5298,4.71181
1960,Reviewer / Tech Reviewer,6,5194,4.5114985
1960,Reviewer / Tech Reviewer,7,5201,4.508242
1960,Reviewer / Tech Reviewer,8,5203,4.501766
1960,Reviewer / Tech Reviewer,9,5214,4.4985623
1960,Reviewer / Tech Reviewer,10,5197,4.49549
1968,Reviewer / Tech Reviewer,1,5306,4.756382
1968,Reviewer / Tech Reviewer,2,5303,4.742417
1968,Reviewer / Tech Reviewer,3,5302,4.731956
1968,Reviewer / Tech Reviewer,4,5298,4.7187138
1968,Reviewer / Tech Reviewer,5,5304,4.716321
1968,Reviewer / Tech Reviewer,6,5214,4.5036845
1968,Reviewer / Tech Reviewer,7,5427,4.5015974
1968,Reviewer / Tech Reviewer,8,5197,4.500822
1968,Reviewer / Tech Reviewer,9,5195,4.4864683
1968,Reviewer / Tech Reviewer,10,5200,4.48092
1993,Reviewer / Tech Reviewer,1,5300,4.742071
1993,Reviewer / Tech Reviewer,2,5303,4.738313
1993,Reviewer / Tech Reviewer,3,5302,4.7276273
1993,Reviewer / Tech Reviewer,4,5298,4.7146134
1993,Reviewer / Tech Reviewer,5,5304,4.712846
1993,Reviewer / Tech Reviewer,6,5203,4.5035777
1993,Reviewer / Tech Reviewer,7,5214,4.5008
1993,Reviewer / Tech Reviewer,8,5197,4.4977865
1993,Reviewer / Tech Reviewer,9,5427,4.497069
1993,Reviewer / Tech Reviewer,10,5202,4.4884033
0,Student,1,5306,4.7596407
0,Student,2,5300,4.7496076
0,Student,3,5303,4.7465534
0,Student,4,5302,4.7374554
0,Student,5,5298,4.720545
0,Student,6,5194,4.5002604
0,Student,7,5201,4.496429
0,Student,8,5101,4.4922776
0,Student,9,5427,4.4922237
0,Student,10,5052,4.4918923
1,Student,1,5306,4.755833
1,Student,2,5300,4.745618
1,Student,3,5303,4.743004
1,Student,4,5302,4.733693
1,Student,5,5298,4.716882
1,Student,6,5194,4.4998555
1,Student,7,5201,4.496025
1,Student,8,5052,4.4906373
1,Student,9,5203,4.4903946
1,Student,10,5101,4.490319
2,Student,1,5306,4.760783
2,Student,2,5300,4.7507825
2,Student,3,5303,4.7476244
2,Student,4,5302,4.7385597
2,Student,5,5298,4.721775
2,Student,6,5194,4.499976
2,Student,7,5201,4.4964952
2,Student,8,5427,4.493933
2,Student,9,5052,4.492013
2,Student,10,5101,4.491642
3,Student,1,5306,4.7599277
3,Student,2,5300,4.749918
3,Student,3,5303,4.746776
3,Student,4,5302,4.737626
3,Student,5,5298,4.720894
3,Student,6,5194,4.5010285
3,Student,7,5201,4.4972253
3,Student,8,5101,4.4938364
3,Student,9,5052,4.493646
3,Student,10,5427,4.4930706
4,Student,1,5306,4.759459
4,Student,2,5300,4.749461
4,Student,3,5303,4.746365
4,Student,4,5302,4.7372513
4,Student,5,5298,4.720331
4,Student,6,5194,4.500828
4,Student,7,5201,4.496765
4,Student,8,5101,4.4929504
4,Student,9,5052,4.4923677
4,Student,10,5427,4.4919596
5,Student,1,5306,4.7538013
5,Student,2,5300,4.7434454
5,Student,3,5303,4.7411747
5,Student,4,5302,4.731821
5,Student,5,5298,4.7149115
5,Student,6,5194,4.4982977
5,Student,7,5201,4.49469
5,Student,8,5203,4.489008
5,Student,9,5052,4.4876914
5,Student,10,5101,4.4868083
6,Student,1,5306,4.7600093
6,Student,2,5300,4.749957
6,Student,3,5303,4.7468367
6,Student,4,5302,4.7376647
6,Student,5,5298,4.7209864
6,Student,6,5194,4.5011086
6,Student,7,5201,4.497412
6,Student,8,5101,4.495122
6,Student,9,5052,4.4946113
6,Student,10,5427,4.493364
7,Student,1,5306,4.7592654
7,Student,2,5300,4.749133
7,Student,3,5303,4.746255
7,Student,4,5302,4.737163
7,Student,5,5298,4.7202716
7,Student,6,5194,4.498752
7,Student,7,5201,4.4954453
7,Student,8,5427,4.491938
7,Student,9,5052,4.490049
7,Student,10,5203,4.489976
8,Student,1,5306,4.7600913
8,Student,2,5300,4.7500663
8,Student,3,5303,4.7469683
8,Student,4,5302,4.737873
8,Student,5,5298,4.721031
8,Student,6,5194,4.5002728
8,Student,7,5201,4.496575
8,Student,8,5427,4.492956
8,Student,9,5101,4.492467
8,Student,10,5052,4.4922934
9,Student,1,5306,4.763253
9,Student,2,5300,4.753354
9,Student,3,5303,4.749897
9,Student,4,5302,4.740917
9,Student,5,5298,4.7242064
9,Student,6,5194,4.500701
9,Student,7,5201,4.4972906
9,Student,8,5427,4.4969997
9,Student,9,5101,4.4943905
9,Student,10,5052,4.494279
10,Student,1,5306,4.762857
10,Student,2,5300,4.7530265
10,Student,3,5303,4.7494764
10,Student,4,5302,4.7404556
10,Student,5,5298,4.72372
10,Student,6,5194,4.502119
10,Student,7,5201,4.4981437
10,Student,8,5101,4.4966316
10,Student,9,5427,4.4963856
10,Student,10,5052,4.4958096
11,Student,1,5306,4.7613115
11,Student,2,5300,4.7514143
11,Student,3,5303,4.748061
11,Student,4,5302,4.7389946
11,Student,5,5298,4.722193
11,Student,6,5194,4.5015535
11,Student,7,5201,4.497546
11,Student,8,5427,4.494417
11,Student,9,5052,4.494155
11,Student,10,5203,4.4920635
12,Student,1,5306,4.7633023
12,Student,2,5300,4.753415
12,Student,3,5303,4.7499437
12,Student,4,5302,4.7409763
12,Student,5,5298,4.7242255
12,Student,6,5194,4.50078
12,Student,7,5201,4.497283
12,Student,8,5427,4.4969225
12,Student,9,5101,4.4945145
12,Student,10,5203,4.4919157
13,Student,1,5306,4.757798
13,Student,2,5300,4.747671
13,Student,3,5303,4.744824
13,Student,4,5302,4.735596
13,Student,5,5298,4.718823
13,Student,6,5194,4.5001607
13,Student,7,5201,4.4964294
13,Student,8,5052,4.491699
13,Student,9,5101,4.4914503
13,Student,10,5203,4.490863
14,Student,1,5306,4.7610955
14,Student,2,5300,4.75109
14,Student,3,5303,4.7479205
14,Student,4,5302,4.738878
14,Student,5,5298,4.722064
14,Student,6,5194,4.4998746
14,Student,7,5201,4.4964256
14,Student,8,5427,4.4942226
14,Student,9,5052,4.4921117
14,Student,10,5101,4.4919806
15,Student,1,5306,4.7594914
15,Student,2,5300,4.7494864
15,Student,3,5303,4.746391
15,Student,4,5302,4.7372465
15,Student,5,5298,4.720458
15,Student,6,5194,4.5007296
15,Student,7,5201,4.4968805
15,Student,8,5052,4.4924917
15,Student,9,5101,4.492397
15,Student,10,5427,4.492385
16,Student,1,5306,4.7599373
16,Student,2,5300,4.749934
16,Student,3,5303,4.746771
16,Student,4,5302,4.7376213
16,Student,5,5298,4.720848
16,Student,6,5194,4.501405
16,Student,7,5201,4.4974356
16,Student,8,5101,4.4950266
16,Student,9,5052,4.494289
16,Student,10,5427,4.4929605
17,Student,1,5306,4.762273
17,Student,2,5300,4.7523108
17,Student,3,5303,4.7489624
17,Student,4,5302,4.7399225
17,Student,5,5298,4.7232027
17,Student,6,5194,4.5009546
17,Student,7,5201,4.4974127
17,Student,8,5427,4.4958553
17,Student,9,5101,4.4955034
17,Student,10,5052,4.494868
18,Student,1,5306,4.7579284
18,Student,2,5300,4.74778
18,Student,3,5303,4.744948
18,Student,4,5302,4.73574
18,Student,5,5298,4.718901
18,Student,6,5194,4.5000815
18,Student,7,5201,4.496324
18,Student,8,5101,4.492163
18,Student,9,5203,4.4908085
18,Student,10,5427,4.4905024
19,Student,1,5306,4.759432
19,Student,2,5300,4.7494774
19,Student,3,5303,4.746305
19,Student,4,5302,4.7371473
19,Student,5,5298,4.720334
19,Student,6,5194,4.5016084
19,Student,7,5201,4.497417
19,Student,8,5101,4.4938855
19,Student,9,5052,4.4934783
19,Student,10,5427,4.492216
20,Student,1,5306,4.760094
20,Student,2,5300,4.750079
20,Student,3,5303,4.7469635
20,Student,4,5302,4.737854
20,Student,5,5298,4.7210636
20,Student,6,5194,4.5004005
20,Student,7,5201,4.4967246
20,Student,8,5427,4.493104
20,Student,9,5052,4.492476
20,Student,10,5203,4.49123
21,Student,1,5306,4.757309
21,Student,2,5300,4.747102
21,Student,3,5303,4.744409
21,Student,4,5302,4.735193
21,Student,5,5298,4.718356
21,Student,6,5194,4.499094
21,Student,7,5201,4.495613
21,Student,8,5052,4.4902134
21,Student,9,5203,4.4900723
21,Student,10,5427,4.48983
22,Student,1,5306,4.7572026
22,Student,2,5300,4.7469664
22,Student,3,5303,4.7443275
22,Student,4,5302,4.735114
22,Student,5,5298,4.7182903
22,Student,6,5194,4.498578
22,Student,7,5201,4.495283
22,Student,8,5427,4.4897776
22,Student,9,5203,4.489744
22,Student,10,5052,4.489544
23,Student,1,5306,4.76035
23,Student,2,5300,4.7503166
23,Student,3,5303,4.7472134
23,Student,4,5302,4.738124
23,Student,5,5298,4.7213197
23,Student,6,5194,4.500083
23,Student,7,5201,4.4965305
23,Student,8,5427,4.493386
23,Student,9,5052,4.4923153
23,Student,10,5101,4.4923115
24,Student,1,5306,4.758573
24,Student,2,5300,4.7484617
24,Student,3,5303,4.745574
24,Student,4,5302,4.73642
24,Student,5,5298,4.719558
24,Student,6,5194,4.4996653
24,Student,7,5201,4.49603
24,Student,8,5427,4.491167
24,Student,9,5052,4.4909964
24,Student,10,5203,4.4905066
25,Student,1,5306,4.759019
25,Student,2,5300,4.7488565
25,Student,3,5303,4.7460127
25,Student,4,5302,4.73689
25,Student,5,5298,4.720034
25,Student,6,5194,4.498885
25,Student,7,5201,4.495593
25,Student,8,5427,4.4917774
25,Student,9,5052,4.4905987
25,Student,10,5101,4.490363
26,Student,1,5306,4.757102
26,Student,2,5300,4.746942
26,Student,3,5303,4.7441993
26,Student,4,5302,4.7349834
26,Student,5,5298,4.718065
26,Student,6,5194,4.4997735
26,Student,7,5201,4.495912
26,Student,8,5101,4.4906797
26,Student,9,5052,4.4905763
26,Student,10,5203,4.4903383
27,Student,1,5306,4.7583447
27,Student,2,5300,4.748126
27,Student,3,5303,4.74541
27,Student,4,5302,4.7362623
27,Student,5,5298,4.719446
27,Student,6,5194,4.4981055
27,Student,7,5201,4.4950705
27,Student,8,5427,4.4911733
27,Student,9,5203,4.489593
27,Student,10,5101,4.488385
28,Student,1,5306,4.759893
28,Student,2,5300,4.7497993
28,Student,3,5303,4.7468076
28,Student,4,5302,4.7377005
28,Student,5,5298,4.7209272
28,Student,6,5194,4.499387
28,Student,7,5201,4.496091
28,Student,8,5427,4.493002
28,Student,9,5052,4.491452
28,Student,10,5101,4.4909954
29,Student,1,5306,4.7601466
29,Student,2,5300,4.750011
29,Student,3,5303,4.747042
29,Student,4,5302,4.7379456
29,Student,5,5298,4.721154
29,Student,6,5194,4.499239
29,Student,7,5201,4.49604
29,Student,8,5427,4.493294
29,Student,9,5101,4.492069
29,Student,10,5203,4.4906588
30,Student,1,5306,4.758753
30,Student,2,5300,4.7485943
30,Student,3,5303,4.7457128
30,Student,4,5302,4.736512
30,Student,5,5298,4.7198076
30,Student,6,5194,4.4998374
30,Student,7,5201,4.496442
30,Student,8,5052,4.492447
30,Student,9,5101,4.4922905
30,Student,10,5427,4.491899
31,Student,1,5306,4.758738
31,Student,2,5300,4.7487154
31,Student,3,5303,4.74568
31,Student,4,5302,4.7365117
31,Student,5,5298,4.7196417
31,Student,6,5194,4.5010176
31,Student,7,5201,4.496911
31,Student,8,5101,4.493033
31,Student,9,5203,4.4913516
31,Student,10,5427,4.491276
32,Student,1,5306,4.759789
32,Student,2,5300,4.7497363
32,Student,3,5303,4.7466927
32,Student,4,5302,4.7375965
32,Student,5,5298,4.720705
32,Student,6,5194,4.5001106
32,Student,7,5201,4.4963865
32,Student,8,5427,4.4924726
32,Student,9,5101,4.492444
32,Student,10,5052,4.4920363
33,Student,1,5306,4.7577553
33,Student,2,5300,4.74755
33,Student,3,5303,4.744808
33,Student,4,5302,4.735587
33,Student,5,5298,4.718819
33,Student,6,5194,4.4993215
33,Student,7,5201,4.49592
33,Student,8,5052,4.491142
33,Student,9,5101,4.490806
33,Student,10,5427,4.490565
34,Student,1,5306,4.7590914
34,Student,2,5300,4.7489324
34,Student,3,5303,4.746051
34,Student,4,5302,4.736899
34,Student,5,5298,4.720105
34,Student,6,5194,4.4994373
34,Student,7,5201,4.496076
34,Student,8,5427,4.492038
34,Student,9,5101,4.49185
34,Student,10,5052,4.491815
35,Student,1,5306,4.7612567
35,Student,2,5300,4.7512937
35,Student,3,5303,4.74804
35,Student,4,5302,4.7389865
35,Student,5,5298,4.7221804
35,Student,6,5194,4.500668
35,Student,7,5201,4.496973
35,Student,8,5427,4.4943905
35,Student,9,5101,4.493554
35,Student,10,5052,4.493257
36,Student,1,5306,4.760881
36,Student,2,5300,4.7508364
36,Student,3,5303,4.747711
36,Student,4,5302,4.7386355
36,Student,5,5298,4.7218943
36,Student,6,5194,4.4998116
36,Student,7,5201,4.4964995
36,Student,8,5427,4.4942245
36,Student,9,5052,4.4924965
36,Student,10,5203,4.491079
37,Student,1,5306,4.7581716
37,Student,2,5300,4.748023
37,Student,3,5303,4.7451844
37,Student,4,5302,4.7359953
37,Student,5,5298,4.719155
37,Student,6,5194,4.4998407
37,Student,7,5201,4.496178
37,Student,8,5101,4.491725
37,Student,9,5052,4.4915776
37,Student,10,5427,4.4907866
38,Student,1,5306,4.759647
38,Student,2,5300,4.7495284
38,Student,3,5303,4.7466235
38,Student,4,5302,4.737563
38,Student,5,5298,4.7206473
38,Student,6,5194,4.4985323
38,Student,7,5201,4.495286
38,Student,8,5427,4.4923134
38,Student,9,5203,4.489827
38,Student,10,5052,4.4897103
39,Student,1,5306,4.7613225
39,Student,2,5300,4.7512817
39,Student,3,5303,4.748187
39,Student,4,5302,4.739211
39,Student,5,5298,4.7222958
39,Student,6,5194,4.4986534
39,Student,7,5201,4.495484
39,Student,8,5427,4.4942465
39,Student,9,5052,4.4902697
39,Student,10,5203,4.4900784
40,Student,1,5306,4.758293
40,Student,2,5300,4.748147
40,Student,3,5303,4.7453084
40,Student,4,5302,4.7361236
40,Student,5,5298,4.7193213
40,Student,6,5194,4.499563
40,Student,7,5201,4.496043
40,Student,8,5052,4.491153
40,Student,9,5427,4.4910455
40,Student,10,5101,4.4908495
41,Student,1,5306,4.7582417
41,Student,2,5300,4.748129
41,Student,3,5303,4.7452445
41,Student,4,5302,4.736058
41,Student,5,5298,4.7192135
41,Student,6,5194,4.500108
41,Student,7,5201,4.496333
41,Student,8,5101,4.491766
41,Student,9,5052,4.491657
41,Student,10,5427,4.490828
42,Student,1,5306,4.7569866
42,Student,2,5300,4.7467866
42,Student,3,5303,4.744108
42,Student,4,5302,4.7348857
42,Student,5,5298,4.7180104
42,Student,6,5194,4.4992223
42,Student,7,5201,4.4956064
42,Student,8,5203,4.490041
42,Student,9,5052,4.490019
42,Student,10,5101,4.489702
43,Student,1,5306,4.759897
43,Student,2,5300,4.7498426
43,Student,3,5303,4.7468195
43,Student,4,5302,4.737743
43,Student,5,5298,4.7208595
43,Student,6,5194,4.499547
43,Student,7,5201,4.496011
43,Student,8,5427,4.4926324
43,Student,9,5052,4.491038
43,Student,10,5101,4.490885
44,Student,1,5306,4.7589846
44,Student,2,5300,4.748843
44,Student,3,5303,4.7459407
44,Student,4,5302,4.7367783
44,Student,5,5298,4.719983
44,Student,6,5194,4.4997525
44,Student,7,5201,4.4962654
44,Student,8,5101,4.492214
44,Student,9,5427,4.491884
44,Student,10,5203,4.4908104
45,Student,1,5306,4.758639
45,Student,2,5300,4.7485895
45,Student,3,5303,4.7455873
45,Student,4,5302,4.736408
45,Student,5,5298,4.7195573
45,Student,6,5194,4.500891
45,Student,7,5201,4.4968634
45,Student,8,5101,4.493131
45,Student,9,5052,4.492652
45,Student,10,5203,4.491321
46,Student,1,5306,4.757845
46,Student,2,5300,4.747768
46,Student,3,5303,4.744898
46,Student,4,5302,4.73571
46,Student,5,5298,4.718872
46,Student,6,5194,4.499804
46,Student,7,5201,4.496037
46,Student,8,5203,4.4904037
46,Student,9,5427,4.490348
46,Student,10,5052,4.4901757
47,Student,1,5306,4.7595444
47,Student,2,5300,4.749437
47,Student,3,5303,4.746483
47,Student,4,5302,4.7373734
47,Student,5,5298,4.720532
47,Student,6,5194,4.4994526
47,Student,7,5201,4.496019
47,Student,8,5427,4.492389
47,Student,9,5052,4.4913993
47,Student,10,5101,4.4913387
48,Student,1,5306,4.7600384
48,Student,2,5300,4.7500243
48,Student,3,5303,4.746909
48,Student,4,5302,4.7378025
48,Student,5,5298,4.7209797
48,Student,6,5194,4.5005016
48,Student,7,5201,4.4967465
48,Student,8,5427,4.49294
48,Student,9,5052,4.4925723
48,Student,10,5203,4.4912567
49,Student,1,5306,4.7601166
49,Student,2,5300,4.7501173
49,Student,3,5303,4.7469335
49,Student,4,5302,4.7377744
49,Student,5,5298,4.7210712
49,Student,6,5194,4.501409
49,Student,7,5201,4.497548
49,Student,8,5101,4.494941
49,Student,9,5052,4.494503
49,Student,10,5427,4.493374
50,Student,1,5306,4.758421
50,Student,2,5300,4.7483196
50,Student,3,5303,4.745394
50,Student,4,5302,4.7361884
50,Student,5,5298,4.7194242
50,Student,6,5194,4.5003963
50,Student,7,5201,4.4966545
50,Student,8,5052,4.4923415
50,Student,9,5101,4.4922996
50,Student,10,5427,4.4912677
51,Student,1,5306,4.7604017
51,Student,2,5300,4.7502947
51,Student,3,5303,4.7472878
51,Student,4,5302,4.7381897
51,Student,5,5298,4.7214966
51,Student,6,5194,4.499061
51,Student,7,5201,4.496033
51,Student,8,5427,4.493885
51,Student,9,5052,4.491539
51,Student,10,5101,4.4907155
52,Student,1,5306,4.762137
52,Student,2,5300,4.752224
52,Student,3,5303,4.748814
52,Student,4,5302,4.739764
52,Student,5,5298,4.7230043
52,Student,6,5194,4.5016937
52,Student,7,5201,4.4978147
52,Student,8,5101,4.4965353
52,Student,9,5427,4.4955263
52,Student,10,5052,4.4954896
53,Student,1,5306,4.7611914
53,Student,2,5300,4.7512527
53,Student,3,5303,4.7479706
53,Student,4,5302,4.738927
53,Student,5,5298,4.722044
53,Student,6,5194,4.5010505
53,Student,7,5201,4.4971094
53,Student,8,5101,4.4943056
53,Student,9,5427,4.4940677
53,Student,10,5052,4.4935064
54,Student,1,5306,4.7618
54,Student,2,5300,4.751795
54,Student,3,5303,4.748604
54,Student,4,5302,4.739629
54,Student,5,5298,4.722738
54,Student,6,5194,4.499318
54,Student,7,5201,4.4960065
54,Student,8,5427,4.494839
54,Student,9,5101,4.4915214
54,Student,10,5052,4.491514
55,Student,1,5306,4.7602706
55,Student,2,5300,4.7501497
55,Student,3,5303,4.7471743
55,Student,4,5302,4.738095
55,Student,5,5298,4.721309
55,Student,6,5194,4.498932
55,Student,7,5201,4.495823
55,Student,8,5427,4.493455
55,Student,9,5052,4.49127
55,Student,10,5101,4.4908657
56,Student,1,5306,4.7601056
56,Student,2,5300,4.750025
56,Student,3,5303,4.746951
56,Student,4,5302,4.7378097
56,Student,5,5298,4.721078
56,Student,6,5194,4.500517
56,Student,7,5201,4.4969616
56,Student,8,5101,4.49431
56,Student,9,5427,4.493348
56,Student,10,5203,4.4915504
57,Student,1,5306,4.7587204
57,Student,2,5300,4.748522
57,Student,3,5303,4.7457285
57,Student,4,5302,4.736553
57,Student,5,5298,4.719853
57,Student,6,5194,4.498691
57,Student,7,5201,4.4956656
57,Student,8,5427,4.4919434
57,Student,9,5052,4.490695
57,Student,10,5203,4.490201
58,Student,1,5306,4.7573514
58,Student,2,5300,4.7471495
58,Student,3,5303,4.744458
58,Student,4,5302,4.735244
58,Student,5,5298,4.718443
58,Student,6,5194,4.49885
58,Student,7,5201,4.495487
58,Student,8,5427,4.489988
58,Student,9,5203,4.4899244
58,Student,10,5052,4.4897346
59,Student,1,5306,4.7599645
59,Student,2,5300,4.7499337
59,Student,3,5303,4.7468243
59,Student,4,5302,4.737692
59,Student,5,5298,4.72092
59,Student,6,5194,4.500701
59,Student,7,5201,4.4969664
59,Student,8,5052,4.4932528
59,Student,9,5427,4.493017
59,Student,10,5203,4.4914923
60,Student,1,5306,4.757889
60,Student,2,5300,4.7476687
60,Student,3,5303,4.744957
60,Student,4,5302,4.735764
60,Student,5,5298,4.7189665
60,Student,6,5194,4.4987497
60,Student,7,5201,4.4955063
60,Student,8,5427,4.4906607
60,Student,9,5052,4.49028
60,Student,10,5203,4.490013
61,Student,1,5306,4.7614794
61,Student,2,5300,4.7514753
61,Student,3,5303,4.7482996
61,Student,4,5302,4.739295
61,Student,5,5298,4.722452
61,Student,6,5194,4.499423
61,Student,7,5201,4.496109
61,Student,8,5427,4.4946012
61,Student,9,5052,4.491495
61,Student,10,5203,4.4906898
62,Student,1,5306,4.758157
62,Student,2,5300,4.748001
62,Student,3,5303,4.7452154
62,Student,4,5302,4.7360573
62,Student,5,5298,4.7192073
62,Student,6,5194,4.498865
62,Student,7,5201,4.495476
62,Student,8,5427,4.490758
62,Student,9,5203,4.489934
62,Student,10,5052,4.489711
63,Student,1,5306,4.7595897
63,Student,2,5300,4.749507
63,Student,3,5303,4.7465167
63,Student,4,5302,4.7373796
63,Student,5,5298,4.7206573
63,Student,6,5194,4.4995832
63,Student,7,5201,4.4962506
63,Student,8,5427,4.492779
63,Student,9,5052,4.4915023
63,Student,10,5203,4.4907494
64,Student,1,5306,4.7603254
64,Student,2,5300,4.7502704
64,Student,3,5303,4.7471833
64,Student,4,5302,4.7380857
64,Student,5,5298,4.7212887
64,Student,6,5194,4.5001183
64,Student,7,5201,4.496587
64,Student,8,5427,4.4933963
64,Student,9,5101,4.4929256
64,Student,10,5052,4.492708
65,Student,1,5306,4.759322
65,Student,2,5300,4.7492228
65,Student,3,5303,4.746267
65,Student,4,5302,4.737118
65,Student,5,5298,4.7203903
65,Student,6,5194,4.4995522
65,Student,7,5201,4.4962077
65,Student,8,5427,4.4924583
65,Student,9,5052,4.491436
65,Student,10,5203,4.4907045
66,Student,1,5306,4.7594914
66,Student,2,5300,4.7494326
66,Student,3,5303,4.7463927
66,Student,4,5302,4.7372475
66,Student,5,5298,4.7204514
66,Student,6,5194,4.500474
66,Student,7,5201,4.4967484
66,Student,8,5101,4.4930096
66,Student,9,5427,4.492409
66,Student,10,5203,4.4912634
67,Student,1,5306,4.7604566
67,Student,2,5300,4.750458
67,Student,3,5303,4.7473435
67,Student,4,5302,4.7382717
67,Student,5,5298,4.7215204
67,Student,6,5194,4.4994917
67,Student,7,5201,4.4961534
67,Student,8,5427,4.4936504
67,Student,9,5052,4.4907837
67,Student,10,5203,4.490618
68,Student,1,5306,4.755684
68,Student,2,5300,4.745452
68,Student,3,5303,4.742848
68,Student,4,5302,4.733508
68,Student,5,5298,4.71674
68,Student,6,5194,4.5001135
68,Student,7,5201,4.4962673
68,Student,8,5052,4.491354
68,Student,9,5101,4.4912033
68,Student,10,5203,4.490649
69,Student,1,5306,4.756935
69,Student,2,5300,4.7467203
69,Student,3,5303,4.744048
69,Student,4,5302,4.734803
69,Student,5,5298,4.7179813
69,Student,6,5194,4.499351
69,Student,7,5201,4.4957814
69,Student,8,5052,4.490537
69,Student,9,5203,4.4902263
69,Student,10,5101,4.490225
70,Student,1,5306,4.762387
70,Student,2,5300,4.7524853
70,Student,3,5303,4.7490396
70,Student,4,5302,4.7399707
70,Student,5,5298,4.7233386
70,Student,6,5194,4.501702
70,Student,7,5201,4.4980097
70,Student,8,5427,4.4961953
70,Student,9,5101,4.4961405
70,Student,10,5052,4.495745
71,Student,1,5306,4.762693
71,Student,2,5300,4.752822
71,Student,3,5303,4.749344
71,Student,4,5302,4.740325
71,Student,5,5298,4.723591
71,Student,6,5194,4.501548
71,Student,7,5201,4.4977627
71,Student,8,5427,4.4962263
71,Student,9,5101,4.4956174
71,Student,10,5052,4.495063
72,Student,1,5306,4.760169
72,Student,2,5300,4.7500253
72,Student,3,5303,4.747085
72,Student,4,5302,4.738019
72,Student,5,5298,4.721156
72,Student,6,5194,4.498824
72,Student,7,5201,4.4956574
72,Student,8,5427,4.4931207
72,Student,9,5101,4.491287
72,Student,10,5052,4.491212
73,Student,1,5306,4.760393
73,Student,2,5300,4.750358
73,Student,3,5303,4.747252
73,Student,4,5302,4.738173
73,Student,5,5298,4.721325
73,Student,6,5194,4.500151
73,Student,7,5201,4.4965253
73,Student,8,5427,4.493303
73,Student,9,5101,4.492788
73,Student,10,5203,4.4910836
74,Student,1,5306,4.7593155
74,Student,2,5300,4.7492237
74,Student,3,5303,4.74627
74,Student,4,5302,4.7371373
74,Student,5,5298,4.72036
74,Student,6,5194,4.4994626
74,Student,7,5201,4.496068
74,Student,8,5427,4.4922957
74,Student,9,5203,4.4905586
74,Student,10,5101,4.4904146
75,Student,1,5306,4.7606153
75,Student,2,5300,4.750477
75,Student,3,5303,4.7475557
75,Student,4,5302,4.7385616
75,Student,5,5298,4.721636
75,Student,6,5194,4.49773
75,Student,7,5201,4.494814
75,Student,8,5427,4.493505
75,Student,9,5203,4.4894495
75,Student,10,5052,4.4892054
76,Student,1,5306,4.7591906
76,Student,2,5300,4.7491417
76,Student,3,5303,4.746102
76,Student,4,5302,4.7369285
76,Student,5,5298,4.720168
76,Student,6,5194,4.500733
76,Student,7,5201,4.496934
76,Student,8,5101,4.493046
76,Student,9,5052,4.4929447
76,Student,10,5427,4.4921484
77,Student,1,5306,4.76013
77,Student,2,5300,4.750115
77,Student,3,5303,4.7469826
77,Student,4,5302,4.7378764
77,Student,5,5298,4.72103
77,Student,6,5194,4.500768
77,Student,7,5201,4.496916
77,Student,8,5101,4.4938197
77,Student,9,5052,4.4931846
77,Student,10,5427,4.492979
78,Student,1,5306,4.7604976
78,Student,2,5300,4.750434
78,Student,3,5303,4.7473674
78,Student,4,5302,4.7382965
78,Student,5,5298,4.721485
78,Student,6,5194,4.499575
78,Student,7,5201,4.496211
78,Student,8,5427,4.4935756
78,Student,9,5052,4.4918613
78,Student,10,5101,4.491752
79,Student,1,5306,4.760544
79,Student,2,5300,4.750524
79,Student,3,5303,4.747387
79,Student,4,5302,4.7383065
79,Student,5,5298,4.721487
79,Student,6,5194,4.500277
79,Student,7,5201,4.4966555
79,Student,8,5427,4.493555
79,Student,9,5101,4.4928913
79,Student,10,5203,4.491208
80,Student,1,5306,4.7573876
80,Student,2,5300,4.747173
80,Student,3,5303,4.744503
80,Student,4,5302,4.7353287
80,Student,5,5298,4.718382
80,Student,6,5194,4.4987288
80,Student,7,5201,4.4952216
80,Student,8,5203,4.4897027
80,Student,9,5427,4.4896054
80,Student,10,5052,4.4895024
81,Student,1,5306,4.763623
81,Student,2,5300,4.753706
81,Student,3,5303,4.750241
81,Student,4,5302,4.741272
81,Student,5,5298,4.7245793
81,Student,6,5194,4.500584
81,Student,7,5427,4.497517
81,Student,8,5201,4.4972963
81,Student,9,5101,4.4949265
81,Student,10,5052,4.4946613
82,Student,1,5306,4.757686
82,Student,2,5300,4.7476697
82,Student,3,5303,4.7446814
82,Student,4,5302,4.7354417
82,Student,5,5298,4.7186284
82,Student,6,5194,4.5014515
82,Student,7,5201,4.4971695
82,Student,8,5052,4.492573
82,Student,9,5203,4.4915195
82,Student,10,5427,4.490209
83,Student,1,5306,4.759964
83,Student,2,5300,4.7499104
83,Student,3,5303,4.746802
83,Student,4,5302,4.7376394
83,Student,5,5298,4.720931
83,Student,6,5194,4.5009804
83,Student,7,5201,4.4972754
83,Student,8,5101,4.494804
83,Student,9,5052,4.4942865
83,Student,10,5427,4.4932203
84,Student,1,5306,4.759304
84,Student,2,5300,4.749254
84,Student,3,5303,4.7462125
84,Student,4,5302,4.737067
84,Student,5,5298,4.720215
84,Student,6,5194,4.500716
84,Student,7,5201,4.496814
84,Student,8,5101,4.493486
84,Student,9,5052,4.4928813
84,Student,10,5427,4.492013
85,Student,1,5306,4.7596564
85,Student,2,5300,4.749649
85,Student,3,5303,4.7465105
85,Student,4,5302,4.7373457
85,Student,5,5298,4.7205906
85,Student,6,5194,4.501353
85,Student,7,5201,4.4973927
85,Student,8,5101,4.4945107
85,Student,9,5427,4.492684
85,Student,10,5203,4.4918885
86,Student,1,5306,4.758388
86,Student,2,5300,4.7481775
86,Student,3,5303,4.745443
86,Student,4,5302,4.7362843
86,Student,5,5298,4.719503
86,Student,6,5194,4.498266
86,Student,7,5201,4.4952273
86,Student,8,5427,4.491317
86,Student,9,5203,4.4897437
86,Student,10,5214,4.4852533
87,Student,1,5306,4.7616615
87,Student,2,5300,4.7516823
87,Student,3,5303,4.74847
87,Student,4,5302,4.7394986
87,Student,5,5298,4.7225485
87,Student,6,5194,4.4996467
87,Student,7,5201,4.4961133
87,Student,8,5427,4.4944644
87,Student,9,5203,4.490708
87,Student,10,5214,4.486439
88,Student,1,5306,4.7546296
88,Student,2,5300,4.7443237
88,Student,3,5303,4.741902
88,Student,4,5302,4.73254
88,Student,5,5298,4.7157264
88,Student,6,5194,4.4992466
88,Student,7,5201,4.495541
88,Student,8,5203,4.489894
88,Student,9,5052,4.4896946
88,Student,10,5101,4.489171
89,Student,1,5306,4.7605677
89,Student,2,5300,4.7505717
89,Student,3,5303,4.7473936
89,Student,4,5302,4.7382994
89,Student,5,5298,4.7215123
89,Student,6,5194,4.500655
89,Student,7,5201,4.496945
89,Student,8,5427,4.493657
89,Student,9,5101,4.49335
89,Student,10,5052,4.4931383
90,Student,1,5306,4.758096
90,Student,2,5300,4.7480574
90,Student,3,5303,4.7450547
90,Student,4,5302,4.7358303
90,Student,5,5298,4.7189946
90,Student,6,5194,4.5015373
90,Student,7,5201,4.4972734
90,Student,8,5101,4.494138
90,Student,9,5052,4.493396
90,Student,10,5203,4.491699
91,Student,1,5306,4.7632494
91,Student,2,5300,4.7533245
91,Student,3,5303,4.749898
91,Student,4,5302,4.74093
91,Student,5,5298,4.7241654
91,Student,6,5194,4.500566
91,Student,7,5201,4.4971485
91,Student,8,5427,4.4968557
91,Student,9,5101,4.4948235
91,Student,10,5052,4.4943123
92,Student,1,5306,4.758047
92,Student,2,5300,4.7479486
92,Student,3,5303,4.745046
92,Student,4,5302,4.735823
92,Student,5,5298,4.71906
92,Student,6,5194,4.5004444
92,Student,7,5201,4.496643
92,Student,8,5052,4.4920893
92,Student,9,5203,4.491073
92,Student,10,5427,4.4908247
93,Student,1,5306,4.759717
93,Student,2,5300,4.7495756
93,Student,3,5303,4.746688
93,Student,4,5302,4.737601
93,Student,5,5298,4.720814
93,Student,6,5194,4.4982967
93,Student,7,5201,4.4953146
93,Student,8,5427,4.492833
93,Student,9,5203,4.489866
93,Student,10,5052,4.489796
94,Student,1,5306,4.759436
94,Student,2,5300,4.7493324
94,Student,3,5303,4.7463713
94,Student,4,5302,4.737258
94,Student,5,5298,4.720376
94,Student,6,5194,4.4997654
94,Student,7,5201,4.496169
94,Student,8,5427,4.4921293
94,Student,9,5203,4.4907217
94,Student,10,5214,4.486479
95,Student,1,5306,4.759414
95,Student,2,5300,4.7492037
95,Student,3,5303,4.746383
95,Student,4,5302,4.7372437
95,Student,5,5298,4.720547
95,Student,6,5194,4.4983997
95,Student,7,5201,4.4955397
95,Student,8,5427,4.492823
95,Student,9,5203,4.4901533
95,Student,10,5101,4.4900193
96,Student,1,5306,4.7584233
96,Student,2,5300,4.748284
96,Student,3,5303,4.7454033
96,Student,4,5302,4.736199
96,Student,5,5298,4.7194357
96,Student,6,5194,4.5000963
96,Student,7,5201,4.4964848
96,Student,8,5101,4.49236
96,Student,9,5052,4.4923058
96,Student,10,5427,4.491307
97,Student,1,5306,4.7548103
97,Student,2,5300,4.744654
97,Student,3,5303,4.74201
97,Student,4,5302,4.7326417
97,Student,5,5298,4.715775
97,Student,6,5194,4.5011315
97,Student,7,5201,4.496688
97,Student,8,5101,4.4916925
97,Student,9,5052,4.49144
97,Student,10,5203,4.4909644
98,Student,1,5306,4.7598534
98,Student,2,5300,4.74987
98,Student,3,5303,4.746726
98,Student,4,5302,4.737611
98,Student,5,5298,4.7207665
98,Student,6,5194,4.5008965
98,Student,7,5201,4.496944
98,Student,8,5101,4.4930334
98,Student,9,5052,4.4927416
98,Student,10,5427,4.4926343
99,Student,1,5306,4.761481
99,Student,2,5300,4.751465
99,Student,3,5303,4.7482395
99,Student,4,5302,4.7391644
99,Student,5,5298,4.722462
99,Student,6,5194,4.5004716
99,Student,7,5201,4.49706
99,Student,8,5427,4.4950194
99,Student,9,5101,4.494241
99,Student,10,5052,4.4940004
504,Student,1,5306,4.758931
504,Student,2,5300,4.7489023
504,Student,3,5303,4.745844
504,Student,4,5302,4.7366457
504,Student,5,5298,4.719905
504,Student,6,5194,4.5011525
504,Student,7,5201,4.4972086
504,Student,8,5101,4.4934373
504,Student,9,5052,4.493318
504,Student,10,5427,4.491887
508,Student,1,5306,4.7587276
508,Student,2,5300,4.7486024
508,Student,3,5303,4.745689
508,Student,4,5302,4.736501
508,Student,5,5298,4.719739
508,Student,6,5194,4.5000706
508,Student,7,5201,4.496488
508,Student,8,5101,4.4923224
508,Student,9,5427,4.491659
508,Student,10,5203,4.4909973
517,Student,1,5306,4.7586746
517,Student,2,5300,4.7485046
517,Student,3,5303,4.7456775
517,Student,4,5302,4.7365303
517,Student,5,5298,4.719666
517,Student,6,5194,4.499214
517,Student,7,5201,4.4957833
517,Student,8,5427,4.4913406
517,Student,9,5101,4.4911284
517,Student,10,5203,4.490327
525,Student,1,5306,4.7622733
525,Student,2,5300,4.7523317
525,Student,3,5303,4.7489614
525,Student,4,5302,4.739915
525,Student,5,5298,4.7232237
525,Student,6,5194,4.5010433
525,Student,7,5201,4.4974923
525,Student,8,5427,4.495923
525,Student,9,5101,4.4951468
525,Student,10,5052,4.49478
527,Student,1,5306,4.7592735
527,Student,2,5300,4.7492375
527,Student,3,5303,4.7462206
527,Student,4,5302,4.7371006
527,Student,5,5298,4.7202425
527,Student,6,5194,4.5000243
527,Student,7,5201,4.496292
527,Student,8,5427,4.491949
527,Student,9,5052,4.4912004
527,Student,10,5101,4.490929
528,Student,1,5306,4.7591333
528,Student,2,5300,4.7489667
528,Student,3,5303,4.7461276
528,Student,4,5302,4.7369967
528,Student,5,5298,4.720231
528,Student,6,5194,4.4985657
528,Student,7,5201,4.4955034
528,Student,8,5427,4.492209
528,Student,9,5052,4.4902544
528,Student,10,5203,4.490039
535,Student,1,5306,4.7564387
535,Student,2,5300,4.746259
535,Student,3,5303,4.7435665
535,Student,4,5302,4.7342978
535,Student,5,5298,4.7174253
535,Student,6,5194,4.500041
535,Student,7,5201,4.496109
535,Student,8,5101,4.4909773
535,Student,9,5203,4.4905057
535,Student,10,5427,4.4886665
536,Student,1,5306,4.7621813
536,Student,2,5300,4.7522645
536,Student,3,5303,4.7488575
536,Student,4,5302,4.7397995
536,Student,5,5298,4.723098
536,Student,6,5194,4.50154
536,Student,7,5201,4.4977927
536,Student,8,5101,4.495986
536,Student,9,5427,4.4957542
536,Student,10,5052,4.4953456
549,Student,1,5306,4.7607903
549,Student,2,5300,4.750844
549,Student,3,5303,4.7475758
549,Student,4,5302,4.7384872
549,Student,5,5298,4.721661
549,Student,6,5194,4.501417
549,Student,7,5201,4.4974103
549,Student,8,5052,4.494127
549,Student,9,5427,4.4937687
549,Student,10,5203,4.491945
550,Student,1,5306,4.759135
550,Student,2,5300,4.749125
550,Student,3,5303,4.746049
550,Student,4,5302,4.7368865
550,Student,5,5298,4.7200775
550,Student,6,5194,4.500972
550,Student,7,5201,4.49699
550,Student,8,5101,4.49287
550,Student,9,5052,4.4927197
550,Student,10,5427,4.49191
551,Student,1,5306,4.7624574
551,Student,2,5300,4.7526155
551,Student,3,5303,4.7491097
551,Student,4,5302,4.740085
551,Student,5,5298,4.7232947
551,Student,6,5194,4.5020576
551,Student,7,5201,4.497994
551,Student,8,5101,4.4963737
551,Student,9,5427,4.495763
551,Student,10,5052,4.495405
558,Student,1,5306,4.75595
558,Student,2,5300,4.745672
558,Student,3,5303,4.743127
558,Student,4,5302,4.7338395
558,Student,5,5298,4.716961
558,Student,6,5194,4.499371
558,Student,7,5201,4.4956703
558,Student,8,5101,4.490814
558,Student,9,5052,4.490589
558,Student,10,5203,4.490124
559,Student,1,5306,4.7579
559,Student,2,5300,4.747704
559,Student,3,5303,4.744982
559,Student,4,5302,4.735819
559,Student,5,5298,4.7189355
559,Student,6,5194,4.498654
559,Student,7,5201,4.495294
559,Student,8,5427,4.490391
559,Student,9,5203,4.489781
559,Student,10,5052,4.489617
568,Student,1,5306,4.759454
568,Student,2,5300,4.749378
568,Student,3,5303,4.7463484
568,Student,4,5302,4.737178
568,Student,5,5298,4.720456
568,Student,6,5194,4.5005054
568,Student,7,5201,4.4968834
568,Student,8,5101,4.4932146
568,Student,9,5427,4.4925976
568,Student,10,5203,4.4914036
574,Student,1,5306,4.75725
574,Student,2,5300,4.7470922
574,Student,3,5303,4.7443333
574,Student,4,5302,4.735107
574,Student,5,5298,4.718261
574,Student,6,5194,4.499757
574,Student,7,5201,4.4960117
574,Student,8,5052,4.490737
574,Student,9,5101,4.490502
574,Student,10,5203,4.490432
583,Student,1,5306,4.757362
583,Student,2,5300,4.7470703
583,Student,3,5303,4.7444715
583,Student,4,5302,4.7352295
583,Student,5,5298,4.718539
583,Student,6,5194,4.4982667
583,Student,7,5201,4.495312
583,Student,8,5427,4.49045
583,Student,9,5052,4.490057
583,Student,10,5203,4.489832
584,Student,1,5306,4.760378
584,Student,2,5300,4.7503905
584,Student,3,5303,4.747224
584,Student,4,5302,4.7381334
584,Student,5,5298,4.721307
584,Student,6,5194,4.500623
584,Student,7,5201,4.4968367
584,Student,8,5427,4.493306
584,Student,9,5101,4.492912
584,Student,10,5052,4.492714
585,Student,1,5306,4.7602124
585,Student,2,5300,4.7500944
585,Student,3,5303,4.747126
585,Student,4,5302,4.738067
585,Student,5,5298,4.7211943
585,Student,6,5194,4.498926
585,Student,7,5201,4.4956913
585,Student,8,5427,4.4931116
585,Student,9,5052,4.49105
585,Student,10,5203,4.4902935
588,Student,1,5306,4.76084
588,Student,2,5300,4.7508783
588,Student,3,5303,4.7476673
588,Student,4,5302,4.7386146
588,Student,5,5298,4.721764
588,Student,6,5194,4.500448
588,Student,7,5201,4.496706
588,Student,8,5427,4.493764
588,Student,9,5101,4.4924226
588,Student,10,5052,4.4923496
590,Student,1,5306,4.7570076
590,Student,2,5300,4.7468576
590,Student,3,5303,4.7441063
590,Student,4,5302,4.734888
590,Student,5,5298,4.717951
590,Student,6,5194,4.499953
590,Student,7,5201,4.495994
590,Student,8,5052,4.490672
590,Student,9,5203,4.4904118
590,Student,10,5427,4.489126
597,Student,1,5306,4.7609015
597,Student,2,5300,4.7508817
597,Student,3,5303,4.747711
597,Student,4,5302,4.7386365
597,Student,5,5298,4.721842
597,Student,6,5194,4.500388
597,Student,7,5201,4.4968104
597,Student,8,5427,4.4940543
597,Student,9,5052,4.4932384
597,Student,10,5203,4.4913955
598,Student,1,5306,4.762596
598,Student,2,5300,4.7526793
598,Student,3,5303,4.749296
598,Student,4,5302,4.740317
598,Student,5,5298,4.723493
598,Student,6,5194,4.500594
598,Student,7,5201,4.4970016
598,Student,8,5427,4.4958906
598,Student,9,5101,4.493987
598,Student,10,5052,4.4935546
608,Student,1,5306,4.760137
608,Student,2,5300,4.75015
608,Student,3,5303,4.747005
608,Student,4,5302,4.737933
608,Student,5,5298,4.7209897
608,Student,6,5194,4.500672
608,Student,7,5201,4.496688
608,Student,8,5101,4.4931574
608,Student,9,5427,4.492681
608,Student,10,5203,4.491204
614,Student,1,5306,4.7574825
614,Student,2,5300,4.747324
614,Student,3,5303,4.744582
614,Student,4,5302,4.7353973
614,Student,5,5298,4.718504
614,Student,6,5194,4.499111
614,Student,7,5201,4.495517
614,Student,8,5203,4.4899397
614,Student,9,5427,4.489827
614,Student,10,5214,4.485742
622,Student,1,5306,4.75968
622,Student,2,5300,4.749671
622,Student,3,5303,4.746561
622,Student,4,5302,4.7374334
622,Student,5,5298,4.7205896
622,Student,6,5194,4.5008783
622,Student,7,5201,4.49694
622,Student,8,5101,4.4933815
622,Student,9,5052,4.492921
622,Student,10,5427,4.4924517
624,Student,1,5306,4.7587156
624,Student,2,5300,4.748575
624,Student,3,5303,4.7457037
624,Student,4,5302,4.736542
624,Student,5,5298,4.7197323
624,Student,6,5194,4.499504
624,Student,7,5201,4.496036
624,Student,8,5427,4.4915233
624,Student,9,5101,4.4911165
624,Student,10,5203,4.490547
627,Student,1,5306,4.7619724
627,Student,2,5300,4.7520704
627,Student,3,5303,4.7487
627,Student,4,5302,4.739672
627,Student,5,5298,4.7228985
627,Student,6,5194,4.5009656
627,Student,7,5201,4.497246
627,Student,8,5427,4.495284
627,Student,9,5101,4.493748
627,Student,10,5052,4.4936247
628,Student,1,5306,4.757942
628,Student,2,5300,4.747838
628,Student,3,5303,4.7449584
628,Student,4,5302,4.7357464
628,Student,5,5298,4.718939
628,Student,6,5194,4.500277
628,Student,7,5201,4.4964585
628,Student,8,5052,4.491662
628,Student,9,5203,4.490887
628,Student,10,5427,4.490575
630,Student,1,5306,4.754676
630,Student,2,5300,4.7443285
630,Student,3,5303,4.741952
630,Student,4,5302,4.732599
630,Student,5,5298,4.715766
630,Student,6,5194,4.498926
630,Student,7,5201,4.4953384
630,Student,8,5203,4.4897394
630,Student,9,5101,4.489376
630,Student,10,5427,4.4868307
635,Student,1,5306,4.760451
635,Student,2,5300,4.7504582
635,Student,3,5303,4.7472754
635,Student,4,5302,4.738177
635,Student,5,5298,4.721353
635,Student,6,5194,4.5009317
635,Student,7,5201,4.4970765
635,Student,8,5052,4.4935136
635,Student,9,5427,4.493407
635,Student,10,5203,4.4916162
639,Student,1,5306,4.7638564
639,Student,2,5300,4.753989
639,Student,3,5303,4.7504377
639,Student,4,5302,4.7414727
639,Student,5,5298,4.724767
639,Student,6,5194,4.501222
639,Student,7,5201,4.4977016
639,Student,8,5427,4.497695
639,Student,9,5101,4.4959745
639,Student,10,5052,4.495402
649,Student,1,5306,4.762188
649,Student,2,5300,4.7521887
649,Student,3,5303,4.7489405
649,Student,4,5302,4.739954
649,Student,5,5298,4.7231193
649,Student,6,5194,4.499774
649,Student,7,5201,4.4964476
649,Student,8,5427,4.4954596
649,Student,9,5101,4.4931016
649,Student,10,5052,4.492773
652,Student,1,5306,4.761722
652,Student,2,5300,4.7517447
652,Student,3,5303,4.748498
652,Student,4,5302,4.739484
652,Student,5,5298,4.722663
652,Student,6,5194,4.500073
652,Student,7,5201,4.4966
652,Student,8,5427,4.49492
652,Student,9,5101,4.49275
652,Student,10,5052,4.492638
654,Student,1,5306,4.762136
654,Student,2,5300,4.75222
654,Student,3,5303,4.7488327
654,Student,4,5302,4.7397776
654,Student,5,5298,4.7231016
654,Student,6,5194,4.501174
654,Student,7,5201,4.4975605
654,Student,8,5427,4.495782
654,Student,9,5101,4.494653
654,Student,10,5052,4.494563
660,Student,1,5306,4.7615175
660,Student,2,5300,4.751523
660,Student,3,5303,4.748294
660,Student,4,5302,4.7392445
660,Student,5,5298,4.7224984
660,Student,6,5194,4.5002003
660,Student,7,5201,4.496788
660,Student,8,5427,4.494916
660,Student,9,5052,4.49309
660,Student,10,5101,4.493048
663,Student,1,5306,4.7570257
663,Student,2,5300,4.746788
663,Student,3,5303,4.744164
663,Student,4,5302,4.7349467
663,Student,5,5298,4.7181044
663,Student,6,5194,4.498591
663,Student,7,5201,4.495248
663,Student,8,5203,4.4896994
663,Student,9,5427,4.489511
663,Student,10,5052,4.489406
674,Student,1,5306,4.7587833
674,Student,2,5300,4.7486877
674,Student,3,5303,4.74578
674,Student,4,5302,4.7366414
674,Student,5,5298,4.7197957
674,Student,6,5194,4.4994593
674,Student,7,5201,4.4959126
674,Student,8,5427,4.491457
674,Student,9,5052,4.4905405
674,Student,10,5203,4.4903736
675,Student,1,5306,4.76172
675,Student,2,5300,4.751768
675,Student,3,5303,4.748495
675,Student,4,5302,4.7394733
675,Student,5,5298,4.722691
675,Student,6,5194,4.5001655
675,Student,7,5201,4.496689
675,Student,8,5427,4.4950094
675,Student,9,5052,4.492492
675,Student,10,5101,4.4922314
687,Student,1,5306,4.7596083
687,Student,2,5300,4.7495236
687,Student,3,5303,4.7464986
687,Student,4,5302,4.7373447
687,Student,5,5298,4.7205935
687,Student,6,5194,4.500359
687,Student,7,5201,4.496768
687,Student,8,5101,4.493313
687,Student,9,5052,4.493081
687,Student,10,5427,4.492702
692,Student,1,5306,4.762744
692,Student,2,5300,4.7528634
692,Student,3,5303,4.749443
692,Student,4,5302,4.740478
692,Student,5,5298,4.723659
692,Student,6,5194,4.5005493
692,Student,7,5201,4.496953
692,Student,8,5427,4.4960494
692,Student,9,5101,4.493105
692,Student,10,5052,4.4930596
694,Student,1,5306,4.75874
694,Student,2,5300,4.74855
694,Student,3,5303,4.7457614
694,Student,4,5302,4.736621
694,Student,5,5298,4.7198095
694,Student,6,5194,4.498544
694,Student,7,5201,4.495411
694,Student,8,5427,4.491618
694,Student,9,5052,4.490152
694,Student,10,5203,4.489947
695,Student,1,5306,4.7638264
695,Student,2,5300,4.753953
695,Student,3,5303,4.7504244
695,Student,4,5302,4.741476
695,Student,5,5298,4.7247243
695,Student,6,5194,4.5009665
695,Student,7,5427,4.4975305
695,Student,8,5201,4.4974613
695,Student,9,5101,4.4954767
695,Student,10,5203,4.4921327
698,Student,1,5306,4.7579145
698,Student,2,5300,4.747787
698,Student,3,5303,4.744976
698,Student,4,5302,4.735821
698,Student,5,5298,4.718869
698,Student,6,5194,4.499438
698,Student,7,5201,4.4956875
698,Student,8,5427,4.490136
698,Student,9,5203,4.4901333
698,Student,10,5052,4.4900723
703,Student,1,5306,4.764655
703,Student,2,5300,4.754774
703,Student,3,5303,4.7512274
703,Student,4,5302,4.7423234
703,Student,5,5298,4.7256374
703,Student,6,5194,4.500146
703,Student,7,5427,4.4987593
703,Student,8,5201,4.4970617
703,Student,9,5101,4.4939685
703,Student,10,5203,4.4917746
704,Student,1,5306,4.7566395
704,Student,2,5300,4.7463484
704,Student,3,5303,4.743753
704,Student,4,5302,4.734444
704,Student,5,5298,4.717761
704,Student,6,5194,4.4993343
704,Student,7,5201,4.496006
704,Student,8,5052,4.4916077
704,Student,9,5101,4.4912806
704,Student,10,5203,4.4904995
706,Student,1,5306,4.760889
706,Student,2,5300,4.750866
706,Student,3,5303,4.747702
706,Student,4,5302,4.7386203
706,Student,5,5298,4.7218647
706,Student,6,5194,4.500269
706,Student,7,5201,4.4967804
706,Student,8,5427,4.494161
706,Student,9,5052,4.4930882
706,Student,10,5203,4.491355
708,Student,1,5306,4.758336
708,Student,2,5300,4.7481337
708,Student,3,5303,4.7453575
708,Student,4,5302,4.736152
708,Student,5,5298,4.719467
708,Student,6,5194,4.498969
708,Student,7,5201,4.495851
708,Student,8,5427,4.491523
708,Student,9,5052,4.4910226
708,Student,10,5203,4.490362
712,Student,1,5306,4.759482
712,Student,2,5300,4.749358
712,Student,3,5303,4.746428
712,Student,4,5302,4.7373133
712,Student,5,5298,4.720482
712,Student,6,5194,4.499314
712,Student,7,5201,4.495943
712,Student,8,5427,4.492359
712,Student,9,5052,4.49132
712,Student,10,5101,4.4912148
716,Student,1,5306,4.7636766
716,Student,2,5300,4.7538376
716,Student,3,5303,4.7502575
716,Student,4,5302,4.7412834
716,Student,5,5298,4.7245507
716,Student,6,5194,4.5016613
716,Student,7,5201,4.4979253
716,Student,8,5427,4.4973707
716,Student,9,5101,4.496496
716,Student,10,5052,4.4957027
717,Student,1,5306,4.7593946
717,Student,2,5300,4.749357
717,Student,3,5303,4.746282
717,Student,4,5302,4.7371197
717,Student,5,5298,4.7203264
717,Student,6,5194,4.5009956
717,Student,7,5201,4.497089
717,Student,8,5101,4.4939537
717,Student,9,5052,4.4934387
717,Student,10,5427,4.492285
726,Student,1,5306,4.757389
726,Student,2,5300,4.7472696
726,Student,3,5303,4.744413
726,Student,4,5302,4.735154
726,Student,5,5298,4.7183433
726,Student,6,5194,4.5009184
726,Student,7,5201,4.496865
726,Student,8,5101,4.4932194
726,Student,9,5052,4.492732
726,Student,10,5203,4.4912972
729,Student,1,5306,4.760796
729,Student,2,5300,4.750815
729,Student,3,5303,4.747607
729,Student,4,5302,4.738537
729,Student,5,5298,4.7216964
729,Student,6,5194,4.500739
729,Student,7,5201,4.4969435
729,Student,8,5427,4.493756
729,Student,9,5101,4.4937344
729,Student,10,5052,4.4932137
730,Student,1,5306,4.759018
730,Student,2,5300,4.749015
730,Student,3,5303,4.745919
730,Student,4,5302,4.736742
730,Student,5,5298,4.719915
730,Student,6,5194,4.50146
730,Student,7,5201,4.497297
730,Student,8,5101,4.494161
730,Student,9,5052,4.493511
730,Student,10,5203,4.491751
738,Student,1,5306,4.7575965
738,Student,2,5300,4.747415
738,Student,3,5303,4.744701
738,Student,4,5302,4.7355113
738,Student,5,5298,4.7187
738,Student,6,5194,4.4986124
738,Student,7,5201,4.4953113
738,Student,8,5427,4.4902368
738,Student,9,5203,4.489734
738,Student,10,5052,4.4891644
739,Student,1,5306,4.762189
739,Student,2,5300,4.752203
739,Student,3,5303,4.748877
739,Student,4,5302,4.739804
739,Student,5,5298,4.7231903
739,Student,6,5194,4.5008717
739,Student,7,5201,4.4975166
739,Student,8,5427,4.4961023
739,Student,9,5101,4.495369
739,Student,10,5052,4.4951377
757,Student,1,5306,4.759289
757,Student,2,5300,4.749192
757,Student,3,5303,4.7462835
757,Student,4,5302,4.737212
757,Student,5,5298,4.72026
757,Student,6,5194,4.498845
757,Student,7,5201,4.4953904
757,Student,8,5427,4.4917474
757,Student,9,5203,4.489891
757,Student,10,5052,4.489626
758,Student,1,5306,4.7595415
758,Student,2,5300,4.749511
758,Student,3,5303,4.7464123
758,Student,4,5302,4.7372503
758,Student,5,5298,4.72047
758,Student,6,5194,4.5011272
758,Student,7,5201,4.49721
758,Student,8,5101,4.4943633
758,Student,9,5052,4.493767
758,Student,10,5427,4.49249
760,Student,1,5306,4.760354
760,Student,2,5300,4.7503567
760,Student,3,5303,4.7472115
760,Student,4,5302,4.738105
760,Student,5,5298,4.721384
760,Student,6,5194,4.5002284
760,Student,7,5201,4.496706
760,Student,8,5427,4.493606
760,Student,9,5052,4.492204
760,Student,10,5101,4.491552
763,Student,1,5306,4.763192
763,Student,2,5300,4.7533474
763,Student,3,5303,4.7498083
763,Student,4,5302,4.7408085
763,Student,5,5298,4.724099
763,Student,6,5194,4.501606
763,Student,7,5201,4.4978676
763,Student,8,5427,4.4968724
763,Student,9,5101,4.495714
763,Student,10,5203,4.4924664
765,Student,1,5306,4.757136
765,Student,2,5300,4.746916
765,Student,3,5303,4.7442455
765,Student,4,5302,4.735017
765,Student,5,5298,4.71819
765,Student,6,5194,4.4990907
765,Student,7,5201,4.495618
765,Student,8,5052,4.490261
765,Student,9,5203,4.4900765
765,Student,10,5101,4.489848
767,Student,1,5306,4.759717
767,Student,2,5300,4.74963
767,Student,3,5303,4.7466288
767,Student,4,5302,4.737502
767,Student,5,5298,4.7207346
767,Student,6,5194,4.499758
767,Student,7,5201,4.496334
767,Student,8,5427,4.4927936
767,Student,9,5101,4.491711
767,Student,10,5203,4.4908667
768,Student,1,5306,4.7613187
768,Student,2,5300,4.751322
768,Student,3,5303,4.7480793
768,Student,4,5302,4.738996
768,Student,5,5298,4.7222767
768,Student,6,5194,4.5007825
768,Student,7,5201,4.4972167
768,Student,8,5427,4.4947524
768,Student,9,5101,4.4945526
768,Student,10,5052,4.494183
769,Student,1,5306,4.761047
769,Student,2,5300,4.751027
769,Student,3,5303,4.7478714
769,Student,4,5302,4.738831
769,Student,5,5298,4.721981
769,Student,6,5194,4.4999313
769,Student,7,5201,4.4964275
769,Student,8,5427,4.494067
769,Student,9,5101,4.492611
769,Student,10,5052,4.492361
770,Student,1,5306,4.7583055
770,Student,2,5300,4.748074
770,Student,3,5303,4.745352
770,Student,4,5302,4.736177
770,Student,5,5298,4.7194014
770,Student,6,5194,4.4984827
770,Student,7,5201,4.495407
770,Student,8,5427,4.49125
770,Student,9,5052,4.490318
770,Student,10,5203,4.489952
771,Student,1,5306,4.7596865
771,Student,2,5300,4.7495937
771,Student,3,5303,4.746597
771,Student,4,5302,4.7374735
771,Student,5,5298,4.720672
771,Student,6,5194,4.4998507
771,Student,7,5201,4.4963565
771,Student,8,5427,4.4926586
771,Student,9,5101,4.4922266
771,Student,10,5052,4.492158
772,Student,1,5306,4.761438
772,Student,2,5300,4.751482
772,Student,3,5303,4.748226
772,Student,4,5302,4.739197
772,Student,5,5298,4.72237
772,Student,6,5194,4.500355
772,Student,7,5201,4.4967346
772,Student,8,5427,4.49454
772,Student,9,5052,4.4926276
772,Student,10,5203,4.491287
780,Student,1,5306,4.760084
780,Student,2,5300,4.750039
780,Student,3,5303,4.746937
780,Student,4,5302,4.7378087
780,Student,5,5298,4.7210436
780,Student,6,5194,4.5005903
780,Student,7,5201,4.4969263
780,Student,8,5101,4.4936996
780,Student,9,5052,4.4933586
780,Student,10,5427,4.49319
781,Student,1,5306,4.7583833
781,Student,2,5300,4.74825
781,Student,3,5303,4.745348
781,Student,4,5302,4.736114
781,Student,5,5298,4.719429
781,Student,6,5194,4.500395
781,Student,7,5201,4.496791
781,Student,8,5101,4.49282
781,Student,9,5427,4.4914837
781,Student,10,5203,4.4912796
786,Student,1,5306,4.759886
786,Student,2,5300,4.749885
786,Student,3,5303,4.746733
786,Student,4,5302,4.7375894
786,Student,5,5298,4.72081
786,Student,6,5194,4.501217
786,Student,7,5201,4.497284
786,Student,8,5101,4.4943337
786,Student,9,5052,4.4938107
786,Student,10,5427,4.492878
789,Student,1,5306,4.7595935
789,Student,2,5300,4.749499
789,Student,3,5303,4.74656
789,Student,4,5302,4.7374854
789,Student,5,5298,4.720588
789,Student,6,5194,4.4989185
789,Student,7,5201,4.495553
789,Student,8,5427,4.4922757
789,Student,9,5052,4.490092
789,Student,10,5203,4.4900703
791,Student,1,5306,4.7592354
791,Student,2,5300,4.749142
791,Student,3,5303,4.7461934
791,Student,4,5302,4.7370605
791,Student,5,5298,4.720258
791,Student,6,5194,4.499543
791,Student,7,5201,4.4960833
791,Student,8,5427,4.4921236
791,Student,9,5101,4.4907002
791,Student,10,5203,4.490578
793,Student,1,5306,4.7607913
793,Student,2,5300,4.750781
793,Student,3,5303,4.7476106
793,Student,4,5302,4.73852
793,Student,5,5298,4.7217836
793,Student,6,5194,4.500332
793,Student,7,5201,4.496825
793,Student,8,5427,4.49409
793,Student,9,5101,4.4928374
793,Student,10,5203,4.491373
801,Student,1,5306,4.763367
801,Student,2,5300,4.7534904
801,Student,3,5303,4.749994
801,Student,4,5302,4.741008
801,Student,5,5298,4.7243333
801,Student,6,5194,4.5009274
801,Student,7,5201,4.497489
801,Student,8,5427,4.497221
801,Student,9,5101,4.4945326
801,Student,10,5203,4.492106
809,Student,1,5306,4.7584
809,Student,2,5300,4.7481446
809,Student,3,5303,4.745422
809,Student,4,5302,4.73623
809,Student,5,5298,4.719497
809,Student,6,5194,4.498682
809,Student,7,5201,4.4956408
809,Student,8,5427,4.491513
809,Student,9,5203,4.4902287
809,Student,10,5214,4.4856987
834,Student,1,5306,4.759101
834,Student,2,5300,4.7490087
834,Student,3,5303,4.7460966
834,Student,4,5302,4.737017
834,Student,5,5298,4.720024
834,Student,6,5194,4.499197
834,Student,7,5201,4.4955597
834,Student,8,5427,4.491394
834,Student,9,5203,4.4900618
834,Student,10,5052,4.490035
836,Student,1,5306,4.7566304
836,Student,2,5300,4.74634
836,Student,3,5303,4.743801
836,Student,4,5302,4.734563
836,Student,5,5298,4.7177277
836,Student,6,5194,4.498299
836,Student,7,5201,4.4950614
836,Student,8,5203,4.4895353
836,Student,9,5052,4.489298
836,Student,10,5427,4.489114
838,Student,1,5306,4.7626157
838,Student,2,5300,4.752715
838,Student,3,5303,4.749278
838,Student,4,5302,4.74026
838,Student,5,5298,4.7235174
838,Student,6,5194,4.501299
838,Student,7,5201,4.497598
838,Student,8,5427,4.496136
838,Student,9,5101,4.495523
838,Student,10,5052,4.4949102
840,Student,1,5306,4.7601867
840,Student,2,5300,4.7501283
840,Student,3,5303,4.747099
840,Student,4,5302,4.738037
840,Student,5,5298,4.721181
840,Student,6,5194,4.4992504
840,Student,7,5201,4.4958763
840,Student,8,5427,4.49307
840,Student,9,5052,4.490796
840,Student,10,5203,4.490407
849,Student,1,5306,4.7628636
849,Student,2,5300,4.752945
849,Student,3,5303,4.7495184
849,Student,4,5302,4.7404966
849,Student,5,5298,4.7238436
849,Student,6,5194,4.5008984
849,Student,7,5201,4.497484
849,Student,8,5427,4.4967227
849,Student,9,5101,4.494776
849,Student,10,5052,4.494721
851,Student,1,5306,4.7617674
851,Student,2,5300,4.751833
851,Student,3,5303,4.748528
851,Student,4,5302,4.7394905
851,Student,5,5298,4.722768
851,Student,6,5194,4.5003853
851,Student,7,5201,4.4969125
851,Student,8,5427,4.4952273
851,Student,9,5052,4.4928226
851,Student,10,5101,4.4923334
861,Student,1,5306,4.758256
861,Student,2,5300,4.7481527
861,Student,3,5303,4.7452917
861,Student,4,5302,4.736144
861,Student,5,5298,4.7192316
861,Student,6,5194,4.499506
861,Student,7,5201,4.4958024
861,Student,8,5427,4.4906373
861,Student,9,5203,4.490242
861,Student,10,5052,4.490197
862,Student,1,5306,4.761158
862,Student,2,5300,4.751251
862,Student,3,5303,4.747932
862,Student,4,5302,4.7388988
862,Student,5,5298,4.7219477
862,Student,6,5194,4.5014205
862,Student,7,5201,4.497246
862,Student,8,5101,4.494847
862,Student,9,5427,4.493811
862,Student,10,5052,4.4936647
863,Student,1,5306,4.7569346
863,Student,2,5300,4.746789
863,Student,3,5303,4.7440214
863,Student,4,5302,4.7347918
863,Student,5,5298,4.717837
863,Student,6,5194,4.5003605
863,Student,7,5201,4.49625
863,Student,8,5101,4.492055
863,Student,9,5052,4.4913673
863,Student,10,5203,4.490679
874,Student,1,5306,4.7625217
874,Student,2,5300,4.752629
874,Student,3,5303,4.749211
874,Student,4,5302,4.7402096
874,Student,5,5298,4.723432
874,Student,6,5194,4.500976
874,Student,7,5201,4.4973006
874,Student,8,5427,4.495915
874,Student,9,5101,4.4942966
874,Student,10,5052,4.493983
875,Student,1,5306,4.7598896
875,Student,2,5300,4.7498064
875,Student,3,5303,4.7467914
875,Student,4,5302,4.7376733
875,Student,5,5298,4.720912
875,Student,6,5194,4.4997025
875,Student,7,5201,4.4963207
875,Student,8,5427,4.493018
875,Student,9,5052,4.491962
875,Student,10,5101,4.491669
888,Student,1,5306,4.7622037
888,Student,2,5300,4.7522616
888,Student,3,5303,4.7488847
888,Student,4,5302,4.739831
888,Student,5,5298,4.723122
888,Student,6,5194,4.501317
888,Student,7,5201,4.497655
888,Student,8,5101,4.495989
888,Student,9,5427,4.495783
888,Student,10,5052,4.495269
891,Student,1,5306,4.7588067
891,Student,2,5300,4.74868
891,Student,3,5303,4.745757
891,Student,4,5302,4.736579
891,Student,5,5298,4.719776
891,Student,6,5194,4.50021
891,Student,7,5201,4.496544
891,Student,8,5101,4.493038
891,Student,9,5052,4.492627
891,Student,10,5427,4.491633
894,Student,1,5306,4.7578497
894,Student,2,5300,4.7476707
894,Student,3,5303,4.7449055
894,Student,4,5302,4.73571
894,Student,5,5298,4.7188764
894,Student,6,5194,4.4993167
894,Student,7,5201,4.4958096
894,Student,8,5052,4.49071
894,Student,9,5101,4.490457
894,Student,10,5427,4.490455
903,Student,1,5306,4.7614355
903,Student,2,5300,4.7514777
903,Student,3,5303,4.7481694
903,Student,4,5302,4.7390747
903,Student,5,5298,4.7223926
903,Student,6,5194,4.501272
903,Student,7,5201,4.497587
903,Student,8,5101,4.4951186
903,Student,9,5427,4.4949656
903,Student,10,5052,4.494772
908,Student,1,5306,4.7612233
908,Student,2,5300,4.7512174
908,Student,3,5303,4.747998
908,Student,4,5302,4.738928
908,Student,5,5298,4.7221475
908,Student,6,5194,4.500661
908,Student,7,5201,4.497047
908,Student,8,5427,4.494465
908,Student,9,5052,4.4938955
908,Student,10,5203,4.4916525
912,Student,1,5306,4.758442
912,Student,2,5300,4.748353
912,Student,3,5303,4.7453985
912,Student,4,5302,4.7361817
912,Student,5,5298,4.7194347
912,Student,6,5194,4.500737
912,Student,7,5201,4.4969106
912,Student,8,5101,4.493042
912,Student,9,5052,4.492918
912,Student,10,5203,4.4913745
914,Student,1,5306,4.757841
914,Student,2,5300,4.747709
914,Student,3,5303,4.74487
914,Student,4,5302,4.7356443
914,Student,5,5298,4.7188883
914,Student,6,5194,4.49998
914,Student,7,5201,4.496334
914,Student,8,5052,4.4914756
914,Student,9,5101,4.4910345
914,Student,10,5203,4.4907675
916,Student,1,5306,4.760387
916,Student,2,5300,4.750364
916,Student,3,5303,4.7472253
916,Student,4,5302,4.7381344
916,Student,5,5298,4.721283
916,Student,6,5194,4.500633
916,Student,7,5201,4.496852
916,Student,8,5101,4.4939866
916,Student,9,5427,4.4932756
916,Student,10,5052,4.4932613
918,Student,1,5306,4.758253
918,Student,2,5300,4.74807
918,Student,3,5303,4.745265
918,Student,4,5302,4.736065
918,Student,5,5298,4.7192907
918,Student,6,5194,4.4995117
918,Student,7,5201,4.4960833
918,Student,8,5052,4.4916077
918,Student,9,5101,4.4914956
918,Student,10,5427,4.491118
921,Student,1,5306,4.75894
921,Student,2,5300,4.7488956
921,Student,3,5303,4.745837
921,Student,4,5302,4.7366304
921,Student,5,5298,4.719878
921,Student,6,5194,4.5014067
921,Student,7,5201,4.497393
921,Student,8,5101,4.4947
921,Student,9,5052,4.494072
921,Student,10,5203,4.4918776
922,Student,1,5306,4.7577147
922,Student,2,5300,4.747474
922,Student,3,5303,4.744819
922,Student,4,5302,4.735656
922,Student,5,5298,4.718752
922,Student,6,5194,4.4982853
922,Student,7,5201,4.4950337
922,Student,8,5427,4.4901595
922,Student,9,5203,4.489551
922,Student,10,5052,4.489373
923,Student,1,5306,4.7596607
923,Student,2,5300,4.749525
923,Student,3,5303,4.7466
923,Student,4,5302,4.737489
923,Student,5,5298,4.7206945
923,Student,6,5194,4.499072
923,Student,7,5201,4.4958577
923,Student,8,5427,4.492705
923,Student,9,5052,4.491225
923,Student,10,5203,4.490425
928,Student,1,5306,4.759448
928,Student,2,5300,4.749282
928,Student,3,5303,4.7463636
928,Student,4,5302,4.737212
928,Student,5,5298,4.720433
928,Student,6,5194,4.4997463
928,Student,7,5201,4.496366
928,Student,8,5101,4.4934263
928,Student,9,5052,4.492897
928,Student,10,5427,4.492509
934,Student,1,5306,4.758968
934,Student,2,5300,4.748873
934,Student,3,5303,4.745896
934,Student,4,5302,4.73672
934,Student,5,5298,4.7199106
934,Student,6,5194,4.5005836
934,Student,7,5201,4.496786
934,Student,8,5052,4.493053
934,Student,9,5427,4.4917765
934,Student,10,5203,4.4913106
936,Student,1,5306,4.759101
936,Student,2,5300,4.749007
936,Student,3,5303,4.7460327
936,Student,4,5302,4.7368765
936,Student,5,5298,4.720048
936,Student,6,5194,4.500321
936,Student,7,5201,4.496587
936,Student,8,5101,4.4930105
936,Student,9,5427,4.491877
936,Student,10,5203,4.4911113
941,Student,1,5306,4.7595634
941,Student,2,5300,4.7495093
941,Student,3,5303,4.746482
941,Student,4,5302,4.737337
941,Student,5,5298,4.72062
941,Student,6,5194,4.4999285
941,Student,7,5201,4.4964685
941,Student,8,5427,4.492732
941,Student,9,5101,4.4910355
941,Student,10,5203,4.490942
943,Student,1,5306,4.759268
943,Student,2,5300,4.7492437
943,Student,3,5303,4.746204
943,Student,4,5302,4.737096
943,Student,5,5298,4.720147
943,Student,6,5194,4.500431
943,Student,7,5201,4.4964485
943,Student,8,5101,4.4922085
943,Student,9,5052,4.4917216
943,Student,10,5427,4.4916673
948,Student,1,5306,4.761048
948,Student,2,5300,4.75099
948,Student,3,5303,4.7478776
948,Student,4,5302,4.738824
948,Student,5,5298,4.7220426
948,Student,6,5194,4.499563
948,Student,7,5201,4.4963026
948,Student,8,5427,4.494321
948,Student,9,5101,4.4922085
948,Student,10,5203,4.4909105
950,Student,1,5306,4.7608876
950,Student,2,5300,4.7508883
950,Student,3,5303,4.7477026
950,Student,4,5302,4.7386246
950,Student,5,5298,4.721861
950,Student,6,5194,4.500355
950,Student,7,5201,4.4968047
950,Student,8,5427,4.4941134
950,Student,9,5203,4.4913535
950,Student,10,5214,4.487136
953,Student,1,5306,4.761959
953,Student,2,5300,4.7520113
953,Student,3,5303,4.7486887
953,Student,4,5302,4.739646
953,Student,5,5298,4.722924
953,Student,6,5194,4.5006876
953,Student,7,5201,4.4971676
953,Student,8,5427,4.495466
953,Student,9,5101,4.493882
953,Student,10,5052,4.4938207
954,Student,1,5306,4.756665
954,Student,2,5300,4.746373
954,Student,3,5303,4.7438307
954,Student,4,5302,4.734596
954,Student,5,5298,4.717744
954,Student,6,5194,4.4983683
954,Student,7,5201,4.4950933
954,Student,8,5203,4.4895773
954,Student,9,5052,4.4894476
954,Student,10,5427,4.489105
955,Student,1,5306,4.7594237
955,Student,2,5300,4.7493124
955,Student,3,5303,4.746345
955,Student,4,5302,4.737182
955,Student,5,5298,4.720485
955,Student,6,5194,4.4998026
955,Student,7,5201,4.496454
955,Student,8,5427,4.49268
955,Student,9,5052,4.4922667
955,Student,10,5101,4.491839
961,Student,1,5306,4.7605486
961,Student,2,5300,4.750472
961,Student,3,5303,4.7474217
961,Student,4,5302,4.738356
961,Student,5,5298,4.721548
961,Student,6,5194,4.4993644
961,Student,7,5201,4.496085
961,Student,8,5427,4.493662
961,Student,9,5052,4.4916754
961,Student,10,5101,4.491489
968,Student,1,5306,4.762055
968,Student,2,5300,4.7519717
968,Student,3,5303,4.7488575
968,Student,4,5302,4.739886
968,Student,5,5298,4.723057
968,Student,6,5194,4.498561
968,Student,7,5201,4.4956436
968,Student,8,5427,4.495454
968,Student,9,5052,4.491448
968,Student,10,5101,4.491289
972,Student,1,5306,4.7569904
972,Student,2,5300,4.74681
972,Student,3,5303,4.7440605
972,Student,4,5302,4.734787
972,Student,5,5298,4.7179976
972,Student,6,5194,4.5002837
972,Student,7,5201,4.4964585
972,Student,8,5101,4.492196
972,Student,9,5052,4.4920235
972,Student,10,5203,4.490901
973,Student,1,5306,4.7630143
973,Student,2,5300,4.7530985
973,Student,3,5303,4.749673
973,Student,4,5302,4.740687
973,Student,5,5298,4.723942
973,Student,6,5194,4.5007257
973,Student,7,5201,4.497251
973,Student,8,5427,4.4966245
973,Student,9,5101,4.494677
973,Student,10,5052,4.4943085
984,Student,1,5306,4.761236
984,Student,2,5300,4.751269
984,Student,3,5303,4.7479916
984,Student,4,5302,4.7389092
984,Student,5,5298,4.7221446
984,Student,6,5194,4.5011964
984,Student,7,5201,4.4974084
984,Student,8,5101,4.4951506
984,Student,9,5427,4.4944906
984,Student,10,5052,4.494458
1009,Student,1,5306,4.7576075
1009,Student,2,5300,4.7474213
1009,Student,3,5303,4.7446947
1009,Student,4,5302,4.7354937
1009,Student,5,5298,4.7186856
1009,Student,6,5194,4.4989395
1009,Student,7,5201,4.4955544
1009,Student,8,5427,4.4902573
1009,Student,9,5203,4.4899993
1009,Student,10,5101,4.489077
1010,Student,1,5306,4.7564735
1010,Student,2,5300,4.746209
1010,Student,3,5303,4.743643
1010,Student,4,5302,4.734396
1010,Student,5,5298,4.717536
1010,Student,6,5194,4.4987335
1010,Student,7,5201,4.495289
1010,Student,8,5203,4.489737
1010,Student,9,5052,4.48958
1010,Student,10,5427,4.4888206
1012,Student,1,5306,4.760064
1012,Student,2,5300,4.750053
1012,Student,3,5303,4.7469106
1012,Student,4,5302,4.7377877
1012,Student,5,5298,4.7209787
1012,Student,6,5194,4.5009584
1012,Student,7,5201,4.497091
1012,Student,8,5101,4.4941096
1012,Student,9,5052,4.4935265
1012,Student,10,5427,4.493008
1015,Student,1,5306,4.7596054
1015,Student,2,5300,4.7494836
1015,Student,3,5303,4.7465725
1015,Student,4,5302,4.737493
1015,Student,5,5298,4.72062
1015,Student,6,5194,4.4987288
1015,Student,7,5201,4.4954834
1015,Student,8,5427,4.4923954
1015,Student,9,5052,4.4901557
1015,Student,10,5203,4.4900255
1018,Student,1,5306,4.7622614
1018,Student,2,5300,4.75234
1018,Student,3,5303,4.748956
1018,Student,4,5302,4.7399364
1018,Student,5,5298,4.7231426
1018,Student,6,5194,4.5011415
1018,Student,7,5201,4.4973993
1018,Student,8,5427,4.4955826
1018,Student,9,5101,4.4952784
1018,Student,10,5052,4.494515
1022,Student,1,5306,4.7574053
1022,Student,2,5300,4.7471075
1022,Student,3,5303,4.744494
1022,Student,4,5302,4.7352486
1022,Student,5,5298,4.7185245
1022,Student,6,5194,4.498654
1022,Student,7,5201,4.495566
1022,Student,8,5052,4.4909472
1022,Student,9,5427,4.490385
1022,Student,10,5203,4.490116
1024,Student,1,5306,4.758674
1024,Student,2,5300,4.748516
1024,Student,3,5303,4.7456903
1024,Student,4,5302,4.7365313
1024,Student,5,5298,4.7197714
1024,Student,6,5194,4.49884
1024,Student,7,5201,4.495646
1024,Student,8,5427,4.4916563
1024,Student,9,5203,4.490135
1024,Student,10,5101,4.489298
1034,Student,1,5306,4.7625732
1034,Student,2,5300,4.7526665
1034,Student,3,5303,4.749237
1034,Student,4,5302,4.7402163
1034,Student,5,5298,4.7234735
1034,Student,6,5194,4.5013027
1034,Student,7,5201,4.497604
1034,Student,8,5427,4.496093
1034,Student,9,5101,4.495653
1034,Student,10,5052,4.4949875
1037,Student,1,5306,4.7597165
1037,Student,2,5300,4.749629
1037,Student,3,5303,4.7465906
1037,Student,4,5302,4.73742
1037,Student,5,5298,4.7207417
1037,Student,6,5194,4.500435
1037,Student,7,5201,4.4969363
1037,Student,8,5101,4.493517
1037,Student,9,5052,4.4934845
1037,Student,10,5427,4.4930515
1038,Student,1,5306,4.761917
1038,Student,2,5300,4.7519064
1038,Student,3,5303,4.748725
1038,Student,4,5302,4.739735
1038,Student,5,5298,4.722967
1038,Student,6,5194,4.4989085
1038,Student,7,5201,4.495891
1038,Student,8,5427,4.495385
1038,Student,9,5052,4.491017
1038,Student,10,5203,4.4904895
1044,Student,1,5306,4.757761
1044,Student,2,5300,4.747655
1044,Student,3,5303,4.7447777
1044,Student,4,5302,4.7355328
1044,Student,5,5298,4.7188044
1044,Student,6,5194,4.50044
1044,Student,7,5201,4.4966607
1044,Student,8,5052,4.4920073
1044,Student,9,5101,4.491597
1044,Student,10,5203,4.491068
1047,Student,1,5306,4.7624426
1047,Student,2,5300,4.7525024
1047,Student,3,5303,4.7491555
1047,Student,4,5302,4.7401505
1047,Student,5,5298,4.72341
1047,Student,6,5194,4.5003557
1047,Student,7,5201,4.496955
1047,Student,8,5427,4.4959865
1047,Student,9,5052,4.493412
1047,Student,10,5101,4.493354
1051,Student,1,5306,4.7578287
1051,Student,2,5300,4.747679
1051,Student,3,5303,4.744888
1051,Student,4,5302,4.7356977
1051,Student,5,5298,4.718854
1051,Student,6,5194,4.499409
1051,Student,7,5201,4.4958262
1051,Student,8,5052,4.4904237
1051,Student,9,5427,4.4903736
1051,Student,10,5203,4.4902716
1052,Student,1,5306,4.759419
1052,Student,2,5300,4.749303
1052,Student,3,5303,4.7463174
1052,Student,4,5302,4.7371287
1052,Student,5,5298,4.7204776
1052,Student,6,5194,4.500215
1052,Student,7,5201,4.4968143
1052,Student,8,5052,4.4932423
1052,Student,9,5101,4.4930744
1052,Student,10,5427,4.49281
1054,Student,1,5306,4.758834
1054,Student,2,5300,4.748705
1054,Student,3,5303,4.7457905
1054,Student,4,5302,4.7365894
1054,Student,5,5298,4.71992
1054,Student,6,5194,4.4998665
1054,Student,7,5201,4.4964857
1054,Student,8,5427,4.4920726
1054,Student,9,5101,4.4916363
1054,Student,10,5203,4.4909825
1060,Student,1,5306,4.758998
1060,Student,2,5300,4.748835
1060,Student,3,5303,4.7460117
1060,Student,4,5302,4.736879
1060,Student,5,5298,4.7201295
1060,Student,6,5194,4.4983478
1060,Student,7,5201,4.4953456
1060,Student,8,5427,4.4921036
1060,Student,9,5203,4.489854
1060,Student,10,5101,4.488329
1067,Student,1,5306,4.761387
1067,Student,2,5300,4.7514505
1067,Student,3,5303,4.7481327
1067,Student,4,5302,4.7390666
1067,Student,5,5298,4.7222743
1067,Student,6,5194,4.5013285
1067,Student,7,5201,4.497448
1067,Student,8,5101,4.495043
1067,Student,9,5427,4.4945607
1067,Student,10,5052,4.4943457
1082,Student,1,5306,4.7583146
1082,Student,2,5300,4.7481375
1082,Student,3,5303,4.745349
1082,Student,4,5302,4.7361717
1082,Student,5,5298,4.7193913
1082,Student,6,5194,4.498964
1082,Student,7,5201,4.4956846
1082,Student,8,5427,4.4911776
1082,Student,9,5203,4.4901767
1082,Student,10,5101,4.4897547
1086,Student,1,5306,4.760395
1086,Student,2,5300,4.750352
1086,Student,3,5303,4.747282
1086,Student,4,5302,4.738234
1086,Student,5,5298,4.7213273
1086,Student,6,5194,4.4995875
1086,Student,7,5201,4.496053
1086,Student,8,5427,4.4931436
1086,Student,9,5101,4.4914784
1086,Student,10,5052,4.4913626
1088,Student,1,5306,4.7623386
1088,Student,2,5300,4.752469
1088,Student,3,5303,4.749008
1088,Student,4,5302,4.739992
1088,Student,5,5298,4.723158
1088,Student,6,5194,4.501811
1088,Student,7,5201,4.4977746
1088,Student,8,5427,4.495513
1088,Student,9,5052,4.495135
1088,Student,10,5203,4.492365
1089,Student,1,5306,4.7619257
1089,Student,2,5300,4.752036
1089,Student,3,5303,4.7486596
1089,Student,4,5302,4.739647
1089,Student,5,5298,4.722805
1089,Student,6,5194,4.5010533
1089,Student,7,5201,4.497197
1089,Student,8,5427,4.495016
1089,Student,9,5101,4.493868
1089,Student,10,5052,4.4934673
1094,Student,1,5306,4.758731
1094,Student,2,5300,4.748686
1094,Student,3,5303,4.745632
1094,Student,4,5302,4.736404
1094,Student,5,5298,4.7196774
1094,Student,6,5194,4.5016046
1094,Student,7,5201,4.497545
1094,Student,8,5052,4.4943514
1094,Student,9,5203,4.4920154
1094,Student,10,5427,4.491708
1107,Student,1,5306,4.758121
1107,Student,2,5300,4.7479854
1107,Student,3,5303,4.745152
1107,Student,4,5302,4.735975
1107,Student,5,5298,4.7191157
1107,Student,6,5194,4.4996147
1107,Student,7,5201,4.4959717
1107,Student,8,5052,4.4908595
1107,Student,9,5101,4.4907
1107,Student,10,5427,4.4906616
1118,Student,1,5306,4.7618484
1118,Student,2,5300,4.7518215
1118,Student,3,5303,4.748616
1118,Student,4,5302,4.739592
1118,Student,5,5298,4.7228336
1118,Student,6,5194,4.499734
1118,Student,7,5201,4.496516
1118,Student,8,5427,4.4953165
1118,Student,9,5101,4.4929566
1118,Student,10,5052,4.492918
1119,Student,1,5306,4.760224
1119,Student,2,5300,4.7502236
1119,Student,3,5303,4.747067
1119,Student,4,5302,4.737965
1119,Student,5,5298,4.721118
1119,Student,6,5194,4.50088
1119,Student,7,5201,4.4969907
1119,Student,8,5101,4.493919
1119,Student,9,5052,4.4932775
1119,Student,10,5427,4.4930773
1127,Student,1,5306,4.7590413
1127,Student,2,5300,4.7489357
1127,Student,3,5303,4.745983
1127,Student,4,5302,4.7368174
1127,Student,5,5298,4.720034
1127,Student,6,5194,4.500102
1127,Student,7,5201,4.4964976
1127,Student,8,5101,4.4923925
1127,Student,9,5052,4.492318
1127,Student,10,5427,4.491953
1132,Student,1,5306,4.7577477
1132,Student,2,5300,4.7475595
1132,Student,3,5303,4.74479
1132,Student,4,5302,4.73556
1132,Student,5,5298,4.7188067
1132,Student,6,5194,4.4996023
1132,Student,7,5201,4.49612
1132,Student,8,5052,4.491455
1132,Student,9,5203,4.490601
1132,Student,10,5427,4.4905806
1134,Student,1,5306,4.7599583
1134,Student,2,5300,4.749908
1134,Student,3,5303,4.746852
1134,Student,4,5302,4.7377367
1134,Student,5,5298,4.720976
1134,Student,6,5194,4.499914
1134,Student,7,5201,4.4964404
1134,Student,8,5427,4.4930654
1134,Student,9,5052,4.4919496
1134,Student,10,5101,4.4915514
1135,Student,1,5306,4.7599225
1135,Student,2,5300,4.749753
1135,Student,3,5303,4.7469068
1135,Student,4,5302,4.7378526
1135,Student,5,5298,4.721041
1135,Student,6,5194,4.497601
1135,Student,7,5201,4.4948196
1135,Student,8,5427,4.493073
1135,Student,9,5203,4.4894137
1135,Student,10,5101,4.4876084
1142,Student,1,5306,4.7610183
1142,Student,2,5300,4.7510023
1142,Student,3,5303,4.747828
1142,Student,4,5302,4.738759
1142,Student,5,5298,4.7219872
1142,Student,6,5194,4.500202
1142,Student,7,5201,4.4967194
1142,Student,8,5427,4.494262
1142,Student,9,5101,4.493026
1142,Student,10,5052,4.49294
1146,Student,1,5306,4.7596374
1146,Student,2,5300,4.7496076
1146,Student,3,5303,4.74654
1146,Student,4,5302,4.737418
1146,Student,5,5298,4.720585
1146,Student,6,5194,4.5003986
1146,Student,7,5201,4.4966288
1146,Student,8,5427,4.492447
1146,Student,9,5052,4.492234
1146,Student,10,5203,4.491122
1149,Student,1,5306,4.7560897
1149,Student,2,5300,4.745797
1149,Student,3,5303,4.743294
1149,Student,4,5302,4.734026
1149,Student,5,5298,4.717203
1149,Student,6,5194,4.498412
1149,Student,7,5201,4.4950953
1149,Student,8,5203,4.489524
1149,Student,9,5052,4.4890804
1149,Student,10,5427,4.4885044
1162,Student,1,5306,4.7574573
1162,Student,2,5300,4.7472525
1162,Student,3,5303,4.744556
1162,Student,4,5302,4.735361
1162,Student,5,5298,4.7184906
1162,Student,6,5194,4.4989333
1162,Student,7,5201,4.495467
1162,Student,8,5203,4.4899344
1162,Student,9,5427,4.4899044
1162,Student,10,5101,4.489536
1163,Student,1,5306,4.76118
1163,Student,2,5300,4.751178
1163,Student,3,5303,4.7479854
1163,Student,4,5302,4.7389245
1163,Student,5,5298,4.7221766
1163,Student,6,5194,4.500077
1163,Student,7,5201,4.496666
1163,Student,8,5427,4.494517
1163,Student,9,5052,4.492648
1163,Student,10,5101,4.49241
1170,Student,1,5306,4.7604065
1170,Student,2,5300,4.7502556
1170,Student,3,5303,4.7473335
1170,Student,4,5302,4.7382855
1170,Student,5,5298,4.721478
1170,Student,6,5194,4.4981375
1170,Student,7,5201,4.495252
1170,Student,8,5427,4.49362
1170,Student,9,5052,4.4901695
1170,Student,10,5203,4.4898834
1178,Student,1,5306,4.760651
1178,Student,2,5300,4.750601
1178,Student,3,5303,4.747506
1178,Student,4,5302,4.738443
1178,Student,5,5298,4.7216187
1178,Student,6,5194,4.4997263
1178,Student,7,5201,4.496303
1178,Student,8,5427,4.493703
1178,Student,9,5101,4.492136
1178,Student,10,5052,4.4920893
1180,Student,1,5306,4.761841
1180,Student,2,5300,4.7518415
1180,Student,3,5303,4.748598
1180,Student,4,5302,4.7395563
1180,Student,5,5298,4.722852
1180,Student,6,5194,4.5000296
1180,Student,7,5201,4.496768
1180,Student,8,5427,4.495439
1180,Student,9,5052,4.493172
1180,Student,10,5101,4.492951
1182,Student,1,5306,4.7592373
1182,Student,2,5300,4.749117
1182,Student,3,5303,4.7462177
1182,Student,4,5302,4.7371187
1182,Student,5,5298,4.7202206
1182,Student,6,5194,4.499061
1182,Student,7,5201,4.4956393
1182,Student,8,5427,4.491867
1182,Student,9,5101,4.490238
1182,Student,10,5203,4.4901657
1202,Student,1,5306,4.75903
1202,Student,2,5300,4.7489424
1202,Student,3,5303,4.7459927
1202,Student,4,5302,4.7368555
1202,Student,5,5298,4.7200036
1202,Student,6,5194,4.4998426
1202,Student,7,5201,4.496199
1202,Student,8,5427,4.4917216
1202,Student,9,5101,4.4913597
1202,Student,10,5203,4.4906917
1215,Student,1,5306,4.7602158
1215,Student,2,5300,4.750196
1215,Student,3,5303,4.747032
1215,Student,4,5302,4.7378836
1215,Student,5,5298,4.7211623
1215,Student,6,5194,4.5012093
1215,Student,7,5201,4.497414
1215,Student,8,5101,4.4950314
1215,Student,9,5052,4.4944572
1215,Student,10,5427,4.493454
1217,Student,1,5306,4.759286
1217,Student,2,5300,4.7492685
1217,Student,3,5303,4.7461834
1217,Student,4,5302,4.7370324
1217,Student,5,5298,4.7201777
1217,Student,6,5194,4.5011125
1217,Student,7,5201,4.497056
1217,Student,8,5101,4.4938602
1217,Student,9,5052,4.4931793
1217,Student,10,5427,4.4919624
1222,Student,1,5306,4.7583456
1222,Student,2,5300,4.748181
1222,Student,3,5303,4.74537
1222,Student,4,5302,4.736206
1222,Student,5,5298,4.719351
1222,Student,6,5194,4.499275
1222,Student,7,5201,4.4957933
1222,Student,8,5427,4.490969
1222,Student,9,5052,4.4908123
1222,Student,10,5101,4.490693
1224,Student,1,5306,4.760909
1224,Student,2,5300,4.7508855
1224,Student,3,5303,4.7477865
1224,Student,4,5302,4.7387705
1224,Student,5,5298,4.7219086
1224,Student,6,5194,4.499038
1224,Student,7,5201,4.4957623
1224,Student,8,5427,4.493887
1224,Student,9,5203,4.490302
1224,Student,10,5101,4.489814
1225,Student,1,5306,4.7614455
1225,Student,2,5300,4.751367
1225,Student,3,5303,4.748281
1225,Student,4,5302,4.739263
1225,Student,5,5298,4.722494
1225,Student,6,5194,4.498741
1225,Student,7,5201,4.4957833
1225,Student,8,5427,4.494892
1225,Student,9,5052,4.491267
1225,Student,10,5203,4.4904275
1227,Student,1,5306,4.7562513
1227,Student,2,5300,4.7460194
1227,Student,3,5303,4.7434387
1227,Student,4,5302,4.734205
1227,Student,5,5298,4.7172575
1227,Student,6,5194,4.498941
1227,Student,7,5201,4.495256
1227,Student,8,5203,4.4896674
1227,Student,9,5052,4.489191
1227,Student,10,5427,4.4882646
1231,Student,1,5306,4.761566
1231,Student,2,5300,4.751664
1231,Student,3,5303,4.748272
1231,Student,4,5302,4.7391877
1231,Student,5,5298,4.722442
1231,Student,6,5194,4.501976
1231,Student,7,5201,4.4979587
1231,Student,8,5101,4.496312
1231,Student,9,5427,4.4948893
1231,Student,10,5203,4.492514
1232,Student,1,5306,4.762933
1232,Student,2,5300,4.7529745
1232,Student,3,5303,4.749628
1232,Student,4,5302,4.740648
1232,Student,5,5298,4.723941
1232,Student,6,5194,4.4998565
1232,Student,7,5201,4.4967203
1232,Student,8,5427,4.496708
1232,Student,9,5052,4.493149
1232,Student,10,5101,4.492826
1234,Student,1,5306,4.758945
1234,Student,2,5300,4.748797
1234,Student,3,5303,4.7459064
1234,Student,4,5302,4.7367406
1234,Student,5,5298,4.719962
1234,Student,6,5194,4.499649
1234,Student,7,5201,4.4962173
1234,Student,8,5052,4.4919677
1234,Student,9,5101,4.4919596
1234,Student,10,5427,4.491896
1240,Student,1,5306,4.76074
1240,Student,2,5300,4.7507153
1240,Student,3,5303,4.7475624
1240,Student,4,5302,4.738484
1240,Student,5,5298,4.721674
1240,Student,6,5194,4.50037
1240,Student,7,5201,4.4967623
1240,Student,8,5427,4.4938188
1240,Student,9,5101,4.493529
1240,Student,10,5052,4.4931107
1241,Student,1,5306,4.7584877
1241,Student,2,5300,4.74841
1241,Student,3,5303,4.745438
1241,Student,4,5302,4.736232
1241,Student,5,5298,4.719437
1241,Student,6,5194,4.500904
1241,Student,7,5201,4.4969597
1241,Student,8,5101,4.4935093
1241,Student,9,5052,4.493063
1241,Student,10,5203,4.491431
1243,Student,1,5306,4.7602525
1243,Student,2,5300,4.750163
1243,Student,3,5303,4.747165
1243,Student,4,5302,4.738095
1243,Student,5,5298,4.7212977
1243,Student,6,5194,4.4989195
1243,Student,7,5201,4.495763
1243,Student,8,5427,4.4933653
1243,Student,9,5203,4.4903145
1243,Student,10,5101,4.4900417
1258,Student,1,5306,4.7601695
1258,Student,2,5300,4.7501926
1258,Student,3,5303,4.7469788
1258,Student,4,5302,4.7378273
1258,Student,5,5298,4.7210994
1258,Student,6,5194,4.5016065
1258,Student,7,5201,4.4976377
1258,Student,8,5101,4.4951344
1258,Student,9,5052,4.494583
1258,Student,10,5427,4.4933486
1261,Student,1,5306,4.76174
1261,Student,2,5300,4.751837
1261,Student,3,5303,4.748477
1261,Student,4,5302,4.739441
1261,Student,5,5298,4.7226353
1261,Student,6,5194,4.5011606
1261,Student,7,5201,4.497316
1261,Student,8,5427,4.494914
1261,Student,9,5101,4.4942102
1261,Student,10,5052,4.493803
1262,Student,1,5306,4.7582965
1262,Student,2,5300,4.748267
1262,Student,3,5303,4.745228
1262,Student,4,5302,4.7360134
1262,Student,5,5298,4.71914
1262,Student,6,5194,4.5018654
1262,Student,7,5201,4.4974737
1262,Student,8,5101,4.49534
1262,Student,9,5052,4.4940643
1262,Student,10,5203,4.4919286
1263,Student,1,5306,4.758691
1263,Student,2,5300,4.74858
1263,Student,3,5303,4.745716
1263,Student,4,5302,4.73659
1263,Student,5,5298,4.719729
1263,Student,6,5194,4.498952
1263,Student,7,5201,4.495537
1263,Student,8,5427,4.4913225
1263,Student,9,5203,4.48999
1263,Student,10,5052,4.4896665
1265,Student,1,5306,4.7618723
1265,Student,2,5300,4.7519436
1265,Student,3,5303,4.7485833
1265,Student,4,5302,4.739545
1265,Student,5,5298,4.7227206
1265,Student,6,5194,4.5013933
1265,Student,7,5201,4.497501
1265,Student,8,5101,4.495854
1265,Student,9,5427,4.4950366
1265,Student,10,5052,4.4947677
1266,Student,1,5306,4.7616262
1266,Student,2,5300,4.7516813
1266,Student,3,5303,4.748355
1266,Student,4,5302,4.7392745
1266,Student,5,5298,4.7225924
1266,Student,6,5194,4.5011578
1266,Student,7,5201,4.4975133
1266,Student,8,5427,4.495182
1266,Student,9,5101,4.494689
1266,Student,10,5052,4.4945154
1267,Student,1,5306,4.759797
1267,Student,2,5300,4.7496758
1267,Student,3,5303,4.746757
1267,Student,4,5302,4.7376804
1267,Student,5,5298,4.720851
1267,Student,6,5194,4.498532
1267,Student,7,5201,4.4954243
1267,Student,8,5427,4.4927645
1267,Student,9,5052,4.4900017
1267,Student,10,5203,4.489968
1268,Student,1,5306,4.75952
1268,Student,2,5300,4.749483
1268,Student,3,5303,4.746403
1268,Student,4,5302,4.737256
1268,Student,5,5298,4.720434
1268,Student,6,5194,4.500924
1268,Student,7,5201,4.497015
1268,Student,8,5101,4.4939957
1268,Student,9,5052,4.493358
1268,Student,10,5427,4.4923496
1274,Student,1,5306,4.761152
1274,Student,2,5300,4.751169
1274,Student,3,5303,4.7479415
1274,Student,4,5302,4.7388706
1274,Student,5,5298,4.7221146
1274,Student,6,5194,4.5005436
1274,Student,7,5201,4.4969625
1274,Student,8,5427,4.494435
1274,Student,9,5101,4.4933453
1274,Student,10,5203,4.49152
1277,Student,1,5306,4.760459
1277,Student,2,5300,4.750372
1277,Student,3,5303,4.7473745
1277,Student,4,5302,4.738323
1277,Student,5,5298,4.7215357
1277,Student,6,5194,4.498546
1277,Student,7,5201,4.4955215
1277,Student,8,5427,4.493657
1277,Student,9,5052,4.490136
1277,Student,10,5203,4.490076
1293,Student,1,5306,4.759692
1293,Student,2,5300,4.7496367
1293,Student,3,5303,4.7465653
1293,Student,4,5302,4.737399
1293,Student,5,5298,4.720703
1293,Student,6,5194,4.500634
1293,Student,7,5201,4.497016
1293,Student,8,5052,4.4933653
1293,Student,9,5101,4.49334
1293,Student,10,5427,4.4929395
1294,Student,1,5306,4.759685
1294,Student,2,5300,4.7495093
1294,Student,3,5303,4.7466044
1294,Student,4,5302,4.7374535
1294,Student,5,5298,4.7207856
1294,Student,6,5194,4.4991245
1294,Student,7,5201,4.4961042
1294,Student,8,5427,4.493169
1294,Student,9,5052,4.492107
1294,Student,10,5101,4.491627
1296,Student,1,5306,4.758571
1296,Student,2,5300,4.748354
1296,Student,3,5303,4.7455807
1296,Student,4,5302,4.7363977
1296,Student,5,5298,4.719667
1296,Student,6,5194,4.498844
1296,Student,7,5201,4.495741
1296,Student,8,5427,4.4916787
1296,Student,9,5052,4.4911165
1296,Student,10,5203,4.4902973
1297,Student,1,5306,4.759449
1297,Student,2,5300,4.749421
1297,Student,3,5303,4.7463436
1297,Student,4,5302,4.7371907
1297,Student,5,5298,4.7204022
1297,Student,6,5194,4.5008006
1297,Student,7,5201,4.4969525
1297,Student,8,5101,4.4931583
1297,Student,9,5052,4.4929485
1297,Student,10,5427,4.492355
1304,Student,1,5306,4.760321
1304,Student,2,5300,4.750269
1304,Student,3,5303,4.747161
1304,Student,4,5302,4.7380557
1304,Student,5,5298,4.721239
1304,Student,6,5194,4.5005302
1304,Student,7,5201,4.4968495
1304,Student,8,5101,4.4942255
1304,Student,9,5052,4.493496
1304,Student,10,5427,4.493325
1305,Student,1,5306,4.7599072
1305,Student,2,5300,4.7498875
1305,Student,3,5303,4.746763
1305,Student,4,5302,4.737625
1305,Student,5,5298,4.7208495
1305,Student,6,5194,4.500913
1305,Student,7,5201,4.4970937
1305,Student,8,5052,4.4934688
1305,Student,9,5427,4.4929276
1305,Student,10,5203,4.4916105
1307,Student,1,5306,4.75922
1307,Student,2,5300,4.749194
1307,Student,3,5303,4.7461286
1307,Student,4,5302,4.7369704
1307,Student,5,5298,4.720155
1307,Student,6,5194,4.5008945
1307,Student,7,5201,4.496954
1307,Student,8,5101,4.4931664
1307,Student,9,5052,4.492857
1307,Student,10,5427,4.492002
1310,Student,1,5306,4.763676
1310,Student,2,5300,4.753832
1310,Student,3,5303,4.750305
1310,Student,4,5302,4.7413855
1310,Student,5,5298,4.7245393
1310,Student,6,5194,4.5008144
1310,Student,7,5201,4.497173
1310,Student,8,5427,4.497042
1310,Student,9,5101,4.4943533
1310,Student,10,5052,4.4938407
1311,Student,1,5306,4.7608385
1311,Student,2,5300,4.750848
1311,Student,3,5303,4.74763
1311,Student,4,5302,4.7385287
1311,Student,5,5298,4.7217884
1311,Student,6,5194,4.500915
1311,Student,7,5201,4.49722
1311,Student,8,5101,4.4942303
1311,Student,9,5427,4.4941125
1311,Student,10,5052,4.4939046
1314,Student,1,5306,4.7600117
1314,Student,2,5300,4.7498455
1314,Student,3,5303,4.7469673
1314,Student,4,5302,4.737897
1314,Student,5,5298,4.721108
1314,Student,6,5194,4.4980593
1314,Student,7,5201,4.4951916
1314,Student,8,5427,4.493222
1314,Student,9,5052,4.4899197
1314,Student,10,5203,4.489801
1320,Student,1,5306,4.760154
1320,Student,2,5300,4.750003
1320,Student,3,5303,4.747066
1320,Student,4,5302,4.7379656
1320,Student,5,5298,4.721243
1320,Student,6,5194,4.498748
1320,Student,7,5201,4.495784
1320,Student,8,5427,4.493554
1320,Student,9,5052,4.4913063
1320,Student,10,5101,4.490655
1325,Student,1,5306,4.7578583
1325,Student,2,5300,4.7476406
1325,Student,3,5303,4.7449055
1325,Student,4,5302,4.735696
1325,Student,5,5298,4.7188997
1325,Student,6,5194,4.4992504
1325,Student,7,5201,4.495859
1325,Student,8,5052,4.491237
1325,Student,9,5101,4.491152
1325,Student,10,5427,4.490617
1340,Student,1,5306,4.7611465
1340,Student,2,5300,4.751113
1340,Student,3,5303,4.7479143
1340,Student,4,5302,4.738803
1340,Student,5,5298,4.722156
1340,Student,6,5194,4.50063
1340,Student,7,5201,4.497229
1340,Student,8,5427,4.494804
1340,Student,9,5101,4.494547
1340,Student,10,5052,4.494382
1344,Student,1,5306,4.7613544
1344,Student,2,5300,4.7513356
1344,Student,3,5303,4.7481747
1344,Student,4,5302,4.7391567
1344,Student,5,5298,4.7223167
1344,Student,6,5194,4.499549
1344,Student,7,5201,4.496204
1344,Student,8,5427,4.4944706
1344,Student,9,5203,4.4907985
1344,Student,10,5214,4.486451
1348,Student,1,5306,4.761519
1348,Student,2,5300,4.751585
1348,Student,3,5303,4.7482333
1348,Student,4,5302,4.7391458
1348,Student,5,5298,4.722413
1348,Student,6,5194,4.5017176
1348,Student,7,5201,4.49782
1348,Student,8,5101,4.4962163
1348,Student,9,5052,4.495352
1348,Student,10,5427,4.494893
1350,Student,1,5306,4.7591558
1350,Student,2,5300,4.7490535
1350,Student,3,5303,4.7461367
1350,Student,4,5302,4.7370367
1350,Student,5,5298,4.7201133
1350,Student,6,5194,4.4992933
1350,Student,7,5201,4.4957404
1350,Student,8,5427,4.4916744
1350,Student,9,5052,4.490536
1350,Student,10,5101,4.49048
1351,Student,1,5306,4.760929
1351,Student,2,5300,4.750926
1351,Student,3,5303,4.7477384
1351,Student,4,5302,4.7386603
1351,Student,5,5298,4.721895
1351,Student,6,5194,4.5004044
1351,Student,7,5201,4.4968467
1351,Student,8,5427,4.4941616
1351,Student,9,5101,4.4931717
1351,Student,10,5052,4.493088
1364,Student,1,5306,4.7611666
1364,Student,2,5300,4.7511606
1364,Student,3,5303,4.747904
1364,Student,4,5302,4.738784
1364,Student,5,5298,4.722101
1364,Student,6,5194,4.501398
1364,Student,7,5201,4.497697
1364,Student,8,5101,4.4964247
1364,Student,9,5052,4.4955416
1364,Student,10,5427,4.4946833
1368,Student,1,5306,4.763491
1368,Student,2,5300,4.753619
1368,Student,3,5303,4.7501082
1368,Student,4,5302,4.7411394
1368,Student,5,5298,4.724404
1368,Student,6,5194,4.5010586
1368,Student,7,5201,4.4975076
1368,Student,8,5427,4.497177
1368,Student,9,5101,4.4951916
1368,Student,10,5203,4.492148
1371,Student,1,5306,4.761879
1371,Student,2,5300,4.7517805
1371,Student,3,5303,4.748743
1371,Student,4,5302,4.739788
1371,Student,5,5298,4.7229958
1371,Student,6,5194,4.497444
1371,Student,7,5427,4.495448
1371,Student,8,5201,4.4948626
1371,Student,9,5203,4.489544
1371,Student,10,5052,4.489263
1384,Student,1,5306,4.7630863
1384,Student,2,5300,4.7531295
1384,Student,3,5303,4.7497325
1384,Student,4,5302,4.740722
1384,Student,5,5298,4.7240725
1384,Student,6,5194,4.500559
1384,Student,7,5201,4.4973187
1384,Student,8,5427,4.4970455
1384,Student,9,5101,4.495001
1384,Student,10,5052,4.494801
1387,Student,1,5306,4.759199
1387,Student,2,5300,4.7490625
1387,Student,3,5303,4.746213
1387,Student,4,5302,4.737127
1387,Student,5,5298,4.720249
1387,Student,6,5194,4.4983106
1387,Student,7,5201,4.4951463
1387,Student,8,5427,4.4919157
1387,Student,9,5203,4.4896526
1387,Student,10,5052,4.48919
1388,Student,1,5306,4.7625303
1388,Student,2,5300,4.752633
1388,Student,3,5303,4.7492123
1388,Student,4,5302,4.740209
1388,Student,5,5298,4.7234173
1388,Student,6,5194,4.5011144
1388,Student,7,5201,4.497386
1388,Student,8,5427,4.4958863
1388,Student,9,5052,4.4943266
1388,Student,10,5203,4.491987
1393,Student,1,5306,4.7602196
1393,Student,2,5300,4.7502384
1393,Student,3,5303,4.7470236
1393,Student,4,5302,4.737875
1393,Student,5,5298,4.721133
1393,Student,6,5194,4.501642
1393,Student,7,5201,4.497656
1393,Student,8,5101,4.4954967
1393,Student,9,5427,4.4933705
1393,Student,10,5203,4.49218
1398,Student,1,5306,4.7576237
1398,Student,2,5300,4.747423
1398,Student,3,5303,4.7446995
1398,Student,4,5302,4.7355013
1398,Student,5,5298,4.7186403
1398,Student,6,5194,4.499182
1398,Student,7,5201,4.4956737
1398,Student,8,5101,4.4903975
1398,Student,9,5203,4.4901614
1398,Student,10,5427,4.4901247
1402,Student,1,5306,4.7595353
1402,Student,2,5300,4.749484
1402,Student,3,5303,4.746459
1402,Student,4,5302,4.737339
1402,Student,5,5298,4.7205124
1402,Student,6,5194,4.5000095
1402,Student,7,5201,4.496371
1402,Student,8,5427,4.4923644
1402,Student,9,5052,4.491684
1402,Student,10,5101,4.4915314
1407,Student,1,5306,4.761227
1407,Student,2,5300,4.7511206
1407,Student,3,5303,4.7480345
1407,Student,4,5302,4.738967
1407,Student,5,5298,4.72224
1407,Student,6,5194,4.4994774
1407,Student,7,5201,4.496384
1407,Student,8,5427,4.4947553
1407,Student,9,5101,4.493249
1407,Student,10,5052,4.4930787
1416,Student,1,5306,4.7610493
1416,Student,2,5300,4.7510557
1416,Student,3,5303,4.7478905
1416,Student,4,5302,4.7388687
1416,Student,5,5298,4.7219944
1416,Student,6,5194,4.4997277
1416,Student,7,5201,4.4962187
1416,Student,8,5427,4.493974
1416,Student,9,5052,4.4915133
1416,Student,10,5101,4.491389
1417,Student,1,5306,4.761264
1417,Student,2,5300,4.7512946
1417,Student,3,5303,4.748048
1417,Student,4,5302,4.738991
1417,Student,5,5298,4.722207
1417,Student,6,5194,4.5005817
1417,Student,7,5201,4.496949
1417,Student,8,5427,4.4944725
1417,Student,9,5052,4.4932036
1417,Student,10,5203,4.4915066
1420,Student,1,5306,4.7603865
1420,Student,2,5300,4.750327
1420,Student,3,5303,4.747224
1420,Student,4,5302,4.738096
1420,Student,5,5298,4.7214003
1420,Student,6,5194,4.5003104
1420,Student,7,5201,4.496872
1420,Student,8,5427,4.4937744
1420,Student,9,5052,4.4933643
1420,Student,10,5101,4.493353
1424,Student,1,5306,4.7587495
1424,Student,2,5300,4.7486353
1424,Student,3,5303,4.745735
1424,Student,4,5302,4.736581
1424,Student,5,5298,4.7197514
1424,Student,6,5194,4.49965
1424,Student,7,5201,4.4960876
1424,Student,8,5427,4.491479
1424,Student,9,5052,4.49121
1424,Student,10,5101,4.491002
1426,Student,1,5306,4.760849
1426,Student,2,5300,4.750741
1426,Student,3,5303,4.747729
1426,Student,4,5302,4.7386713
1426,Student,5,5298,4.721963
1426,Student,6,5194,4.4985275
1426,Student,7,5201,4.4956675
1426,Student,8,5427,4.4944057
1426,Student,9,5203,4.4902816
1426,Student,10,5214,4.4856887
1437,Student,1,5306,4.7599497
1437,Student,2,5300,4.749955
1437,Student,3,5303,4.7468014
1437,Student,4,5302,4.737669
1437,Student,5,5298,4.7208815
1437,Student,6,5194,4.5010605
1437,Student,7,5201,4.49716
1437,Student,8,5101,4.493762
1437,Student,9,5052,4.493415
1437,Student,10,5427,4.4929223
1439,Student,1,5306,4.760247
1439,Student,2,5300,4.750119
1439,Student,3,5303,4.7471642
1439,Student,4,5302,4.738104
1439,Student,5,5298,4.7212596
1439,Student,6,5194,4.4987245
1439,Student,7,5201,4.495602
1439,Student,8,5427,4.4932613
1439,Student,9,5052,4.490873
1439,Student,10,5101,4.4906187
1442,Student,1,5306,4.758692
1442,Student,2,5300,4.748544
1442,Student,3,5303,4.7457013
1442,Student,4,5302,4.7365417
1442,Student,5,5298,4.7197776
1442,Student,6,5194,4.4990034
1442,Student,7,5201,4.495748
1442,Student,8,5427,4.491652
1442,Student,9,5052,4.490462
1442,Student,10,5203,4.490234
1453,Student,1,5306,4.757146
1453,Student,2,5300,4.7469554
1453,Student,3,5303,4.744239
1453,Student,4,5302,4.735004
1453,Student,5,5298,4.7181673
1453,Student,6,5194,4.499579
1453,Student,7,5201,4.495922
1453,Student,8,5052,4.490795
1453,Student,9,5101,4.490635
1453,Student,10,5203,4.4903674
1462,Student,1,5306,4.7617598
1462,Student,2,5300,4.7517853
1462,Student,3,5303,4.748529
1462,Student,4,5302,4.7395005
1462,Student,5,5298,4.722742
1462,Student,6,5194,4.500088
1462,Student,7,5201,4.496698
1462,Student,8,5427,4.4951515
1462,Student,9,5203,4.491278
1462,Student,10,5214,4.4869814
1463,Student,1,5306,4.7557917
1463,Student,2,5300,4.7455564
1463,Student,3,5303,4.7429743
1463,Student,4,5302,4.733674
1463,Student,5,5298,4.7168217
1463,Student,6,5194,4.4996476
1463,Student,7,5201,4.4958386
1463,Student,8,5052,4.4904146
1463,Student,9,5101,4.49028
1463,Student,10,5203,4.4902296
1467,Student,1,5306,4.7586064
1467,Student,2,5300,4.7484827
1467,Student,3,5303,4.745579
1467,Student,4,5302,4.736403
1467,Student,5,5298,4.7195673
1467,Student,6,5194,4.5001135
1467,Student,7,5201,4.4964037
1467,Student,8,5101,4.492513
1467,Student,9,5052,4.4921584
1467,Student,10,5427,4.491294
1471,Student,1,5306,4.7626796
1471,Student,2,5300,4.752741
1471,Student,3,5303,4.7493606
1471,Student,4,5302,4.7403398
1471,Student,5,5298,4.7236795
1471,Student,6,5194,4.5005527
1471,Student,7,5201,4.4972305
1471,Student,8,5427,4.4965076
1471,Student,9,5052,4.494137
1471,Student,10,5101,4.4939914
1472,Student,1,5306,4.757555
1472,Student,2,5300,4.7474165
1472,Student,3,5303,4.744636
1472,Student,4,5302,4.7354555
1472,Student,5,5298,4.718524
1472,Student,6,5194,4.499516
1472,Student,7,5201,4.49574
1472,Student,8,5203,4.4901676
1472,Student,9,5052,4.490094
1472,Student,10,5101,4.4899664
1479,Student,1,5306,4.7621956
1479,Student,2,5300,4.7522726
1479,Student,3,5303,4.748922
1479,Student,4,5302,4.7399178
1479,Student,5,5298,4.723115
1479,Student,6,5194,4.500612
1479,Student,7,5201,4.4970026
1479,Student,8,5427,4.495482
1479,Student,9,5052,4.4933624
1479,Student,10,5203,4.4915867
1484,Student,1,5306,4.75881
1484,Student,2,5300,4.7487493
1484,Student,3,5303,4.7457724
1484,Student,4,5302,4.7366147
1484,Student,5,5298,4.7197742
1484,Student,6,5194,4.500288
1484,Student,7,5201,4.496477
1484,Student,8,5052,4.491742
1484,Student,9,5427,4.4914713
1484,Student,10,5203,4.490933
1487,Student,1,5306,4.7568703
1487,Student,2,5300,4.7466574
1487,Student,3,5303,4.7439833
1487,Student,4,5302,4.7347274
1487,Student,5,5298,4.7179255
1487,Student,6,5194,4.4994464
1487,Student,7,5201,4.495865
1487,Student,8,5052,4.4906864
1487,Student,9,5101,4.4903316
1487,Student,10,5203,4.4903026
1497,Student,1,5306,4.7605805
1497,Student,2,5300,4.7505093
1497,Student,3,5303,4.747386
1497,Student,4,5302,4.738242
1497,Student,5,5298,4.7216043
1497,Student,6,5194,4.500546
1497,Student,7,5201,4.4971566
1497,Student,8,5101,4.494467
1497,Student,9,5052,4.494295
1497,Student,10,5427,4.4941916
1500,Student,1,5306,4.759737
1500,Student,2,5300,4.7496886
1500,Student,3,5303,4.7466617
1500,Student,4,5302,4.737561
1500,Student,5,5298,4.7207365
1500,Student,6,5194,4.4996796
1500,Student,7,5201,4.4961576
1500,Student,8,5427,4.492609
1500,Student,9,5101,4.490695
1500,Student,10,5203,4.4906473
1502,Student,1,5306,4.760892
1502,Student,2,5300,4.750842
1502,Student,3,5303,4.747711
1502,Student,4,5302,4.738612
1502,Student,5,5298,4.7219496
1502,Student,6,5194,4.499896
1502,Student,7,5201,4.4966736
1502,Student,8,5427,4.49448
1502,Student,9,5203,4.491249
1502,Student,10,5214,4.486874
1503,Student,1,5306,4.763008
1503,Student,2,5300,4.7531075
1503,Student,3,5303,4.7496557
1503,Student,4,5302,4.7406774
1503,Student,5,5298,4.723862
1503,Student,6,5194,4.501129
1503,Student,7,5201,4.497424
1503,Student,8,5427,4.4963856
1503,Student,9,5052,4.494813
1503,Student,10,5203,4.4920793
1515,Student,1,5306,4.7571497
1515,Student,2,5300,4.746971
1515,Student,3,5303,4.7442584
1515,Student,4,5302,4.73504
1515,Student,5,5298,4.718182
1515,Student,6,5194,4.499309
1515,Student,7,5201,4.4956865
1515,Student,8,5203,4.4901075
1515,Student,9,5052,4.490035
1515,Student,10,5101,4.4895697
1518,Student,1,5306,4.7617183
1518,Student,2,5300,4.7517385
1518,Student,3,5303,4.7484856
1518,Student,4,5302,4.739463
1518,Student,5,5298,4.7226524
1518,Student,6,5194,4.500236
1518,Student,7,5201,4.4967318
1518,Student,8,5427,4.4949455
1518,Student,9,5052,4.493019
1518,Student,10,5203,4.4913316
1539,Student,1,5306,4.7591157
1539,Student,2,5300,4.749029
1539,Student,3,5303,4.746036
1539,Student,4,5302,4.736863
1539,Student,5,5298,4.7200856
1539,Student,6,5194,4.5005093
1539,Student,7,5201,4.4967837
1539,Student,8,5101,4.4932733
1539,Student,9,5427,4.49204
1539,Student,10,5203,4.4913006
1540,Student,1,5306,4.757951
1540,Student,2,5300,4.747819
1540,Student,3,5303,4.7449784
1540,Student,4,5302,4.735776
1540,Student,5,5298,4.718953
1540,Student,6,5194,4.4999294
1540,Student,7,5201,4.4962215
1540,Student,8,5052,4.4913483
1540,Student,9,5203,4.490675
1540,Student,10,5427,4.4905643
1544,Student,1,5306,4.7606187
1544,Student,2,5300,4.7505865
1544,Student,3,5303,4.747452
1544,Student,4,5302,4.738369
1544,Student,5,5298,4.721557
1544,Student,6,5194,4.500306
1544,Student,7,5201,4.49671
1544,Student,8,5427,4.4936776
1544,Student,9,5101,4.493369
1544,Student,10,5052,4.4929867
1546,Student,1,5306,4.7615185
1546,Student,2,5300,4.7515664
1546,Student,3,5303,4.748264
1546,Student,4,5302,4.7392044
1546,Student,5,5298,4.722424
1546,Student,6,5194,4.501068
1546,Student,7,5201,4.497312
1546,Student,8,5101,4.4947834
1546,Student,9,5427,4.4947667
1546,Student,10,5052,4.494185
1551,Student,1,5306,4.7622833
1551,Student,2,5300,4.7522135
1551,Student,3,5303,4.7490587
1551,Student,4,5302,4.7400584
1551,Student,5,5298,4.723384
1551,Student,6,5194,4.498657
1551,Student,7,5427,4.496208
1551,Student,8,5201,4.495918
1551,Student,9,5052,4.491784
1551,Student,10,5203,4.4906197
1553,Student,1,5306,4.761589
1553,Student,2,5300,4.7516203
1553,Student,3,5303,4.7483225
1553,Student,4,5302,4.739253
1553,Student,5,5298,4.72251
1553,Student,6,5194,4.501083
1553,Student,7,5201,4.4973993
1553,Student,8,5101,4.4952345
1553,Student,9,5427,4.494975
1553,Student,10,5052,4.4945955
1568,Student,1,5306,4.758997
1568,Student,2,5300,4.7487907
1568,Student,3,5303,4.7460203
1568,Student,4,5302,4.736901
1568,Student,5,5298,4.7201004
1568,Student,6,5194,4.4980364
1568,Student,7,5201,4.4950953
1568,Student,8,5427,4.492001
1568,Student,9,5203,4.489662
1568,Student,10,5052,4.489607
1599,Student,1,5306,4.7584157
1599,Student,2,5300,4.748267
1599,Student,3,5303,4.745469
1599,Student,4,5302,4.736348
1599,Student,5,5298,4.7194147
1599,Student,6,5194,4.4987226
1599,Student,7,5201,4.495284
1599,Student,8,5427,4.4908123
1599,Student,9,5203,4.489766
1599,Student,10,5101,4.488972
1600,Student,1,5306,4.759006
1600,Student,2,5300,4.7488875
1600,Student,3,5303,4.74594
1600,Student,4,5302,4.7367506
1600,Student,5,5298,4.7200356
1600,Student,6,5194,4.5001707
1600,Student,7,5201,4.4966497
1600,Student,8,5052,4.4927406
1600,Student,9,5101,4.4926805
1600,Student,10,5427,4.492126
1604,Student,1,5306,4.7570944
1604,Student,2,5300,4.7469234
1604,Student,3,5303,4.7441607
1604,Student,4,5302,4.734908
1604,Student,5,5298,4.7180557
1604,Student,6,5194,4.5003166
1604,Student,7,5201,4.4964013
1604,Student,8,5101,4.492429
1604,Student,9,5052,4.491952
1604,Student,10,5203,4.4908557
1606,Student,1,5306,4.7599177
1606,Student,2,5300,4.7498345
1606,Student,3,5303,4.746849
1606,Student,4,5302,4.737769
1606,Student,5,5298,4.720934
1606,Student,6,5194,4.4991198
1606,Student,7,5201,4.4958067
1606,Student,8,5427,4.4928365
1606,Student,9,5052,4.4906845
1606,Student,10,5203,4.4903355
1609,Student,1,5306,4.7600946
1609,Student,2,5300,4.7499504
1609,Student,3,5303,4.7470512
1609,Student,4,5302,4.738
1609,Student,5,5298,4.7211666
1609,Student,6,5194,4.4980545
1609,Student,7,5201,4.495121
1609,Student,8,5427,4.4931574
1609,Student,9,5203,4.4897118
1609,Student,10,5101,4.4886947
1610,Student,1,5306,4.762166
1610,Student,2,5300,4.7522697
1610,Student,3,5303,4.748866
1610,Student,4,5302,4.7398453
1610,Student,5,5298,4.723037
1610,Student,6,5194,4.501318
1610,Student,7,5201,4.497466
1610,Student,8,5427,4.4954042
1610,Student,9,5052,4.4944015
1610,Student,10,5203,4.4920483
1615,Student,1,5306,4.7583265
1615,Student,2,5300,4.7482233
1615,Student,3,5303,4.7452793
1615,Student,4,5302,4.7360497
1615,Student,5,5298,4.7192917
1615,Student,6,5194,4.500959
1615,Student,7,5201,4.4970565
1615,Student,8,5101,4.4940033
1615,Student,9,5052,4.4934826
1615,Student,10,5203,4.491543
1616,Student,1,5306,4.7565947
1616,Student,2,5300,4.746392
1616,Student,3,5303,4.743743
1616,Student,4,5302,4.734511
1616,Student,5,5298,4.717593
1616,Student,6,5194,4.4993095
1616,Student,7,5201,4.4955683
1616,Student,8,5203,4.4899836
1616,Student,9,5052,4.489831
1616,Student,10,5427,4.488734
1621,Student,1,5306,4.76057
1621,Student,2,5300,4.7505455
1621,Student,3,5303,4.7474036
1621,Student,4,5302,4.738307
1621,Student,5,5298,4.7215443
1621,Student,6,5194,4.5003467
1621,Student,7,5201,4.496792
1621,Student,8,5427,4.493762
1621,Student,9,5101,4.4930553
1621,Student,10,5052,4.4929833
1623,Student,1,5306,4.75807
1623,Student,2,5300,4.747913
1623,Student,3,5303,4.745099
1623,Student,4,5302,4.7359066
1623,Student,5,5298,4.7190847
1623,Student,6,5194,4.4995923
1623,Student,7,5201,4.496023
1623,Student,8,5052,4.4911537
1623,Student,9,5101,4.4909945
1623,Student,10,5427,4.4907293
1632,Student,1,5306,4.759513
1632,Student,2,5300,4.749424
1632,Student,3,5303,4.7464457
1632,Student,4,5302,4.7373443
1632,Student,5,5298,4.720439
1632,Student,6,5194,4.499779
1632,Student,7,5201,4.4961395
1632,Student,8,5427,4.4921365
1632,Student,9,5101,4.492058
1632,Student,10,5052,4.4916625
1638,Student,1,5306,4.759754
1638,Student,2,5300,4.749655
1638,Student,3,5303,4.746669
1638,Student,4,5302,4.7375464
1638,Student,5,5298,4.720784
1638,Student,6,5194,4.4995584
1638,Student,7,5201,4.4962177
1638,Student,8,5427,4.4928694
1638,Student,9,5052,4.4917846
1638,Student,10,5101,4.4914556
1650,Student,1,5306,4.756885
1650,Student,2,5300,4.7467585
1650,Student,3,5303,4.743925
1650,Student,4,5302,4.7346325
1650,Student,5,5298,4.7178135
1650,Student,6,5194,4.5013323
1650,Student,7,5201,4.4971023
1650,Student,8,5101,4.4941187
1650,Student,9,5052,4.493279
1650,Student,10,5203,4.4915237
1652,Student,1,5306,4.761398
1652,Student,2,5300,4.7512755
1652,Student,3,5303,4.748272
1652,Student,4,5302,4.7392635
1652,Student,5,5298,4.722539
1652,Student,6,5194,4.497776
1652,Student,7,5201,4.495166
1652,Student,8,5427,4.4950876
1652,Student,9,5052,4.489958
1652,Student,10,5203,4.489836
1653,Student,1,5306,4.7629795
1653,Student,2,5300,4.7529945
1653,Student,3,5303,4.74966
1653,Student,4,5302,4.7406797
1653,Student,5,5298,4.723939
1653,Student,6,5194,4.5
1653,Student,7,5201,4.496814
1653,Student,8,5427,4.496677
1653,Student,9,5101,4.4941754
1653,Student,10,5052,4.493856
1655,Student,1,5306,4.7605543
1655,Student,2,5300,4.7504797
1655,Student,3,5303,4.7474065
1655,Student,4,5302,4.738322
1655,Student,5,5298,4.721537
1655,Student,6,5194,4.4997835
1655,Student,7,5201,4.496415
1655,Student,8,5427,4.4937305
1655,Student,9,5101,4.49267
1655,Student,10,5052,4.4925423
1656,Student,1,5306,4.7595577
1656,Student,2,5300,4.7494593
1656,Student,3,5303,4.7464404
1656,Student,4,5302,4.7372713
1656,Student,5,5298,4.720544
1656,Student,6,5194,4.5005
1656,Student,7,5201,4.4969115
1656,Student,8,5101,4.493966
1656,Student,9,5052,4.493579
1656,Student,10,5427,4.4927263
1657,Student,1,5306,4.762235
1657,Student,2,5300,4.752349
1657,Student,3,5303,4.748948
1657,Student,4,5302,4.7399435
1657,Student,5,5298,4.723131
1657,Student,6,5194,4.5009913
1657,Student,7,5201,4.497225
1657,Student,8,5427,4.495467
1657,Student,9,5101,4.493913
1657,Student,10,5052,4.493611
1660,Student,1,5306,4.759099
1660,Student,2,5300,4.748932
1660,Student,3,5303,4.746071
1660,Student,4,5302,4.7369323
1660,Student,5,5298,4.720116
1660,Student,6,5194,4.499152
1660,Student,7,5201,4.4958525
1660,Student,8,5427,4.491993
1660,Student,9,5052,4.4913354
1660,Student,10,5203,4.4904184
1663,Student,1,5306,4.760541
1663,Student,2,5300,4.750516
1663,Student,3,5303,4.7473726
1663,Student,4,5302,4.738269
1663,Student,5,5298,4.7215242
1663,Student,6,5194,4.5003905
1663,Student,7,5201,4.496843
1663,Student,8,5427,4.493779
1663,Student,9,5101,4.4930964
1663,Student,10,5203,4.4913926
1664,Student,1,5306,4.759199
1664,Student,2,5300,4.7491755
1664,Student,3,5303,4.7460957
1664,Student,4,5302,4.7369313
1664,Student,5,5298,4.7201004
1664,Student,6,5194,4.501198
1664,Student,7,5201,4.4971466
1664,Student,8,5101,4.4941072
1664,Student,9,5052,4.493426
1664,Student,10,5427,4.4919357
1669,Student,1,5306,4.7594714
1669,Student,2,5300,4.749403
1669,Student,3,5303,4.746401
1669,Student,4,5302,4.737276
1669,Student,5,5298,4.7204585
1669,Student,6,5194,4.4998984
1669,Student,7,5201,4.496316
1669,Student,8,5427,4.492331
1669,Student,9,5203,4.4908175
1669,Student,10,5214,4.4866114
1681,Student,1,5306,4.7624474
1681,Student,2,5300,4.752454
1681,Student,3,5303,4.749151
1681,Student,4,5302,4.740127
1681,Student,5,5298,4.7234325
1681,Student,6,5194,4.5002365
1681,Student,7,5201,4.4969935
1681,Student,8,5427,4.4961834
1681,Student,9,5101,4.49423
1681,Student,10,5203,4.4916573
1682,Student,1,5306,4.7596464
1682,Student,2,5300,4.7494926
1682,Student,3,5303,4.746599
1682,Student,4,5302,4.7374763
1682,Student,5,5298,4.7207675
1682,Student,6,5194,4.4986324
1682,Student,7,5201,4.495664
1682,Student,8,5427,4.4929914
1682,Student,9,5052,4.490691
1682,Student,10,5203,4.490227
1683,Student,1,5306,4.756206
1683,Student,2,5300,4.745943
1683,Student,3,5303,4.74339
1683,Student,4,5302,4.734131
1683,Student,5,5298,4.7172613
1683,Student,6,5194,4.498853
1683,Student,7,5201,4.4953265
1683,Student,8,5203,4.4897556
1683,Student,9,5052,4.489546
1683,Student,10,5101,4.489127
1684,Student,1,5306,4.7605367
1684,Student,2,5300,4.750566
1684,Student,3,5303,4.7473364
1684,Student,4,5302,4.7382274
1684,Student,5,5298,4.721424
1684,Student,6,5194,4.5013733
1684,Student,7,5201,4.497407
1684,Student,8,5101,4.494995
1684,Student,9,5052,4.494212
1684,Student,10,5427,4.493555
1688,Student,1,5306,4.7590876
1688,Student,2,5300,4.748947
1688,Student,3,5303,4.7460537
1688,Student,4,5302,4.7369
1688,Student,5,5298,4.720145
1688,Student,6,5194,4.499322
1688,Student,7,5201,4.496026
1688,Student,8,5427,4.492139
1688,Student,9,5052,4.4913425
1688,Student,10,5101,4.4908504
1695,Student,1,5306,4.760445
1695,Student,2,5300,4.7504673
1695,Student,3,5303,4.747307
1695,Student,4,5302,4.738249
1695,Student,5,5298,4.7213526
1695,Student,6,5194,4.500329
1695,Student,7,5201,4.496531
1695,Student,8,5427,4.4931746
1695,Student,9,5101,4.4921017
1695,Student,10,5052,4.4919333
1704,Student,1,5306,4.759546
1704,Student,2,5300,4.7495265
1704,Student,3,5303,4.7464705
1704,Student,4,5302,4.737352
1704,Student,5,5298,4.7205353
1704,Student,6,5194,4.500103
1704,Student,7,5201,4.4964166
1704,Student,8,5427,4.492379
1704,Student,9,5052,4.4914217
1704,Student,10,5101,4.4909773
1705,Student,1,5306,4.761529
1705,Student,2,5300,4.75158
1705,Student,3,5303,4.748308
1705,Student,4,5302,4.739285
1705,Student,5,5298,4.7224445
1705,Student,6,5194,4.500446
1705,Student,7,5201,4.496784
1705,Student,8,5427,4.494601
1705,Student,9,5101,4.4929724
1705,Student,10,5052,4.4927683
1719,Student,1,5306,4.7598896
1719,Student,2,5300,4.7497945
1719,Student,3,5303,4.746806
1719,Student,4,5302,4.737707
1719,Student,5,5298,4.7208986
1719,Student,6,5194,4.499398
1719,Student,7,5201,4.4960513
1719,Student,8,5427,4.4928904
1719,Student,9,5052,4.4914417
1719,Student,10,5101,4.4911876
1720,Student,1,5306,4.7623053
1720,Student,2,5300,4.7523527
1720,Student,3,5303,4.749009
1720,Student,4,5302,4.7399826
1720,Student,5,5298,4.7232533
1720,Student,6,5194,4.5006757
1720,Student,7,5201,4.4971943
1720,Student,8,5427,4.495858
1720,Student,9,5101,4.49446
1720,Student,10,5052,4.494159
1724,Student,1,5306,4.7589836
1724,Student,2,5300,4.7488203
1724,Student,3,5303,4.745981
1724,Student,4,5302,4.7368565
1724,Student,5,5298,4.72001
1724,Student,6,5194,4.4988365
1724,Student,7,5201,4.495569
1724,Student,8,5427,4.491768
1724,Student,9,5101,4.490166
1724,Student,10,5203,4.4901114
1729,Student,1,5306,4.7613177
1729,Student,2,5300,4.7513437
1729,Student,3,5303,4.748086
1729,Student,4,5302,4.7390265
1729,Student,5,5298,4.7222233
1729,Student,6,5194,4.5008373
1729,Student,7,5201,4.4971175
1729,Student,8,5427,4.4944806
1729,Student,9,5101,4.494439
1729,Student,10,5052,4.4938293
1732,Student,1,5306,4.760147
1732,Student,2,5300,4.7501626
1732,Student,3,5303,4.747015
1732,Student,4,5302,4.737942
1732,Student,5,5298,4.7210093
1732,Student,6,5194,4.5006537
1732,Student,7,5201,4.496688
1732,Student,8,5101,4.4930124
1732,Student,9,5427,4.4927225
1732,Student,10,5052,4.492382
1735,Student,1,5306,4.7607474
1735,Student,2,5300,4.7507057
1735,Student,3,5303,4.7475495
1735,Student,4,5302,4.7384334
1735,Student,5,5298,4.7217336
1735,Student,6,5194,4.5005755
1735,Student,7,5201,4.497079
1735,Student,8,5101,4.494244
1735,Student,9,5427,4.494173
1735,Student,10,5052,4.493966
1738,Student,1,5306,4.75934
1738,Student,2,5300,4.7491994
1738,Student,3,5303,4.7463217
1738,Student,4,5302,4.737218
1738,Student,5,5298,4.7203865
1738,Student,6,5194,4.498684
1738,Student,7,5201,4.4954977
1738,Student,8,5427,4.492222
1738,Student,9,5052,4.4901743
1738,Student,10,5203,4.4900303
1739,Student,1,5306,4.7564316
1739,Student,2,5300,4.7461944
1739,Student,3,5303,4.743642
1739,Student,4,5302,4.734456
1739,Student,5,5298,4.717436
1739,Student,6,5194,4.49821
1739,Student,7,5201,4.494662
1739,Student,8,5203,4.4890766
1739,Student,9,5427,4.4882717
1739,Student,10,5052,4.487869
1743,Student,1,5306,4.7608404
1743,Student,2,5300,4.750869
1743,Student,3,5303,4.7476277
1743,Student,4,5302,4.738534
1743,Student,5,5298,4.721751
1743,Student,6,5194,4.5011396
1743,Student,7,5201,4.4973025
1743,Student,8,5101,4.494619
1743,Student,9,5052,4.4940357
1743,Student,10,5427,4.4939733
1750,Student,1,5306,4.761114
1750,Student,2,5300,4.7511196
1750,Student,3,5303,4.747883
1750,Student,4,5302,4.738797
1750,Student,5,5298,4.722028
1750,Student,6,5194,4.500987
1750,Student,7,5201,4.497268
1750,Student,8,5101,4.4950304
1750,Student,9,5427,4.4943547
1750,Student,10,5052,4.4943123
1751,Student,1,5306,4.7600803
1751,Student,2,5300,4.750061
1751,Student,3,5303,4.7469225
1751,Student,4,5302,4.7377806
1751,Student,5,5298,4.721049
1751,Student,6,5194,4.5008984
1751,Student,7,5201,4.497163
1751,Student,8,5101,4.493887
1751,Student,9,5052,4.493659
1751,Student,10,5427,4.4932637
1752,Student,1,5306,4.7612247
1752,Student,2,5300,4.7511806
1752,Student,3,5303,4.7480783
1752,Student,4,5302,4.739067
1752,Student,5,5298,4.7222366
1752,Student,6,5194,4.498926
1752,Student,7,5201,4.495786
1752,Student,8,5427,4.4943867
1752,Student,9,5052,4.4908767
1752,Student,10,5203,4.4903727
1754,Student,1,5306,4.7597494
1754,Student,2,5300,4.7496057
1754,Student,3,5303,4.746675
1754,Student,4,5302,4.737548
1754,Student,5,5298,4.720825
1754,Student,6,5194,4.499093
1754,Student,7,5201,4.495988
1754,Student,8,5427,4.493041
1754,Student,9,5052,4.491565
1754,Student,10,5101,4.491019
1760,Student,1,5306,4.759437
1760,Student,2,5300,4.74939
1760,Student,3,5303,4.746343
1760,Student,4,5302,4.7372103
1760,Student,5,5298,4.720351
1760,Student,6,5194,4.5005813
1760,Student,7,5201,4.4967203
1760,Student,8,5101,4.493188
1760,Student,9,5052,4.492664
1760,Student,10,5427,4.4921474
1766,Student,1,5306,4.762138
1766,Student,2,5300,4.752158
1766,Student,3,5303,4.748852
1766,Student,4,5302,4.7398233
1766,Student,5,5298,4.723058
1766,Student,6,5194,4.500636
1766,Student,7,5201,4.4971285
1766,Student,8,5427,4.495578
1766,Student,9,5101,4.4949408
1766,Student,10,5052,4.4942904
1774,Student,1,5306,4.7598925
1774,Student,2,5300,4.7499027
1774,Student,3,5303,4.7467375
1774,Student,4,5302,4.7375956
1774,Student,5,5298,4.720808
1774,Student,6,5194,4.501305
1774,Student,7,5201,4.497325
1774,Student,8,5101,4.4943457
1774,Student,9,5052,4.4938087
1774,Student,10,5427,4.492855
1776,Student,1,5306,4.7572994
1776,Student,2,5300,4.747076
1776,Student,3,5303,4.7444086
1776,Student,4,5302,4.7351813
1776,Student,5,5298,4.718418
1776,Student,6,5194,4.498741
1776,Student,7,5201,4.4954796
1776,Student,8,5427,4.490063
1776,Student,9,5203,4.4899282
1776,Student,10,5101,4.488866
1777,Student,1,5306,4.7593193
1777,Student,2,5300,4.7491546
1777,Student,3,5303,4.746296
1777,Student,4,5302,4.7371693
1777,Student,5,5298,4.7204103
1777,Student,6,5194,4.498638
1777,Student,7,5201,4.4955826
1777,Student,8,5427,4.4924483
1777,Student,9,5203,4.4901342
1777,Student,10,5101,4.489714
1796,Student,1,5306,4.758131
1796,Student,2,5300,4.7479587
1796,Student,3,5303,4.7451887
1796,Student,4,5302,4.7360287
1796,Student,5,5298,4.719165
1796,Student,6,5194,4.498886
1796,Student,7,5201,4.4954886
1796,Student,8,5427,4.4907026
1796,Student,9,5203,4.489971
1796,Student,10,5052,4.4899597
1797,Student,1,5306,4.7575865
1797,Student,2,5300,4.747411
1797,Student,3,5303,4.7446017
1797,Student,4,5302,4.735326
1797,Student,5,5298,4.7186346
1797,Student,6,5194,4.5004077
1797,Student,7,5201,4.496744
1797,Student,8,5101,4.4929204
1797,Student,9,5203,4.4912205
1797,Student,10,5427,4.490555
1808,Student,1,5306,4.761775
1808,Student,2,5300,4.7517347
1808,Student,3,5303,4.748582
1808,Student,4,5302,4.7396007
1808,Student,5,5298,4.7227216
1808,Student,6,5194,4.499132
1808,Student,7,5201,4.4959283
1808,Student,8,5427,4.4948864
1808,Student,9,5101,4.491803
1808,Student,10,5052,4.491678
1813,Student,1,5306,4.7593913
1813,Student,2,5300,4.7493896
1813,Student,3,5303,4.746265
1813,Student,4,5302,4.7370977
1813,Student,5,5298,4.720299
1813,Student,6,5194,4.501435
1813,Student,7,5201,4.4973574
1813,Student,8,5101,4.49444
1813,Student,9,5427,4.492241
1813,Student,10,5203,4.491835
1814,Student,1,5306,4.7582417
1814,Student,2,5300,4.7480445
1814,Student,3,5303,4.745297
1814,Student,4,5302,4.736128
1814,Student,5,5298,4.719337
1814,Student,6,5194,4.498555
1814,Student,7,5201,4.4953947
1814,Student,8,5427,4.4910884
1814,Student,9,5203,4.489892
1814,Student,10,5052,4.4898815
1817,Student,1,5306,4.763357
1817,Student,2,5300,4.7534475
1817,Student,3,5303,4.7499733
1817,Student,4,5302,4.7409697
1817,Student,5,5298,4.7243247
1817,Student,6,5194,4.5009885
1817,Student,7,5201,4.497608
1817,Student,8,5427,4.497328
1817,Student,9,5101,4.495453
1817,Student,10,5052,4.4952145
1822,Student,1,5306,4.7573495
1822,Student,2,5300,4.7471747
1822,Student,3,5303,4.7444305
1822,Student,4,5302,4.7351904
1822,Student,5,5298,4.7184343
1822,Student,6,5194,4.4994755
1822,Student,7,5201,4.4959626
1822,Student,8,5052,4.490647
1822,Student,9,5203,4.490384
1822,Student,10,5427,4.4900866
1829,Student,1,5306,4.760624
1829,Student,2,5300,4.7505875
1829,Student,3,5303,4.7474585
1829,Student,4,5302,4.738362
1829,Student,5,5298,4.721624
1829,Student,6,5194,4.5001497
1829,Student,7,5201,4.4967036
1829,Student,8,5427,4.4939137
1829,Student,9,5052,4.492833
1829,Student,10,5101,4.4927263
1836,Student,1,5306,4.7556543
1836,Student,2,5300,4.7453814
1836,Student,3,5303,4.7428493
1836,Student,4,5302,4.7335186
1836,Student,5,5298,4.7167797
1836,Student,6,5194,4.4992867
1836,Student,7,5201,4.495757
1836,Student,8,5052,4.490288
1836,Student,9,5203,4.4901443
1836,Student,10,5101,4.4895344
1840,Student,1,5306,4.7599497
1840,Student,2,5300,4.7498946
1840,Student,3,5303,4.74685
1840,Student,4,5302,4.7377415
1840,Student,5,5298,4.7209644
1840,Student,6,5194,4.499784
1840,Student,7,5201,4.496331
1840,Student,8,5427,4.4930124
1840,Student,9,5052,4.4917355
1840,Student,10,5101,4.491335
1849,Student,1,5306,4.757491
1849,Student,2,5300,4.747284
1849,Student,3,5303,4.7445683
1849,Student,4,5302,4.7353544
1849,Student,5,5298,4.718513
1849,Student,6,5194,4.499305
1849,Student,7,5201,4.4957786
1849,Student,8,5052,4.490779
1849,Student,9,5203,4.4902654
1849,Student,10,5427,4.4900293
1855,Student,1,5306,4.7597303
1855,Student,2,5300,4.7496023
1855,Student,3,5303,4.7466607
1855,Student,4,5302,4.737541
1855,Student,5,5298,4.7207923
1855,Student,6,5194,4.499131
1855,Student,7,5201,4.495962
1855,Student,8,5427,4.4929204
1855,Student,9,5052,4.491347
1855,Student,10,5101,4.490799
1859,Student,1,5306,4.7610765
1859,Student,2,5300,4.7510266
1859,Student,3,5303,4.7479215
1859,Student,4,5302,4.7388887
1859,Student,5,5298,4.722069
1859,Student,6,5194,4.4992847
1859,Student,7,5201,4.4960465
1859,Student,8,5427,4.4942365
1859,Student,9,5052,4.4915752
1859,Student,10,5203,4.4906416
1863,Student,1,5306,4.75806
1863,Student,2,5300,4.747963
1863,Student,3,5303,4.74508
1863,Student,4,5302,4.735861
1863,Student,5,5298,4.719157
1863,Student,6,5194,4.499899
1863,Student,7,5201,4.496333
1863,Student,8,5052,4.4910684
1863,Student,9,5427,4.4910183
1863,Student,10,5203,4.4907236
1867,Student,1,5306,4.7599907
1867,Student,2,5300,4.74998
1867,Student,3,5303,4.7468305
1867,Student,4,5302,4.737693
1867,Student,5,5298,4.720903
1867,Student,6,5194,4.5011806
1867,Student,7,5201,4.4972653
1867,Student,8,5101,4.4946327
1867,Student,9,5052,4.49395
1867,Student,10,5427,4.492977
1868,Student,1,5306,4.760396
1868,Student,2,5300,4.750299
1868,Student,3,5303,4.7472677
1868,Student,4,5302,4.738181
1868,Student,5,5298,4.721393
1868,Student,6,5194,4.499519
1868,Student,7,5201,4.4962277
1868,Student,8,5427,4.493557
1868,Student,9,5101,4.4922314
1868,Student,10,5052,4.4922037
1870,Student,1,5306,4.7585106
1870,Student,2,5300,4.7483325
1870,Student,3,5303,4.7455387
1870,Student,4,5302,4.736378
1870,Student,5,5298,4.719585
1870,Student,6,5194,4.498802
1870,Student,7,5201,4.495577
1870,Student,8,5427,4.491379
1870,Student,9,5203,4.4900846
1870,Student,10,5101,4.4896092
1875,Student,1,5306,4.762427
1875,Student,2,5300,4.7524548
1875,Student,3,5303,4.7491655
1875,Student,4,5302,4.7401757
1875,Student,5,5298,4.723428
1875,Student,6,5194,4.4997063
1875,Student,7,5201,4.496517
1875,Student,8,5427,4.4959917
1875,Student,9,5052,4.492546
1875,Student,10,5203,4.4911356
1881,Student,1,5306,4.7608685
1881,Student,2,5300,4.750866
1881,Student,3,5303,4.7477098
1881,Student,4,5302,4.73867
1881,Student,5,5298,4.721796
1881,Student,6,5194,4.4999695
1881,Student,7,5201,4.4963818
1881,Student,8,5427,4.493767
1881,Student,9,5101,4.492121
1881,Student,10,5052,4.4919815
1885,Student,1,5306,4.759077
1885,Student,2,5300,4.7489448
1885,Student,3,5303,4.746042
1885,Student,4,5302,4.7368917
1885,Student,5,5298,4.720112
1885,Student,6,5194,4.499438
1885,Student,7,5201,4.4960628
1885,Student,8,5427,4.492038
1885,Student,9,5052,4.491406
1885,Student,10,5101,4.4910684
1889,Student,1,5306,4.7608395
1889,Student,2,5300,4.7508097
1889,Student,3,5303,4.747633
1889,Student,4,5302,4.7385178
1889,Student,5,5298,4.7218323
1889,Student,6,5194,4.500643
1889,Student,7,5201,4.4971447
1889,Student,8,5427,4.494316
1889,Student,9,5101,4.4942236
1889,Student,10,5203,4.4917293
1892,Student,1,5306,4.758712
1892,Student,2,5300,4.7486043
1892,Student,3,5303,4.7456694
1892,Student,4,5302,4.736476
1892,Student,5,5298,4.719729
1892,Student,6,5194,4.500222
1892,Student,7,5201,4.4965954
1892,Student,8,5052,4.4923677
1892,Student,9,5101,4.4922657
1892,Student,10,5427,4.4916697
1893,Student,1,5306,4.7551417
1893,Student,2,5300,4.7447896
1893,Student,3,5303,4.7424073
1893,Student,4,5302,4.733104
1893,Student,5,5298,4.7162004
1893,Student,6,5194,4.4984784
1893,Student,7,5201,4.494984
1893,Student,8,5203,4.4894276
1893,Student,9,5052,4.4891653
1893,Student,10,5427,4.487181
1895,Student,1,5306,4.7613564
1895,Student,2,5300,4.751377
1895,Student,3,5303,4.748123
1895,Student,4,5302,4.7390647
1895,Student,5,5298,4.722266
1895,Student,6,5194,4.500779
1895,Student,7,5201,4.497092
1895,Student,8,5427,4.4945436
1895,Student,9,5101,4.4944196
1895,Student,10,5052,4.493826
1901,Student,1,5306,4.76113
1901,Student,2,5300,4.7510824
1901,Student,3,5303,4.747949
1901,Student,4,5302,4.738883
1901,Student,5,5298,4.722163
1901,Student,6,5194,4.4996285
1901,Student,7,5201,4.4964323
1901,Student,8,5427,4.4945974
1901,Student,9,5052,4.4924254
1901,Student,10,5203,4.491025
1904,Student,1,5306,4.7633543
1904,Student,2,5300,4.753461
1904,Student,3,5303,4.7499995
1904,Student,4,5302,4.741049
1904,Student,5,5298,4.7242517
1904,Student,6,5194,4.500655
1904,Student,7,5201,4.4971437
1904,Student,8,5427,4.496852
1904,Student,9,5101,4.494521
1904,Student,10,5052,4.494047
1907,Student,1,5306,4.7610435
1907,Student,2,5300,4.751111
1907,Student,3,5303,4.747836
1907,Student,4,5302,4.7387676
1907,Student,5,5298,4.721982
1907,Student,6,5194,4.5009017
1907,Student,7,5201,4.497108
1907,Student,8,5427,4.4941716
1907,Student,9,5052,4.4931145
1907,Student,10,5203,4.4916115
1914,Student,1,5306,4.758795
1914,Student,2,5300,4.748631
1914,Student,3,5303,4.745774
1914,Student,4,5302,4.736601
1914,Student,5,5298,4.719838
1914,Student,6,5194,4.4994307
1914,Student,7,5201,4.4960837
1914,Student,8,5427,4.491783
1914,Student,9,5101,4.4914265
1914,Student,10,5203,4.49062
1926,Student,1,5306,4.75672
1926,Student,2,5300,4.746538
1926,Student,3,5303,4.743864
1926,Student,4,5302,4.734643
1926,Student,5,5298,4.717723
1926,Student,6,5194,4.499295
1926,Student,7,5201,4.4955482
1926,Student,8,5203,4.4899473
1926,Student,9,5052,4.489613
1926,Student,10,5101,4.489283
1927,Student,1,5306,4.759241
1927,Student,2,5300,4.749178
1927,Student,3,5303,4.7461634
1927,Student,4,5302,4.7370152
1927,Student,5,5298,4.7201877
1927,Student,6,5194,4.5004425
1927,Student,7,5201,4.4966574
1927,Student,8,5101,4.492797
1927,Student,9,5052,4.4924936
1927,Student,10,5427,4.49202
1932,Student,1,5306,4.7576113
1932,Student,2,5300,4.7474637
1932,Student,3,5303,4.744644
1932,Student,4,5302,4.7354097
1932,Student,5,5298,4.718605
1932,Student,6,5194,4.5002394
1932,Student,7,5201,4.4964447
1932,Student,8,5101,4.4920816
1932,Student,9,5203,4.4908996
1932,Student,10,5427,4.490227
1933,Student,1,5306,4.7591166
1933,Student,2,5300,4.748993
1933,Student,3,5303,4.7461023
1933,Student,4,5302,4.7369823
1933,Student,5,5298,4.720148
1933,Student,6,5194,4.499034
1933,Student,7,5201,4.4956975
1933,Student,8,5427,4.4919224
1933,Student,9,5203,4.490204
1933,Student,10,5101,4.4898577
1941,Student,1,5306,4.760954
1941,Student,2,5300,4.7508907
1941,Student,3,5303,4.747838
1941,Student,4,5302,4.738836
1941,Student,5,5298,4.721936
1941,Student,6,5194,4.4986944
1941,Student,7,5201,4.495517
1941,Student,8,5427,4.493873
1941,Student,9,5203,4.4901066
1941,Student,10,5101,4.4900055
1942,Student,1,5306,4.761312
1942,Student,2,5300,4.75126
1942,Student,3,5303,4.748122
1942,Student,4,5302,4.739065
1942,Student,5,5298,4.722355
1942,Student,6,5194,4.499497
1942,Student,7,5201,4.4963756
1942,Student,8,5427,4.494856
1942,Student,9,5101,4.4919653
1942,Student,10,5203,4.4909854
1943,Student,1,5306,4.7578707
1943,Student,2,5300,4.747685
1943,Student,3,5303,4.744902
1943,Student,4,5302,4.735673
1943,Student,5,5298,4.718932
1943,Student,6,5194,4.4996386
1943,Student,7,5201,4.4961743
1943,Student,8,5101,4.491308
1943,Student,9,5427,4.4907613
1943,Student,10,5203,4.4906616
1944,Student,1,5306,4.759174
1944,Student,2,5300,4.7490845
1944,Student,3,5303,4.7461185
1944,Student,4,5302,4.7369843
1944,Student,5,5298,4.7201214
1944,Student,6,5194,4.5000095
1944,Student,7,5201,4.4963217
1944,Student,8,5052,4.4918957
1944,Student,9,5427,4.4918585
1944,Student,10,5203,4.49084
1955,Student,1,5306,4.757297
1955,Student,2,5300,4.747101
1955,Student,3,5303,4.744385
1955,Student,4,5302,4.7351546
1955,Student,5,5298,4.7183437
1955,Student,6,5194,4.499388
1955,Student,7,5201,4.4958434
1955,Student,8,5052,4.4906635
1955,Student,9,5101,4.490304
1955,Student,10,5203,4.4902954
1962,Student,1,5306,4.7599177
1962,Student,2,5300,4.749745
1962,Student,3,5303,4.7468557
1962,Student,4,5302,4.7377567
1962,Student,5,5298,4.721001
1962,Student,6,5194,4.498503
1962,Student,7,5201,4.495558
1962,Student,8,5427,4.4931965
1962,Student,9,5052,4.4908767
1962,Student,10,5101,4.4902544
1969,Student,1,5306,4.760851
1969,Student,2,5300,4.750867
1969,Student,3,5303,4.7476263
1969,Student,4,5302,4.738511
1969,Student,5,5298,4.7217903
1969,Student,6,5194,4.5012493
1969,Student,7,5201,4.497479
1969,Student,8,5101,4.4950743
1969,Student,9,5052,4.494549
1969,Student,10,5427,4.4941783
1971,Student,1,5306,4.7604494
1971,Student,2,5300,4.750431
1971,Student,3,5303,4.7472696
1971,Student,4,5302,4.7381597
1971,Student,5,5298,4.7213697
1971,Student,6,5194,4.500866
1971,Student,7,5201,4.497103
1971,Student,8,5101,4.494457
1971,Student,9,5052,4.4938135
1971,Student,10,5427,4.4935274
1972,Student,1,5306,4.757638
1972,Student,2,5300,4.747526
1972,Student,3,5303,4.744656
1972,Student,4,5302,4.735425
1972,Student,5,5298,4.7185783
1972,Student,6,5194,4.5007296
1972,Student,7,5201,4.496704
1972,Student,8,5101,4.49288
1972,Student,9,5052,4.4923882
1972,Student,10,5203,4.491146
1981,Student,1,5306,4.760649
1981,Student,2,5300,4.750598
1981,Student,3,5303,4.7474813
1981,Student,4,5302,4.738388
1981,Student,5,5298,4.721628
1981,Student,6,5194,4.500135
1981,Student,7,5201,4.496683
1981,Student,8,5427,4.4938912
1981,Student,9,5101,4.493194
1981,Student,10,5052,4.493031
1985,Student,1,5306,4.7592363
1985,Student,2,5300,4.7492275
1985,Student,3,5303,4.7461333
1985,Student,4,5302,4.7369595
1985,Student,5,5298,4.720195
1985,Student,6,5194,4.5011177
1985,Student,7,5201,4.497165
1985,Student,8,5101,4.493288
1985,Student,9,5052,4.493164
1985,Student,10,5427,4.492161
1990,Student,1,5306,4.7605534
1990,Student,2,5300,4.7505603
1990,Student,3,5303,4.747392
1990,Student,4,5302,4.7383018
1990,Student,5,5298,4.7215304
1990,Student,6,5194,4.5004053
1990,Student,7,5201,4.4967833
1990,Student,8,5427,4.493686
1990,Student,9,5052,4.4926043
1990,Student,10,5101,4.4924417
